<?xml version="1.0" encoding="utf-8"?>
<COLLADA xmlns="http://www.collada.org/2005/11/COLLADASchema" version="1.4.1">
  <asset>
    <contributor>
      <author/>
      <authoring_tool>FBX COLLADA exporter</authoring_tool>
      <comments/>
    </contributor>
    <created>2022-05-27T19:05:42Z</created>
    <keywords/>
    <modified>2022-05-27T19:05:42Z</modified>
    <revision/>
    <subject/>
    <title/>
    <unit meter="0.010000" name="centimeter"/>
    <up_axis>Z_UP</up_axis>
  </asset>
  <library_materials>
    <material id="FBXASC0481FBXASC032-FBXASC032Default" name="FBXASC0481FBXASC032-FBXASC032Default">
      <instance_effect url="#FBXASC0481FBXASC032-FBXASC032Default-fx"/>
    </material>
  </library_materials>
  <library_effects>
    <effect id="FBXASC0481FBXASC032-FBXASC032Default-fx" name="FBXASC0481FBXASC032-FBXASC032Default">
      <profile_COMMON>
        <technique sid="standard">
          <phong>
            <emission>
              <color sid="emission">0.000000  0.000000 0.000000 1.000000</color>
            </emission>
            <ambient>
              <color sid="ambient">0.588000  0.588000 0.588000 1.000000</color>
            </ambient>
            <diffuse>
              <color sid="diffuse">0.588000  0.588000 0.588000 1.000000</color>
            </diffuse>
            <specular>
              <color sid="specular">0.000000  0.000000 0.000000 1.000000</color>
            </specular>
            <shininess>
              <float sid="shininess">2.000000</float>
            </shininess>
            <reflective>
              <color sid="reflective">0.000000  0.000000 0.000000 1.000000</color>
            </reflective>
            <reflectivity>
              <float sid="reflectivity">1.000000</float>
            </reflectivity>
            <transparent opaque="RGB_ZERO">
              <color sid="transparent">1.000000  1.000000 1.000000 1.000000</color>
            </transparent>
            <transparency>
              <float sid="transparency">0.000000</float>
            </transparency>
          </phong>
        </technique>
      </profile_COMMON>
    </effect>
  </library_effects>
  <library_geometries>
    <geometry id="AmmCanLarge-lib" name="AmmCanLargeMesh">
      <mesh>
        <source id="AmmCanLarge-POSITION">
          <float_array id="AmmCanLarge-POSITION-array" count="4539">
13.842550 6.857550 16.620987
13.970000 6.475200 16.620987
13.955838 6.630972 16.620985
13.913356 6.758422 16.620987
13.460200 6.985000 16.620987
13.615972 6.970839 16.620985
13.743423 6.928356 16.620987
-13.842550 6.857550 16.620987
-13.460200 6.985000 16.620987
-13.615972 6.970839 16.620985
-13.743423 6.928356 16.620987
-13.970000 6.475200 16.620987
-13.955838 6.630972 16.620985
-13.913356 6.758422 16.620987
13.970000 0.000000 16.620987
-13.970000 6.475200 0.160000
-13.810000 6.475200 0.000000
-13.798177 6.597992 0.000000
-13.955838 6.630972 0.160000
-13.769175 6.685002 0.000000
-13.913356 6.758422 0.160000
-13.727853 6.742853 0.000000
-13.842550 6.857550 0.160000
-13.670002 6.784174 0.000000
-13.743423 6.928356 0.160000
-13.591014 6.851523 0.000000
-13.615972 6.970839 0.160000
-13.451246 6.886506 0.000000
-13.460200 6.985000 0.160000
13.460200 6.891090 0.000000
13.460200 6.985000 0.160000
13.591013 6.851523 0.000000
13.615972 6.970839 0.160000
13.670002 6.784174 0.000000
13.743423 6.928356 0.160000
13.727853 6.742853 0.000000
13.842550 6.857550 0.160000
13.769175 6.685002 0.000000
13.913356 6.758422 0.160000
13.798177 6.597992 0.000000
13.955838 6.630972 0.160000
13.810658 6.460713 0.000000
13.970000 6.475200 0.160000
-13.970000 0.000000 0.160000
13.810000 0.000000 0.000000
14.381974 0.588983 16.272900
14.362176 0.588983 16.199013
14.308086 0.588983 16.144924
14.234200 0.588983 16.125126
14.160313 0.588983 16.144924
14.106223 0.588983 16.199013
14.086425 0.588983 16.272900
14.106223 0.588983 16.346788
14.160313 0.588983 16.400877
14.234200 0.588983 16.420675
14.308086 0.588983 16.400877
14.362176 0.588983 16.346788
14.381974 6.511190 16.272902
14.362176 6.511190 16.199013
14.308086 6.511190 16.144924
14.234200 6.511190 16.125126
14.160313 6.511190 16.144924
14.106223 6.511190 16.199013
14.086425 6.511190 16.272900
14.106223 6.511190 16.346788
14.160313 6.511190 16.400877
14.234200 6.511190 16.420675
14.308086 6.511190 16.400877
14.362176 6.511190 16.346788
13.460200 -6.985000 0.160000
-13.460200 -6.985000 0.160000
-13.460200 -6.985000 16.620987
13.460200 -6.985000 16.620987
-13.970000 -6.475200 0.160000
-13.970000 0.000000 16.620987
-13.970000 -6.475200 16.620987
13.970000 -6.475200 16.620987
13.970000 -6.475200 0.160000
13.955838 -6.630972 0.160000
13.955838 -6.630972 16.620985
13.913356 -6.758422 0.160000
13.913356 -6.758422 16.620987
13.842550 -6.857550 0.160000
13.842550 -6.857550 16.620987
-13.615972 -6.970839 0.160000
-13.615972 -6.970839 16.620985
-13.743423 -6.928356 0.160000
-13.743423 -6.928356 16.620987
-13.842550 -6.857550 0.160000
-13.842550 -6.857550 16.620987
13.615972 -6.970839 16.620985
13.615972 -6.970839 0.160000
13.743423 -6.928356 16.620987
13.743423 -6.928356 0.160000
-13.955838 -6.630972 16.620985
-13.955838 -6.630972 0.160000
-13.913356 -6.758422 16.620987
-13.913356 -6.758422 0.160000
13.970000 0.000000 0.160000
-13.810000 -6.475200 0.000000
-13.798177 -6.597992 0.000000
0.000000 0.000000 0.000000
-13.769175 -6.685002 0.000000
-13.727853 -6.742853 0.000000
-13.670002 -6.784174 0.000000
-13.591014 -6.851523 0.000000
-13.451246 -6.886506 0.000000
13.460200 -6.891090 0.000000
13.591013 -6.851523 0.000000
13.670002 -6.784174 0.000000
13.727853 -6.742853 0.000000
13.769175 -6.685002 0.000000
13.798177 -6.597992 0.000000
13.810658 -6.460713 0.000000
-13.810000 0.000000 0.000000
14.381974 -0.588983 16.272900
14.362176 -0.588983 16.199013
14.362176 -6.511190 16.199013
14.381974 -6.511190 16.272902
14.308086 -0.588983 16.144924
14.308086 -6.511190 16.144924
14.234200 -0.588983 16.125126
14.234200 -6.511190 16.125126
14.160313 -0.588983 16.144924
14.160313 -6.511190 16.144924
14.106223 -0.588983 16.199013
14.106223 -6.511190 16.199013
14.086425 -0.588983 16.272900
14.086425 -6.511190 16.272900
14.106223 -0.588983 16.346788
14.106223 -6.511190 16.346788
14.160313 -0.588983 16.400877
14.160313 -6.511190 16.400877
14.234200 -0.588983 16.420675
14.234200 -6.511190 16.420675
14.308086 -0.588983 16.400877
14.308086 -6.511190 16.400877
14.362176 -0.588983 16.346788
14.362176 -6.511190 16.346788
14.459179 6.428497 16.272943
14.442052 6.428497 16.359047
14.393277 6.428497 16.432043
14.320282 6.428497 16.480816
14.234179 6.428497 16.497944
14.148075 6.428497 16.480816
14.075079 6.428497 16.432043
14.026305 6.428497 16.359047
14.009178 6.428497 16.272943
14.026306 6.428497 16.186840
14.320282 6.428497 16.065071
14.393277 6.428497 16.113844
14.442051 6.428497 16.186840
14.459179 0.918351 16.272943
14.459179 2.755054 16.272943
14.459179 4.591756 16.272943
14.442052 4.591757 16.359047
14.442052 2.755054 16.359047
14.442052 0.918352 16.359047
14.393277 4.591757 16.432043
14.393277 2.755054 16.432041
14.393277 0.918352 16.432041
14.320282 4.591757 16.480816
14.320282 2.755054 16.480816
14.320282 0.918352 16.480816
14.234179 4.591757 16.497944
14.234179 2.755054 16.497942
14.234179 0.918352 16.497942
14.148075 4.591757 16.480816
14.148075 2.755054 16.480816
14.148075 0.918352 16.480816
14.075079 4.591757 16.432043
14.075079 2.755054 16.432041
14.075079 0.918352 16.432041
14.026305 4.591757 16.359047
14.026305 2.755054 16.359047
14.026305 0.918352 16.359047
14.009178 4.591757 16.272943
14.009178 2.755054 16.272943
14.009178 0.918352 16.272942
14.026306 4.591757 16.186840
14.026306 2.755054 16.186838
14.026306 0.918352 16.186838
14.075080 4.591757 16.113844
14.075080 0.918352 16.113844
14.148075 4.591757 16.065071
14.148075 0.918352 16.065069
14.234179 4.591757 16.047943
14.234179 0.918352 16.047943
14.320282 4.591757 16.065071
14.320282 2.755054 16.065069
14.320282 0.918352 16.065069
14.393277 4.591757 16.113844
14.393277 2.755054 16.113844
14.393277 0.918352 16.113844
14.442051 4.591757 16.186838
14.442051 2.755054 16.186838
14.442051 0.918352 16.186838
14.234179 6.428497 16.272943
14.234179 4.591757 16.272943
14.234179 2.755055 16.272943
14.234179 0.918353 16.272942
14.075080 2.755077 16.113844
14.148075 2.755077 16.065069
14.234179 2.755077 16.047943
14.075080 6.428517 16.113844
14.148075 6.428517 16.065071
14.234179 6.428517 16.047943
13.975574 6.422014 16.122778
14.074171 6.422014 16.122778
14.026704 6.422015 16.272429
13.983582 6.422014 16.272429
13.975574 6.311791 15.068453
13.975574 6.422014 15.399120
13.975574 6.409767 15.264404
13.975574 6.373027 15.154181
13.975574 5.981123 14.958229
13.975574 6.115840 14.970476
13.975574 6.226062 15.007217
14.074171 6.311791 15.068452
14.074171 5.981123 14.958229
14.074171 6.115840 14.970476
14.074171 6.226062 15.007217
14.074171 6.422014 15.399120
14.074171 6.409767 15.264404
14.074171 6.373027 15.154181
13.975574 6.422014 15.857989
14.074171 6.422014 15.857989
14.074171 0.000000 15.857989
14.026704 4.583227 16.272429
14.026704 2.768888 16.272429
14.026704 0.901916 16.272429
13.975574 0.787283 16.122778
13.975574 2.885227 16.122778
13.975574 4.466887 16.122778
14.074171 0.787283 16.122778
14.074171 2.885227 16.122778
14.074171 4.466887 16.122778
13.983582 0.901916 16.272429
13.983582 2.768888 16.272429
13.983582 4.583227 16.272429
14.050437 6.422014 16.197603
13.979578 6.422014 16.197603
14.050437 4.583227 16.197603
14.050437 2.768888 16.197603
14.050437 0.901916 16.197603
13.979578 0.901916 16.197603
13.979578 2.768888 16.197603
13.979578 4.583227 16.197603
14.074171 3.972177 15.857989
14.074171 5.493469 15.857989
14.074171 5.736737 15.409142
14.074171 4.953962 15.418271
14.074171 0.000000 14.958229
13.975574 0.000000 14.958229
14.459179 -4.591756 16.272943
14.459179 -6.428497 16.272943
14.442052 -6.428497 16.359047
14.442052 -4.591757 16.359047
14.459179 -0.918351 16.272943
14.459179 -2.755054 16.272943
14.442052 -2.755054 16.359047
14.442052 -0.918352 16.359047
14.393277 -6.428497 16.432043
14.393277 -4.591757 16.432043
14.393277 -2.755054 16.432041
14.393277 -0.918352 16.432041
14.320282 -6.428497 16.480816
14.320282 -4.591757 16.480816
14.320282 -2.755054 16.480816
14.320282 -0.918352 16.480816
14.234179 -6.428497 16.497944
14.234179 -4.591757 16.497944
14.234179 -2.755054 16.497942
14.234179 -0.918352 16.497942
14.148075 -6.428497 16.480816
14.148075 -4.591757 16.480816
14.148075 -2.755054 16.480816
14.148075 -0.918352 16.480816
14.075079 -6.428497 16.432043
14.075079 -4.591757 16.432043
14.075079 -2.755054 16.432041
14.075079 -0.918352 16.432041
14.026305 -6.428497 16.359047
14.026305 -4.591757 16.359047
14.026305 -2.755054 16.359047
14.026305 -0.918352 16.359047
14.009178 -6.428497 16.272943
14.009178 -4.591757 16.272943
14.009178 -2.755054 16.272943
14.009178 -0.918352 16.272942
14.234179 -4.591757 16.047943
14.234179 -6.428517 16.047943
14.320282 -6.428497 16.065071
14.320282 -4.591757 16.065071
14.234179 -0.918352 16.047943
14.234179 -2.755077 16.047943
14.320282 -2.755054 16.065069
14.320282 -0.918352 16.065069
14.393277 -6.428497 16.113844
14.393277 -4.591757 16.113844
14.393277 -2.755054 16.113844
14.393277 -0.918352 16.113844
14.442051 -6.428497 16.186840
14.442051 -4.591757 16.186838
14.442051 -2.755054 16.186838
14.442051 -0.918352 16.186838
14.234179 -6.428497 16.272943
14.148075 -6.428517 16.065071
14.075080 -6.428517 16.113844
14.026306 -6.428497 16.186840
14.234179 -4.591757 16.272943
14.026306 -4.591757 16.186840
14.075080 -4.591757 16.113844
14.148075 -4.591757 16.065071
14.234179 -2.755055 16.272943
14.148075 -2.755077 16.065069
14.075080 -2.755077 16.113844
14.026306 -2.755054 16.186838
14.234179 -0.918353 16.272942
14.026306 -0.918352 16.186838
14.075080 -0.918352 16.113844
14.148075 -0.918352 16.065069
13.975574 -6.422014 15.399120
13.975574 -6.422014 15.857989
14.074171 -6.422014 15.857989
14.074171 -6.422014 15.399120
14.074171 -5.981123 14.958229
14.074171 -5.736737 15.409142
14.074171 -4.953962 15.418271
13.975574 -5.981123 14.958229
14.074171 -0.787283 16.122778
14.074171 -2.885227 16.122778
14.050437 -2.768888 16.197603
14.050437 -0.901916 16.197603
14.074171 -6.422014 16.122778
13.975574 -6.422014 16.122778
13.979578 -6.422014 16.197603
14.050437 -6.422014 16.197603
14.074171 -6.409767 15.264404
13.975574 -6.409767 15.264404
14.074171 -6.373027 15.154181
13.975574 -6.373027 15.154181
14.074171 -6.311791 15.068452
13.975574 -6.311791 15.068453
13.975574 -6.115840 14.970476
14.074171 -6.115840 14.970476
13.975574 -6.226062 15.007217
14.074171 -6.226062 15.007217
14.074171 -3.972177 15.857989
14.074171 -4.466887 16.122778
14.026704 -0.901916 16.272429
14.026704 -2.768888 16.272429
13.983582 -2.768888 16.272429
13.983582 -0.901916 16.272429
14.050437 -4.583227 16.197603
14.026704 -4.583227 16.272429
14.026704 -6.422015 16.272429
13.983582 -6.422014 16.272429
13.983582 -4.583227 16.272429
13.979578 -4.583227 16.197603
13.975574 -4.466887 16.122778
13.975574 -2.885227 16.122778
13.979578 -2.768888 16.197603
13.979578 -0.901916 16.197603
13.975574 -0.787283 16.122778
14.074171 0.000000 16.122778
13.975574 0.000000 16.122778
14.074171 -5.493469 15.857989
14.459179 4.340164 16.272943
14.442051 4.340164 16.359047
14.393277 4.340164 16.432043
14.320282 4.340164 16.480816
14.234179 4.340164 16.497944
14.148075 4.340164 16.480816
14.075079 4.340164 16.432043
14.026305 4.340164 16.359047
14.009178 4.340164 16.272943
14.026306 4.340164 16.186840
14.320282 4.340164 16.065071
14.393277 4.340164 16.113844
14.442051 4.340164 16.186840
14.459179 0.666754 16.272943
14.459179 3.006634 16.272943
14.442052 3.006634 16.359047
14.442051 0.666754 16.359047
14.393277 3.006634 16.432043
14.393277 0.666754 16.432041
14.320282 3.006634 16.480816
14.320282 0.666754 16.480816
14.234179 3.006634 16.497944
14.234179 0.666754 16.497942
14.148075 3.006634 16.480816
14.148075 0.666754 16.480816
14.075080 3.006634 16.432043
14.075079 0.666754 16.432041
14.026305 3.006634 16.359047
14.026305 0.666754 16.359047
14.009178 3.006634 16.272943
14.009178 0.666754 16.272943
14.026306 3.006634 16.186840
14.026306 0.666754 16.186838
14.075080 3.006634 16.113844
14.148075 3.006634 16.065071
14.234179 3.006634 16.047943
14.320282 3.006634 16.065071
14.320282 0.666754 16.065069
14.393277 3.006634 16.113844
14.393277 0.666754 16.113844
14.442051 3.006634 16.186838
14.442051 0.666754 16.186838
14.234179 4.340164 16.272943
14.234179 3.006634 16.272943
14.234179 0.666755 16.272943
14.075080 0.666771 16.113844
14.148075 0.666771 16.065069
14.234179 0.666771 16.047943
14.075080 4.340178 16.113844
14.148075 4.340178 16.065071
14.234179 4.340178 16.047943
14.459179 4.340164 16.520535
14.357283 4.340164 16.520535
14.357283 3.006634 16.520535
14.459179 3.006633 16.520535
14.459179 0.666754 16.520535
14.357283 0.666754 16.520535
14.459179 6.293609 16.520536
14.357283 6.293609 16.520536
14.459179 6.293608 17.132818
14.357283 6.293609 17.113415
14.408658 6.293608 17.209358
14.339386 6.293609 17.143190
14.318372 6.293608 17.247368
14.303990 6.293609 17.151705
12.982337 6.209208 17.151705
13.024537 6.293609 17.151705
13.024537 6.293608 17.247368
12.982337 6.209208 17.247368
14.234179 0.000000 16.047943
14.393277 0.000000 16.113844
14.459179 0.000000 16.272943
14.026305 0.000000 16.359047
14.026306 0.000000 16.186838
14.009178 0.000000 16.272943
14.320282 0.000000 16.065069
14.442051 0.000000 16.186838
14.148075 0.000000 16.065069
14.408658 0.000000 17.209356
14.318372 0.000000 17.247368
14.148075 -3.006634 16.480816
14.148075 -4.340164 16.480816
14.075079 -4.340164 16.432043
14.075080 -3.006634 16.432043
14.026305 -4.340164 16.359047
14.026305 -3.006634 16.359047
14.009178 -4.340164 16.272943
14.009178 -3.006634 16.272943
14.234179 -3.006634 16.047943
14.234179 -4.340178 16.047943
14.320282 -4.340164 16.065071
14.320282 -3.006634 16.065071
14.393277 -4.340164 16.113844
14.393277 -3.006634 16.113844
14.442051 -4.340164 16.186840
14.442051 -3.006634 16.186838
14.459179 -4.340164 16.272943
14.459179 -3.006634 16.272943
14.234179 -4.340164 16.272943
14.148075 -4.340178 16.065071
14.075080 -4.340178 16.113844
14.026306 -4.340164 16.186840
14.234179 -4.340164 16.497944
14.320282 -4.340164 16.480816
14.393277 -4.340164 16.432043
14.442051 -4.340164 16.359047
14.442052 -3.006634 16.359047
14.234179 -3.006634 16.272943
14.393277 -3.006634 16.432043
14.320282 -3.006634 16.480816
14.234179 -3.006634 16.497944
14.026306 -3.006634 16.186840
14.075080 -3.006634 16.113844
14.148075 -3.006634 16.065071
14.459179 -0.666754 16.272943
14.442051 -0.666754 16.186838
14.234179 -0.666755 16.272943
14.393277 -0.666754 16.113844
14.320282 -0.666754 16.065069
14.234179 -0.666771 16.047943
14.148075 -0.666771 16.065069
14.075080 -0.666771 16.113844
14.026306 -0.666754 16.186838
14.009178 -0.666754 16.272943
14.026305 -0.666754 16.359047
14.075079 -0.666754 16.432041
14.148075 -0.666754 16.480816
14.234179 -0.666754 16.497942
14.320282 -0.666754 16.480816
14.393277 -0.666754 16.432041
14.442051 -0.666754 16.359047
14.075080 0.000000 16.113844
14.459179 -4.340164 16.520535
14.357283 -4.340164 16.520535
14.459179 -3.006633 16.520535
14.357283 -3.006634 16.520535
14.459179 -0.666754 16.520535
14.357283 -0.666754 16.520535
14.357283 -6.293609 16.520536
14.459179 -6.293609 16.520536
14.303990 -6.293609 17.151705
13.024537 -6.293609 17.151705
13.024537 -6.293608 17.247368
14.318372 -6.293608 17.247368
14.339386 -6.293609 17.143190
14.408658 -6.293608 17.209358
14.357283 -6.293609 17.113415
14.459179 -6.293608 17.132818
12.982337 -6.209208 17.151705
12.982338 0.000000 17.151705
12.982338 0.000000 17.247368
12.982337 -6.209208 17.247368
14.148075 0.000000 16.480816
14.075079 0.000000 16.432041
14.459179 0.000000 16.520535
14.459179 0.000000 17.132816
-15.681964 4.300432 7.843803
-15.311425 4.300432 14.129675
-15.597916 4.803799 7.843803
-15.597916 4.803799 13.486364
-14.062425 4.834886 8.510386
-14.062426 4.834885 14.113051
-15.125823 4.834886 7.843803
-15.125823 4.834886 14.113050
-15.681964 4.661514 7.843803
-15.636198 4.661514 13.565640
-15.403893 4.834886 13.557329
-15.403893 4.834886 7.843803
-15.681964 4.661514 13.486400
-15.681964 4.300432 13.486400
-15.597916 4.803799 13.401727
-15.681964 4.661514 13.401761
-15.681964 4.300432 13.401761
-15.681965 2.158439 6.823529
-15.681965 2.454491 7.119582
-15.681965 2.367779 6.910241
-15.681965 2.454491 7.547750
-15.681965 2.750544 7.843803
-15.681965 2.541203 7.757092
-15.681966 0.000000 13.401761
-15.571964 4.300432 7.843803
-15.216108 4.300425 14.074770
-15.535981 4.712891 7.843803
-15.534508 4.714231 13.478821
-14.062425 4.724885 8.510386
-14.062426 4.724885 14.113051
-15.125823 4.724886 7.843803
-15.125823 4.724885 14.113050
-15.575855 4.632515 7.843803
-15.542028 4.644797 13.511303
-15.398418 4.725022 13.557329
-15.395164 4.725233 7.843803
-15.571964 2.158439 6.823529
-15.571964 2.454491 7.119582
-15.571964 2.367779 6.910241
-15.571964 2.454491 7.547750
-15.571964 2.750544 7.843803
-15.571964 2.541203 7.757092
-15.216109 0.000000 14.074770
-15.681964 -4.300432 13.486400
-15.681966 0.000000 13.486400
-15.311427 0.000000 14.129675
-15.311425 -4.300432 14.129675
-15.636198 -4.661514 13.565640
-15.597916 -4.803799 13.401727
-15.403893 -4.834886 13.557329
-15.403893 -4.834886 7.843803
-15.597916 -4.803799 7.843803
-15.597916 -4.803799 13.486364
-15.681964 -4.661514 13.486400
-15.681964 -4.661514 13.401761
-15.681964 -4.300432 13.401761
-15.681964 -4.300432 7.843803
-15.681965 -2.750544 7.843803
-14.062425 -4.834886 8.510386
-15.125823 -4.834886 7.843803
-15.125823 -4.834886 14.113050
-14.062426 -4.834885 14.113051
-15.681964 -4.661514 7.843803
-15.681965 -2.541203 7.757092
-15.681965 -2.454491 7.547750
-15.681965 -2.454491 7.119582
-15.681965 0.000000 6.823529
-15.681965 -2.367779 6.910241
-15.681965 -2.158439 6.823529
-15.216108 -4.300425 14.074770
-15.542028 -4.644797 13.511303
-15.395164 -4.725233 7.843803
-15.535981 -4.712891 7.843803
-15.534508 -4.714231 13.478821
-15.571964 -4.300432 7.843803
-15.571964 -2.750544 7.843803
-15.398418 -4.725022 13.557329
-14.062425 -4.724885 8.510386
-15.125823 -4.724886 7.843803
-15.125823 -4.724885 14.113050
-14.062426 -4.724885 14.113051
-15.575855 -4.632515 7.843803
-15.571964 -2.541203 7.757092
-15.571964 -2.454491 7.547750
-15.571964 -2.454491 7.119582
-15.571964 -2.367779 6.910241
-15.571964 -2.158439 6.823529
-15.571965 0.000000 6.823529
-14.693126 3.516381 8.247434
-14.866331 3.416381 8.247434
-14.866331 3.216381 8.247434
-14.693126 3.116381 8.247434
-14.519920 3.216381 8.247434
-14.519920 3.416381 8.247434
-14.693126 3.516381 6.496198
-14.866331 3.416381 6.496198
-14.866331 3.216381 6.496198
-14.693126 3.116381 6.496198
-14.519920 3.216381 6.496198
-14.519920 3.416381 6.496198
-15.864283 3.516381 3.333796
-16.020769 3.416381 3.410271
-16.008223 3.216381 3.444743
-15.839190 3.116381 3.402739
-15.682704 3.216381 3.326264
-15.695251 3.416381 3.291792
-16.045448 3.315306 2.836047
-16.181698 3.237768 2.968125
-16.128675 3.082691 3.113801
-15.939405 3.005152 3.127399
-15.803157 3.082691 2.995322
-15.856178 3.237768 2.849646
-16.110916 2.811575 2.656179
-16.239473 2.793216 2.809388
-16.171070 2.756498 2.997326
-15.974108 2.738139 3.032056
-15.845550 2.756498 2.878847
-15.913954 2.793216 2.690908
-14.613739 5.179499 16.538849
-14.786981 5.179499 16.467091
-14.858739 5.179499 16.293850
-14.786981 5.179499 16.120609
-14.613739 5.179499 16.048849
-14.440498 5.179499 16.120609
-14.368739 5.179499 16.293850
-14.440498 5.179499 16.467091
-14.613739 5.643128 16.538851
-14.786981 5.613290 16.467091
-14.858739 5.541253 16.293850
-14.786981 5.469216 16.120609
-14.613739 5.439378 16.048849
-14.440497 5.469216 16.120609
-14.368739 5.541253 16.293850
-14.440498 5.613290 16.467091
-14.613739 5.974619 16.205536
-14.786980 5.906726 16.172043
-14.858739 5.742816 16.091179
-14.786981 5.578906 16.010315
-14.613739 5.511012 15.976821
-14.440497 5.578906 16.010315
-14.368739 5.742815 16.091179
-14.440498 5.906726 16.172043
-14.613739 6.041682 15.707898
-14.786980 5.969240 15.708154
-14.858739 5.794350 15.708770
-14.786981 5.619460 15.709386
-14.613739 5.547018 15.709641
-14.440497 5.619460 15.709386
-14.368739 5.794350 15.708770
-14.440497 5.969240 15.708154
-14.613739 5.580030 12.455506
-14.786980 5.511772 12.485235
-14.858739 5.346982 12.557008
-14.786980 5.182191 12.628780
-14.613739 5.113933 12.658509
-14.440497 5.182191 12.628780
-14.368739 5.346982 12.557008
-14.440497 5.511772 12.485235
-14.613739 5.264403 12.065613
-14.786980 5.223074 12.128608
-14.858739 5.123297 12.280692
-14.786980 5.023520 12.432776
-14.613739 4.982192 12.495771
-14.440497 5.023520 12.432776
-14.368739 5.123297 12.280692
-14.440497 5.223074 12.128608
-14.613739 4.715186 11.913052
-14.786980 4.695980 11.982193
-14.858739 4.649613 12.149114
-14.786981 4.603247 12.316034
-14.613739 4.584041 12.385176
-14.440497 4.603247 12.316034
-14.368739 4.649613 12.149114
-14.440497 4.695980 11.982193
-15.913955 0.000000 2.690909
-14.693126 -3.516381 8.247434
-14.693126 -3.516381 6.496198
-14.866331 -3.416381 6.496198
-14.866331 -3.416381 8.247434
-14.866331 -3.216381 6.496198
-14.866331 -3.216381 8.247434
-14.693126 -3.116381 6.496198
-14.693126 -3.116381 8.247434
-14.519920 -3.216381 6.496198
-14.519920 -3.216381 8.247434
-14.519920 -3.416381 6.496198
-14.519920 -3.416381 8.247434
-15.864283 -3.516381 3.333796
-16.020769 -3.416381 3.410271
-16.008223 -3.216381 3.444743
-15.839190 -3.116381 3.402739
-15.682704 -3.216381 3.326264
-15.695251 -3.416381 3.291792
-16.045448 -3.315306 2.836047
-16.181698 -3.237768 2.968125
-16.128675 -3.082691 3.113801
-15.939405 -3.005152 3.127399
-15.803157 -3.082691 2.995322
-15.856178 -3.237768 2.849646
-16.110916 -2.811575 2.656179
-16.239473 -2.793216 2.809388
-16.171070 -2.756498 2.997326
-15.974108 -2.738139 3.032056
-15.845550 -2.756498 2.878847
-15.913954 -2.793216 2.690908
-16.110916 0.000000 2.656179
-16.239473 0.000000 2.809388
-16.171070 0.000000 2.997326
-15.974108 0.000000 3.032056
-15.845551 0.000000 2.878847
-14.613739 -5.179499 16.538849
-14.613739 -5.643128 16.538851
-14.786981 -5.613290 16.467091
-14.786981 -5.179499 16.467091
-14.858739 -5.541253 16.293850
-14.858739 -5.179499 16.293850
-14.786981 -5.469216 16.120609
-14.786981 -5.179499 16.120609
-14.613739 -5.439378 16.048849
-14.613739 -5.179499 16.048849
-14.440497 -5.469216 16.120609
-14.440498 -5.179499 16.120609
-14.368739 -5.541253 16.293850
-14.368739 -5.179499 16.293850
-14.440498 -5.613290 16.467091
-14.440498 -5.179499 16.467091
-14.613739 -5.974619 16.205536
-14.786980 -5.906726 16.172043
-14.858739 -5.742816 16.091179
-14.786981 -5.578906 16.010315
-14.613739 -5.511012 15.976821
-14.440497 -5.578906 16.010315
-14.368739 -5.742815 16.091179
-14.440498 -5.906726 16.172043
-14.613739 -6.041682 15.707898
-14.786980 -5.969240 15.708154
-14.858739 -5.794350 15.708770
-14.786981 -5.619460 15.709386
-14.613739 -5.547018 15.709641
-14.440497 -5.619460 15.709386
-14.368739 -5.794350 15.708770
-14.440497 -5.969240 15.708154
-14.613739 -5.580030 12.455506
-14.786980 -5.511772 12.485235
-14.858739 -5.346982 12.557008
-14.786980 -5.182191 12.628780
-14.613739 -5.113933 12.658509
-14.440497 -5.182191 12.628780
-14.368739 -5.346982 12.557008
-14.440497 -5.511772 12.485235
-14.613739 -5.264403 12.065613
-14.786980 -5.223074 12.128608
-14.858739 -5.123297 12.280692
-14.786980 -5.023520 12.432776
-14.613739 -4.982192 12.495771
-14.440497 -5.023520 12.432776
-14.368739 -5.123297 12.280692
-14.440497 -5.223074 12.128608
-14.613739 -4.715186 11.913052
-14.786980 -4.695980 11.982193
-14.858739 -4.649613 12.149114
-14.786981 -4.603247 12.316034
-14.613739 -4.584041 12.385176
-14.440497 -4.603247 12.316034
-14.368739 -4.649613 12.149114
-14.440497 -4.695980 11.982193
-14.549459 5.486800 15.943789
-14.679459 5.486800 15.943789
-14.549459 5.486800 15.203766
-14.679460 5.486800 15.265369
-14.691181 5.486800 15.087810
-14.737587 5.486800 15.217810
-15.258939 5.486800 15.087810
-15.278091 5.486800 15.217810
-15.413069 5.486800 15.041387
-15.510095 5.486800 15.147932
-15.476038 5.486800 14.886446
-15.606038 5.486800 14.911853
-15.476038 5.436800 14.180811
-15.476038 5.486800 14.230810
-15.606038 5.486800 14.230810
-15.606038 5.436800 14.180811
-14.691181 0.000000 15.087809
-15.278090 0.000000 15.217809
-14.679459 0.000000 15.943789
-14.737587 0.000000 15.217809
-15.510094 0.000000 15.147930
-15.476038 0.000000 14.180810
-14.549459 0.000000 15.943789
-15.413069 0.000000 15.041386
-14.549459 -5.486800 15.943789
-14.549459 -5.486800 15.203766
-14.679460 -5.486800 15.265369
-14.679459 -5.486800 15.943789
-14.679459 0.000000 15.265368
-14.691181 -5.486800 15.087810
-14.737587 -5.486800 15.217810
-15.258939 -5.486800 15.087810
-15.278091 -5.486800 15.217810
-15.413069 -5.486800 15.041387
-15.510095 -5.486800 15.147932
-15.476038 -5.486800 14.886446
-15.606038 -5.486800 14.911853
-15.606037 0.000000 14.911852
-15.476038 -5.486800 14.230810
-15.606038 -5.486800 14.230810
-15.606038 -5.436800 14.180811
-15.606037 0.000000 14.180809
-15.476038 -5.436800 14.180811
-14.549459 0.000000 15.203765
-15.258938 0.000000 15.087809
-15.476038 0.000000 14.886446
-5.161805 0.000000 20.741177
-5.118432 0.000000 20.857937
-6.495324 0.068072 17.391468
-6.495324 0.924182 17.391468
-6.575673 0.890214 17.487225
-6.575673 0.068072 17.487225
-6.532920 0.822278 17.604687
-6.532920 0.068072 17.604687
-6.409819 0.788310 17.626392
-6.409819 0.068072 17.626392
-6.329471 0.822278 17.530636
-6.329471 0.068072 17.530636
-6.372223 0.890214 17.413176
-6.372223 0.068072 17.413176
-6.406170 1.093156 17.636415
-6.501573 1.030656 17.690811
-6.488928 0.905656 17.725552
-6.380881 0.843156 17.705898
-6.285479 0.905656 17.651503
-6.298123 1.030656 17.616762
-5.285286 1.093156 20.716019
-5.396583 1.030656 20.726748
-5.415725 0.905656 20.674152
-5.323572 0.843155 20.610830
-5.212276 0.905656 20.600103
-5.193133 1.030656 20.652699
-5.198466 0.808822 20.954557
-5.321567 0.784981 20.932852
-5.364319 0.737301 20.815390
-5.283971 0.713460 20.719635
-5.160870 0.737301 20.741341
-5.118117 0.784981 20.858801
6.495324 0.924182 17.391468
6.495324 0.068072 17.391468
6.575673 0.068072 17.487225
6.575673 0.890214 17.487225
6.532920 0.068072 17.604687
6.532920 0.822278 17.604687
6.409819 0.068072 17.626392
6.409819 0.788310 17.626392
6.329471 0.068072 17.530636
6.329471 0.822278 17.530636
6.372223 0.068072 17.413176
6.372223 0.890214 17.413176
6.406170 1.093156 17.636415
6.501573 1.030656 17.690811
6.488928 0.905656 17.725552
6.380881 0.843156 17.705898
6.285479 0.905656 17.651503
6.298123 1.030656 17.616762
5.285286 1.093156 20.716019
5.396583 1.030656 20.726748
5.415725 0.905656 20.674152
5.323572 0.843155 20.610830
5.212276 0.905656 20.600103
5.193133 1.030656 20.652699
5.198466 0.808822 20.954557
5.321567 0.784981 20.932852
5.364319 0.737301 20.815390
5.283971 0.713460 20.719635
5.160870 0.737301 20.741341
5.118117 0.784981 20.858801
-5.197910 0.000000 20.953896
-5.284562 0.000000 20.720339
5.197910 0.000000 20.953896
5.364024 0.000000 20.816200
5.118432 0.000000 20.857937
-6.495324 -0.924182 17.391468
-6.495324 -0.068072 17.391468
-6.575673 -0.068072 17.487225
-6.575673 -0.890214 17.487225
-6.532920 -0.068072 17.604687
-6.532920 -0.822278 17.604687
-6.409819 -0.068072 17.626392
-6.409819 -0.788310 17.626392
-6.329471 -0.068072 17.530636
-6.329471 -0.822278 17.530636
-6.372223 -0.068072 17.413176
-6.372223 -0.890214 17.413176
-6.406170 -1.093156 17.636415
-6.501573 -1.030656 17.690811
-6.488928 -0.905656 17.725552
-6.380881 -0.843156 17.705898
-6.285479 -0.905656 17.651503
-6.298123 -1.030656 17.616762
-5.285286 -1.093156 20.716019
-5.396583 -1.030656 20.726748
-5.415725 -0.905656 20.674152
-5.323572 -0.843155 20.610830
-5.212276 -0.905656 20.600103
-5.193133 -1.030656 20.652699
-5.198466 -0.808822 20.954557
-5.321567 -0.784981 20.932852
-5.364319 -0.737301 20.815390
-5.283971 -0.713460 20.719635
-5.160870 -0.737301 20.741341
-5.118117 -0.784981 20.858801
-5.320741 0.000000 20.932997
-5.364024 0.000000 20.816200
6.495324 -0.924182 17.391468
6.575673 -0.890214 17.487225
6.575673 -0.068072 17.487225
6.495324 -0.068072 17.391468
6.532920 -0.822278 17.604687
6.532920 -0.068072 17.604687
6.409819 -0.788310 17.626392
6.409819 -0.068072 17.626392
6.329471 -0.822278 17.530636
6.329471 -0.068072 17.530636
6.372223 -0.890214 17.413176
6.372223 -0.068072 17.413176
6.406170 -1.093156 17.636415
6.501573 -1.030656 17.690811
6.488928 -0.905656 17.725552
6.380881 -0.843156 17.705898
6.285479 -0.905656 17.651503
6.298123 -1.030656 17.616762
5.285286 -1.093156 20.716019
5.396583 -1.030656 20.726748
5.415725 -0.905656 20.674152
5.323572 -0.843155 20.610830
5.212276 -0.905656 20.600103
5.193133 -1.030656 20.652699
5.198466 -0.808822 20.954557
5.321567 -0.784981 20.932852
5.364319 -0.737301 20.815390
5.283971 -0.713460 20.719635
5.160870 -0.737301 20.741341
5.118117 -0.784981 20.858801
5.320741 0.000000 20.932997
5.284562 0.000000 20.720339
5.161805 0.000000 20.741177
-5.338766 0.670393 20.689177
-2.669383 0.670393 20.615597
-5.338766 0.670393 20.998032
0.000000 0.670393 20.998032
-5.423166 0.763674 20.843603
0.000000 0.763674 20.799561
0.000000 0.670393 20.575125
5.338766 0.670393 20.689177
2.669383 0.670393 20.615597
5.338766 0.670393 20.998032
5.423166 0.763674 20.843603
-5.338766 0.000000 20.689177
5.423166 0.000000 20.843603
-5.338766 0.000000 20.998032
0.000000 0.000000 20.575125
0.000000 0.000000 20.998032
5.338766 0.000000 20.998032
5.338766 -0.670393 20.689177
5.423166 -0.763674 20.843603
5.338766 0.000000 20.689177
0.000000 -0.670393 20.575125
2.669383 -0.670393 20.615597
2.669383 0.000000 20.615597
-5.338766 -0.670393 20.689177
-5.423166 -0.763674 20.843603
-2.669383 -0.670393 20.615597
-5.423166 0.000000 20.843603
-5.338766 -0.670393 20.998032
0.000000 -0.763674 20.799561
0.000000 -0.670393 20.998032
5.338766 -0.670393 20.998032
-2.669383 0.000000 20.615597
-8.911664 0.779999 17.646265
-8.947361 0.779999 17.746265
-9.082111 0.779999 17.506809
-9.176614 0.779999 17.558695
-9.124840 0.779999 17.149876
-9.213582 0.779999 17.249876
-9.917867 0.779999 17.149876
-9.917867 0.779999 17.249876
-6.409731 0.779999 17.646265
-6.374035 0.779999 17.746265
-6.239285 0.779999 17.506809
-6.144782 0.779999 17.558695
-6.196557 0.779999 17.149876
-6.107814 0.779999 17.249876
-5.403529 0.779999 17.149876
-5.403529 0.779999 17.249876
8.911665 0.779999 17.646265
8.947361 0.779999 17.746265
9.082111 0.779999 17.506809
9.176615 0.779999 17.558695
9.124840 0.779999 17.149876
9.213583 0.779999 17.249876
9.917866 0.779999 17.149876
9.917866 0.779999 17.249876
6.409731 0.779999 17.646265
6.374035 0.779999 17.746265
6.239285 0.779999 17.506809
6.144782 0.779999 17.558695
6.196556 0.779999 17.149876
6.107814 0.779999 17.249876
5.403529 0.779999 17.149876
5.403529 0.779999 17.249876
-8.911664 0.000000 17.646265
-8.947361 0.000000 17.746265
-9.917867 0.000000 17.149876
-9.917867 0.000000 17.249876
-6.107814 0.000000 17.249876
9.917866 0.000000 17.249876
6.374035 0.000000 17.746265
6.196556 0.000000 17.149876
6.107813 0.000000 17.249876
-9.176613 0.000000 17.558693
-9.213582 0.000000 17.249876
-6.374035 0.000000 17.746265
-5.403529 0.000000 17.249876
8.911665 0.000000 17.646265
9.176615 0.000000 17.558693
5.403529 0.000000 17.249876
-9.082111 0.000000 17.506809
-9.124840 0.000000 17.149876
-6.239285 0.000000 17.506809
9.082111 0.000000 17.506809
9.124840 0.000000 17.149876
9.917866 0.000000 17.149876
-8.911664 -0.779999 17.646265
-6.409731 -0.779999 17.646265
-6.409732 0.000000 17.646265
-8.947361 -0.779999 17.746265
-6.374035 -0.779999 17.746265
-9.082111 -0.779999 17.506809
-9.176614 -0.779999 17.558695
-9.124840 -0.779999 17.149876
-9.213582 -0.779999 17.249876
-9.917867 -0.779999 17.149876
-9.917867 -0.779999 17.249876
-6.239285 -0.779999 17.506809
-6.144782 -0.779999 17.558695
-6.144782 0.000000 17.558693
-6.196557 -0.779999 17.149876
-6.107814 -0.779999 17.249876
-5.403529 -0.779999 17.149876
-5.403529 -0.779999 17.249876
8.911665 -0.779999 17.646265
6.409731 0.000000 17.646265
6.409731 -0.779999 17.646265
8.947361 -0.779999 17.746265
6.374035 -0.779999 17.746265
9.082111 -0.779999 17.506809
9.176615 -0.779999 17.558695
8.947361 0.000000 17.746265
9.124840 -0.779999 17.149876
9.213583 -0.779999 17.249876
9.213583 0.000000 17.249876
9.917866 -0.779999 17.149876
9.917866 -0.779999 17.249876
6.239285 -0.779999 17.506809
6.144782 -0.779999 17.558695
6.144782 0.000000 17.558693
6.196556 -0.779999 17.149876
6.107814 -0.779999 17.249876
5.403529 -0.779999 17.149876
5.403529 -0.779999 17.249876
5.403529 0.000000 17.149876
-6.196556 0.000000 17.149876
-5.403529 0.000000 17.149876
6.239285 0.000000 17.506809
14.303237 0.000000 16.517548
13.422896 6.246691 17.145000
-13.422896 7.743649 16.517548
13.422896 7.743649 16.517548
14.303237 6.246692 16.517548
11.933945 7.032440 14.235958
11.933945 7.209033 14.235958
-11.933945 7.209032 14.235958
-11.933945 7.032441 14.235958
-14.899211 5.705698 16.517548
13.422896 7.525352 16.517548
-13.422896 7.525353 16.517548
-13.422896 7.715403 16.420832
13.422896 7.715403 16.420832
-13.422896 7.502648 16.430359
13.422896 7.502648 16.430359
13.422896 7.233842 15.794354
-13.422896 7.233840 15.794354
-13.422896 7.209031 15.682480
13.422896 7.209033 15.682480
-13.422896 7.058177 15.809876
-13.422896 7.032441 15.682480
13.422896 7.058176 15.809876
13.422896 7.032440 15.682480
12.388901 7.032439 14.276138
12.388901 7.209033 14.276138
12.761140 7.032440 14.396682
12.761140 7.209033 14.396682
13.050658 7.032440 14.597589
13.050658 7.209033 14.597589
-12.388901 7.209031 14.276138
-12.388901 7.032440 14.276138
-12.761140 7.209031 14.396682
-12.761140 7.032441 14.396682
-13.050658 7.209031 14.597589
-13.050658 7.032441 14.597589
-13.381536 7.032440 15.240486
-13.381536 7.209031 15.240486
-13.257457 7.032441 14.878856
-13.257457 7.209031 14.878856
13.381536 7.209033 15.240486
13.381536 7.032439 15.240486
13.257457 7.209033 14.878856
13.257457 7.032440 14.878856
13.422896 6.859330 16.517548
-13.422896 6.737069 16.517548
-14.615008 5.487783 15.911009
-14.773665 5.487783 15.941582
-14.330829 5.705698 16.517548
-14.899206 0.000000 16.174191
-14.899205 5.487783 16.174189
-14.330824 5.487783 16.174189
-14.357736 5.487783 16.043797
-14.872289 5.487783 16.043797
-14.455783 5.487783 15.941582
-14.847980 5.705698 16.517548
-14.379481 5.705697 16.517548
-14.829845 5.487783 16.067928
-14.849331 5.487783 16.184952
-14.380694 5.487783 16.184952
-14.747437 5.487783 15.984148
-14.402824 5.487783 16.063112
-14.615009 5.487783 15.958553
-14.482013 5.487783 15.984148
-14.899206 5.534310 16.412823
-14.330824 5.534310 16.412823
-14.848389 5.534309 16.416105
-14.379848 5.534309 16.416105
14.249198 7.684326 16.724377
14.087078 7.743648 16.691124
14.303238 7.506360 16.711147
-14.845170 7.684326 16.732498
-14.899211 7.506360 16.720827
-14.683051 7.743648 16.713930
13.422896 7.718224 17.122501
13.422896 7.743648 17.055000
13.422896 7.641953 17.145000
-13.422896 7.718224 17.122501
-13.422896 7.641953 17.145000
-13.422896 7.743648 17.055000
14.083319 7.718224 17.122501
14.087077 7.743647 17.055000
14.280077 7.502234 17.122501
14.303237 7.506360 17.055000
14.280077 6.246691 17.122501
14.303237 6.246691 17.055000
14.210597 6.246691 17.145000
-14.876052 5.705698 17.122501
-14.806571 5.705698 17.145000
-14.899211 5.705698 17.055000
-14.876052 7.502234 17.122501
-14.899212 7.506360 17.055000
14.230886 7.664226 17.122501
14.249196 7.684326 17.055000
-14.679294 7.718224 17.122501
-14.683052 7.743647 17.055000
-14.826862 7.664226 17.122501
-14.845172 7.684326 17.055000
14.210597 7.489857 17.145000
14.175959 7.603929 17.145000
14.072044 7.641953 17.145000
-14.668019 7.641953 17.145000
-14.771934 7.603929 17.145000
-14.806572 7.489857 17.145000
-14.806572 0.000000 17.145000
14.303237 0.000000 17.055000
-14.455787 0.000000 15.941584
14.210597 0.000000 17.145000
-14.330830 0.000000 16.517548
-14.899207 0.000000 16.412825
-14.330825 0.000000 16.412825
-14.357744 0.000000 16.043797
-13.422896 -7.641953 17.145000
-14.806571 -5.705698 17.145000
13.422896 -6.246691 17.145000
13.422896 -7.641953 17.145000
-13.422896 -7.743649 16.517548
-13.422896 -7.743648 17.055000
13.422896 -7.743648 17.055000
13.422896 -7.743649 16.517548
14.087077 -7.743647 17.055000
14.087078 -7.743648 16.691124
11.933945 -7.032440 14.235958
-11.933945 -7.032441 14.235958
-11.933945 -7.209032 14.235958
11.933945 -7.209033 14.235958
14.303237 -6.246691 17.055000
14.303237 -6.246692 16.517548
14.303238 -7.506360 16.711147
14.303237 -7.506360 17.055000
-14.899211 -5.705698 16.517548
-14.899211 -5.705698 17.055000
-14.899212 -7.506360 17.055000
-14.899211 -7.506360 16.720827
14.249198 -7.684326 16.724377
-13.422896 -7.525353 16.517548
-14.330829 -5.705698 16.517548
14.210597 -6.246691 17.145000
14.210597 -7.489857 17.145000
14.175959 -7.603929 17.145000
14.072044 -7.641953 17.145000
-14.668019 -7.641953 17.145000
-14.771934 -7.603929 17.145000
-14.806572 -7.489857 17.145000
13.422896 -7.715403 16.420832
-13.422896 -7.715403 16.420832
-13.422896 -7.502648 16.430359
13.422896 -7.502648 16.430359
13.422896 -7.525352 16.517548
13.422896 -7.233842 15.794354
13.422896 -7.209033 15.682480
-13.422896 -7.209031 15.682480
-13.422896 -7.233840 15.794354
-13.422896 -7.032441 15.682480
-13.422896 -7.058177 15.809876
13.422896 -7.032440 15.682480
13.422896 -7.058176 15.809876
12.388901 -7.209033 14.276138
12.388901 -7.032439 14.276138
12.761140 -7.209033 14.396682
12.761140 -7.032440 14.396682
13.050658 -7.209033 14.597589
13.050658 -7.032440 14.597589
-12.388901 -7.032440 14.276138
-12.388901 -7.209031 14.276138
-12.761140 -7.032441 14.396682
-12.761140 -7.209031 14.396682
-13.050658 -7.032441 14.597589
-13.050658 -7.209031 14.597589
-13.381536 -7.209031 15.240486
-13.381536 -7.032440 15.240486
-13.257457 -7.209031 14.878856
-13.257457 -7.032441 14.878856
13.381536 -7.032439 15.240486
13.381536 -7.209033 15.240486
13.257457 -7.032440 14.878856
13.257457 -7.209033 14.878856
-14.899212 0.000000 16.517548
-14.899212 0.000000 17.055000
13.422896 0.000000 16.517548
13.422896 -6.859330 16.517548
13.422896 0.000000 17.145000
-14.773667 0.000000 15.941584
-14.773665 -5.487783 15.941582
-14.615008 -5.487783 15.911009
-14.615010 0.000000 15.911009
-13.422896 -6.737069 16.517548
-14.683051 -7.743648 16.713930
-14.683052 -7.743647 17.055000
-13.422896 0.000000 16.517548
-14.899206 -5.534310 16.412823
-14.330824 -5.534310 16.412823
-14.357736 -5.487783 16.043797
-14.330824 -5.487783 16.174189
-14.330824 0.000000 16.174191
-14.872289 -5.487783 16.043797
-14.872290 0.000000 16.043797
-14.899205 -5.487783 16.174189
-14.455783 -5.487783 15.941582
-14.845170 -7.684326 16.732498
-14.379481 -5.705697 16.517548
-14.847980 -5.705698 16.517548
-14.849331 -5.487783 16.184952
-14.829845 -5.487783 16.067928
-14.848389 -5.534309 16.416105
-14.380694 -5.487783 16.184952
-14.379848 -5.534309 16.416105
-14.747437 -5.487783 15.984148
-14.402824 -5.487783 16.063112
-14.615009 -5.487783 15.958553
-14.482013 -5.487783 15.984148
14.249196 -7.684326 17.055000
-14.845172 -7.684326 17.055000
13.422896 -7.718224 17.122501
-13.422896 -7.718224 17.122501
14.083319 -7.718224 17.122501
14.280077 -7.502234 17.122501
14.280077 -6.246691 17.122501
-14.876052 -5.705698 17.122501
-14.876052 -7.502234 17.122501
14.230886 -7.664226 17.122501
-14.679294 -7.718224 17.122501
-14.826862 -7.664226 17.122501
-14.876052 0.000000 17.122501
14.280077 0.000000 17.122501
-18.682808 6.714714 14.639815
-18.631590 6.523560 14.982581
-18.529150 6.141254 14.982581
-18.477932 5.950099 14.639815
-18.529150 6.141253 14.297049
-18.631590 6.523560 14.297049
-11.287343 6.714714 14.639815
-11.338563 6.523560 14.982581
-11.441000 6.141252 14.982581
-11.492219 5.950099 14.639815
-11.441000 6.141252 14.297049
-11.338563 6.523560 14.297049
-11.287342 -6.714710 14.639815
-11.338563 -6.523557 14.982581
-11.441000 -6.141250 14.982581
-11.492220 -5.950097 14.639815
-11.441001 -6.141250 14.297049
-11.338563 -6.523557 14.297049
-18.682808 -6.714710 14.639815
-18.631590 -6.523557 14.982581
-18.529150 -6.141250 14.982581
-18.477932 -5.950097 14.639815
-18.529150 -6.141250 14.297049
-18.631590 -6.523557 14.297049
-19.319670 -6.347018 14.639815
-19.179737 -6.207084 14.982581
-18.899870 -5.927216 14.982581
-18.759933 -5.787282 14.639815
-18.899870 -5.927216 14.297049
-19.179737 -6.207084 14.297049
-19.687363 -5.710156 14.639815
-19.496208 -5.658937 14.982581
-19.113901 -5.556499 14.982581
-18.922749 -5.505279 14.639815
-19.113901 -5.556499 14.297049
-19.496208 -5.658937 14.297049
-19.687363 5.710158 14.639815
-19.496208 5.658939 14.982581
-19.113901 5.556502 14.982581
-18.922749 5.505282 14.639815
-19.113901 5.556502 14.297049
-19.496208 5.658939 14.297049
-19.319670 6.347021 14.639815
-19.179737 6.207087 14.982581
-18.899870 5.927220 14.982581
-18.759933 5.787285 14.639815
-18.899870 5.927220 14.297049
-19.179737 6.207087 14.297049
18.682808 6.714714 14.639815
18.631590 6.523560 14.982581
11.338563 6.523560 14.982581
11.287343 6.714714 14.639815
18.529150 6.141254 14.982581
11.441000 6.141252 14.982581
18.477932 5.950099 14.639815
11.492219 5.950099 14.639815
18.529150 6.141253 14.297049
11.441000 6.141252 14.297049
18.631590 6.523560 14.297049
11.338563 6.523560 14.297049
11.287342 -6.714710 14.639815
11.338563 -6.523557 14.982581
18.631590 -6.523557 14.982581
18.682808 -6.714710 14.639815
11.441000 -6.141250 14.982581
18.529150 -6.141250 14.982581
11.492220 -5.950097 14.639815
18.477932 -5.950097 14.639815
11.441001 -6.141250 14.297049
18.529150 -6.141250 14.297049
11.338563 -6.523557 14.297049
18.631590 -6.523557 14.297049
19.179737 -6.207084 14.982581
19.319670 -6.347018 14.639815
18.899870 -5.927216 14.982581
18.759933 -5.787282 14.639815
18.899870 -5.927216 14.297049
19.179737 -6.207084 14.297049
19.496208 -5.658937 14.982581
19.687363 -5.710156 14.639815
19.113901 -5.556499 14.982581
18.922749 -5.505279 14.639815
19.113901 -5.556499 14.297049
19.496208 -5.658937 14.297049
19.496208 5.658939 14.982581
19.687363 5.710158 14.639815
19.113901 5.556502 14.982581
18.922749 5.505282 14.639815
19.113901 5.556502 14.297049
19.496208 5.658939 14.297049
19.179737 6.207087 14.982581
19.319670 6.347021 14.639815
18.899870 5.927220 14.982581
18.759933 5.787285 14.639815
18.899870 5.927220 14.297049
19.179737 6.207087 14.297049
-9.737974 -18.669979 14.639815
-9.546821 -18.618761 14.982581
-9.164514 -18.516321 14.982581
-8.973360 -18.465101 14.639815
-9.164514 -18.516321 14.297049
-9.546821 -18.618761 14.297049
-9.737977 -3.701439 14.639815
-9.546823 -3.752657 14.982581
-9.164515 -3.855096 14.982581
-8.973362 -3.906315 14.639815
-9.164515 -3.855096 14.297049
-9.546823 -3.752657 14.297049
9.737987 -3.701433 14.639815
9.546834 -3.752652 14.982581
9.164526 -3.855091 14.982581
8.973374 -3.906312 14.639815
9.164526 -3.855091 14.297049
9.546834 -3.752652 14.297049
9.737989 -18.669977 14.639815
9.546836 -18.618757 14.982581
9.164529 -18.516319 14.982581
8.973375 -18.465099 14.639815
9.164529 -18.516319 14.297049
9.546836 -18.618757 14.297049
9.370297 -19.306837 14.639815
9.230363 -19.166904 14.982581
8.950495 -18.887035 14.982581
8.810561 -18.747103 14.639815
8.950495 -18.887035 14.297049
9.230363 -19.166904 14.297049
8.733436 -19.674530 14.639815
8.682217 -19.483377 14.982581
8.579778 -19.101070 14.982581
8.528559 -18.909916 14.639815
8.579778 -19.101070 14.297049
8.682217 -19.483377 14.297049
-8.733419 -19.674534 14.639815
-8.682199 -19.483379 14.982581
-8.579761 -19.101072 14.982581
-8.528542 -18.909920 14.639815
-8.579761 -19.101072 14.297049
-8.682199 -19.483379 14.297049
-9.370278 -19.306841 14.639815
-9.230347 -19.166908 14.982581
-8.950480 -18.887041 14.982581
-8.810545 -18.747105 14.639815
-8.950480 -18.887041 14.297049
-9.230347 -19.166908 14.297049
-9.737974 18.669979 14.639815
-9.546821 18.618761 14.982581
-9.546823 3.752657 14.982581
-9.737977 3.701439 14.639815
-9.164514 18.516321 14.982581
-9.164515 3.855096 14.982581
-8.973360 18.465101 14.639815
-8.973362 3.906315 14.639815
-9.164514 18.516321 14.297049
-9.164515 3.855096 14.297049
-9.546821 18.618761 14.297049
-9.546823 3.752657 14.297049
9.737987 3.701433 14.639815
9.546834 3.752652 14.982581
9.546836 18.618757 14.982581
9.737989 18.669977 14.639815
9.164526 3.855091 14.982581
9.164529 18.516319 14.982581
8.973374 3.906312 14.639815
8.973375 18.465099 14.639815
9.164526 3.855091 14.297049
9.164529 18.516319 14.297049
9.546834 3.752652 14.297049
9.546836 18.618757 14.297049
9.230363 19.166904 14.982581
9.370297 19.306837 14.639815
8.950495 18.887035 14.982581
8.810561 18.747103 14.639815
8.950495 18.887035 14.297049
9.230363 19.166904 14.297049
8.682217 19.483377 14.982581
8.733436 19.674530 14.639815
8.579778 19.101070 14.982581
8.528559 18.909916 14.639815
8.579778 19.101070 14.297049
8.682217 19.483377 14.297049
-8.682199 19.483379 14.982581
-8.733419 19.674534 14.639815
-8.579761 19.101072 14.982581
-8.528542 18.909920 14.639815
-8.579761 19.101072 14.297049
-8.682199 19.483379 14.297049
-9.230347 19.166908 14.982581
-9.370278 19.306841 14.639815
-8.950480 18.887041 14.982581
-8.810545 18.747105 14.639815
-8.950480 18.887041 14.297049
-9.230347 19.166908 14.297049
</float_array>
          <technique_common>
            <accessor source="#AmmCanLarge-POSITION-array" count="1513" stride="3">
              <param name="X" type="float"/>
              <param name="Y" type="float"/>
              <param name="Z" type="float"/>
            </accessor>
          </technique_common>
        </source>
        <source id="AmmCanLarge-Normal0">
          <float_array id="AmmCanLarge-Normal0-array" count="23616">
0.000000 1.000000 0.000000
0.000000 1.000000 0.000000
0.000000 1.000000 0.000000
0.000000 1.000000 0.000000
0.000000 1.000000 0.000000
0.000000 1.000000 0.000000
-1.000000 0.000000 0.000000
-1.000000 0.000000 0.000000
-1.000000 0.000000 0.000000
-1.000000 0.000000 0.000000
-1.000000 0.000000 0.000000
-1.000000 0.000000 0.000000
0.995893 0.090542 0.000000
0.978815 0.204746 0.000000
0.978815 0.204746 0.000000
0.978815 0.204746 0.000000
0.995893 0.090542 0.000000
0.995893 0.090542 0.000000
0.978815 0.204746 0.000000
0.891117 0.453774 0.000000
0.891116 0.453775 0.000000
0.891116 0.453775 0.000000
0.978815 0.204746 0.000000
0.978815 0.204746 0.000000
0.891117 0.453774 0.000000
0.707107 0.707107 0.000000
0.707107 0.707107 0.000000
0.707107 0.707107 0.000000
0.891116 0.453775 0.000000
0.891117 0.453774 0.000000
-0.090539 0.995893 0.000000
-0.204746 0.978815 0.000000
-0.204746 0.978815 0.000000
-0.204746 0.978815 0.000000
-0.090539 0.995893 0.000000
-0.090539 0.995893 0.000000
-0.204746 0.978815 0.000000
-0.453775 0.891116 0.000000
-0.453776 0.891116 0.000000
-0.453776 0.891116 0.000000
-0.204746 0.978815 0.000000
-0.204746 0.978815 0.000000
-0.453775 0.891116 0.000000
-0.707107 0.707107 0.000000
-0.707107 0.707107 0.000000
-0.707107 0.707107 0.000000
-0.453776 0.891116 0.000000
-0.453775 0.891116 0.000000
0.090539 0.995893 0.000000
0.204746 0.978815 0.000000
0.204746 0.978815 0.000000
0.204746 0.978815 0.000000
0.090539 0.995893 0.000000
0.090539 0.995893 0.000000
0.204746 0.978815 0.000000
0.453776 0.891116 0.000000
0.453776 0.891116 0.000000
0.453776 0.891116 0.000000
0.204746 0.978815 0.000000
0.204746 0.978815 0.000000
0.453776 0.891116 0.000000
0.707107 0.707107 0.000000
0.707107 0.707107 0.000000
0.707107 0.707107 0.000000
0.453776 0.891116 0.000000
0.453776 0.891116 0.000000
-0.995893 0.090542 0.000000
-0.978815 0.204746 0.000000
-0.978815 0.204746 0.000000
-0.978815 0.204746 0.000000
-0.995893 0.090542 0.000000
-0.995893 0.090542 0.000000
-0.978815 0.204746 0.000000
-0.891116 0.453775 0.000000
-0.891116 0.453775 0.000000
-0.891116 0.453775 0.000000
-0.978815 0.204746 0.000000
-0.978815 0.204746 0.000000
-0.891116 0.453775 0.000000
-0.707107 0.707107 0.000000
-0.707107 0.707107 0.000000
-0.707107 0.707107 0.000000
-0.891116 0.453775 0.000000
-0.891116 0.453775 0.000000
1.000000 0.000000 0.000000
1.000000 0.000000 0.000000
1.000000 0.000000 0.000000
1.000000 0.000000 0.000000
1.000000 0.000000 0.000000
1.000000 0.000000 0.000000
0.000000 0.000000 -1.000000
0.000000 0.000000 -1.000000
0.000000 0.000000 -1.000000
0.000000 0.000000 -1.000000
0.000000 0.000000 -1.000000
0.000000 0.000000 -1.000000
0.000000 0.000000 -1.000000
0.000000 0.000000 -1.000000
0.000000 0.000000 -1.000000
0.000000 0.000000 -1.000000
0.000000 0.000000 -1.000000
0.000000 0.000000 -1.000000
0.000000 0.000000 -1.000000
0.000000 0.000000 -1.000000
0.000000 0.000000 -1.000000
0.000000 0.000000 -1.000000
0.000000 0.000000 -1.000000
0.000000 0.000000 -1.000000
0.000000 0.000000 -1.000000
0.000000 0.000000 -1.000000
0.000000 0.000000 -1.000000
0.000000 0.000000 -1.000000
0.000000 0.000000 -1.000000
0.000000 0.000000 -1.000000
0.000000 0.000000 -1.000000
0.000000 0.000000 -1.000000
0.000000 0.000000 -1.000000
0.000000 0.000000 -1.000000
0.000000 0.000000 -1.000000
0.000000 0.000000 -1.000000
0.000000 0.000000 -1.000000
0.000000 0.000000 -1.000000
0.000000 0.000000 -1.000000
0.000000 0.000000 -1.000000
0.000000 0.000000 -1.000000
0.000000 0.000000 -1.000000
0.000000 0.000000 -1.000000
0.000000 0.000000 -1.000000
0.000000 0.000000 -1.000000
0.000000 0.000000 -1.000000
0.000000 0.000000 -1.000000
0.000000 0.000000 -1.000000
0.000000 0.000000 -1.000000
0.000000 0.000000 -1.000000
0.000000 0.000000 -1.000000
-0.039200 0.849969 -0.525372
0.069854 0.841217 -0.536167
0.132925 0.854747 -0.501736
0.132925 0.854747 -0.501736
-0.073612 0.831127 -0.551189
-0.039200 0.849969 -0.525372
-0.707107 0.000000 -0.707106
-0.706262 0.031976 -0.707228
-0.706681 0.034703 -0.706681
-0.706681 0.034703 -0.706681
-0.707107 0.000000 -0.707106
-0.707107 0.000000 -0.707106
0.689808 0.144292 -0.709468
0.706686 0.032660 -0.706773
0.706792 0.031350 -0.706727
0.706792 0.031350 -0.706727
0.689809 0.144291 -0.709467
0.689808 0.144292 -0.709468
0.626583 0.319068 -0.711048
0.689808 0.144292 -0.709468
0.689809 0.144291 -0.709467
0.689809 0.144291 -0.709467
0.626584 0.319067 -0.711048
0.626583 0.319068 -0.711048
0.496564 0.496564 -0.711933
0.626583 0.319068 -0.711048
0.626584 0.319067 -0.711048
0.626584 0.319067 -0.711048
0.496562 0.496565 -0.711934
0.496564 0.496564 -0.711933
-0.189540 0.789490 -0.583763
-0.039200 0.849969 -0.525372
-0.073612 0.831127 -0.551189
-0.073612 0.831127 -0.551189
-0.308753 0.693837 -0.650585
-0.189540 0.789490 -0.583763
-0.366632 0.639297 -0.675930
-0.189540 0.789490 -0.583763
-0.308753 0.693837 -0.650585
-0.308753 0.693837 -0.650585
-0.434719 0.560685 -0.704735
-0.366632 0.639297 -0.675930
-0.496563 0.496564 -0.711933
-0.366632 0.639297 -0.675930
-0.434719 0.560685 -0.704735
-0.434719 0.560685 -0.704735
-0.496562 0.496567 -0.711933
-0.496563 0.496564 -0.711933
0.069854 0.841217 -0.536167
0.193888 0.738627 -0.645629
0.382766 0.732839 -0.562528
0.382766 0.732839 -0.562528
0.132925 0.854747 -0.501736
0.069854 0.841217 -0.536167
0.193888 0.738627 -0.645629
0.319068 0.626583 -0.711048
0.416770 0.613841 -0.670450
0.416770 0.613841 -0.670450
0.382766 0.732839 -0.562528
0.193888 0.738627 -0.645629
0.319068 0.626583 -0.711048
0.496564 0.496564 -0.711933
0.496562 0.496565 -0.711934
0.496562 0.496565 -0.711934
0.416770 0.613841 -0.670450
0.319068 0.626583 -0.711048
-0.706262 0.031976 -0.707228
-0.689808 0.144292 -0.709467
-0.690122 0.145580 -0.708899
-0.690122 0.145580 -0.708899
-0.706681 0.034703 -0.706681
-0.706262 0.031976 -0.707228
-0.689808 0.144292 -0.709467
-0.626583 0.319069 -0.711048
-0.626583 0.319068 -0.711048
-0.626583 0.319068 -0.711048
-0.690122 0.145580 -0.708899
-0.689808 0.144292 -0.709467
-0.626583 0.319069 -0.711048
-0.496563 0.496564 -0.711933
-0.496562 0.496567 -0.711933
-0.496562 0.496567 -0.711933
-0.626583 0.319068 -0.711048
-0.626583 0.319069 -0.711048
0.706686 0.032660 -0.706773
0.707107 0.000000 -0.707106
0.707139 0.000000 -0.707074
0.707139 0.000000 -0.707074
0.706792 0.031350 -0.706727
0.706686 0.032660 -0.706773
1.000000 0.000000 -0.000003
0.866022 0.000000 -0.500006
0.866024 0.000000 -0.500003
0.866024 0.000000 -0.500003
1.000000 0.000000 0.000003
1.000000 0.000000 -0.000003
0.866022 0.000000 -0.500006
0.499998 0.000000 -0.866027
0.499998 0.000000 -0.866026
0.499998 0.000000 -0.866026
0.866024 0.000000 -0.500003
0.866022 0.000000 -0.500006
0.499998 0.000000 -0.866027
0.000000 0.000000 -1.000000
0.000000 0.000000 -1.000000
0.000000 0.000000 -1.000000
0.499998 0.000000 -0.866026
0.499998 0.000000 -0.866027
0.000000 0.000000 -1.000000
-0.499998 0.000000 -0.866026
-0.499998 0.000000 -0.866027
-0.499998 0.000000 -0.866027
0.000000 0.000000 -1.000000
0.000000 0.000000 -1.000000
-0.499998 0.000000 -0.866026
-0.866022 0.000000 -0.500005
-0.866022 0.000000 -0.500006
-0.866022 0.000000 -0.500006
-0.499998 0.000000 -0.866027
-0.499998 0.000000 -0.866026
-0.866022 0.000000 -0.500005
-1.000000 0.000000 -0.000003
-1.000000 0.000000 -0.000003
-1.000000 0.000000 -0.000003
-0.866022 0.000000 -0.500006
-0.866022 0.000000 -0.500005
-1.000000 0.000000 -0.000003
-0.866024 0.000000 0.500003
-0.866024 0.000000 0.500003
-0.866024 0.000000 0.500003
-1.000000 0.000000 -0.000003
-1.000000 0.000000 -0.000003
-0.866024 0.000000 0.500003
-0.499998 0.000000 0.866027
-0.499998 0.000000 0.866026
-0.499998 0.000000 0.866026
-0.866024 0.000000 0.500003
-0.866024 0.000000 0.500003
-0.499998 0.000000 0.866027
0.000000 0.000000 1.000000
0.000000 0.000000 1.000000
0.000000 0.000000 1.000000
-0.499998 0.000000 0.866026
-0.499998 0.000000 0.866027
0.000000 0.000000 1.000000
0.499998 0.000000 0.866026
0.499998 0.000000 0.866027
0.499998 0.000000 0.866027
0.000000 0.000000 1.000000
0.000000 0.000000 1.000000
0.499998 0.000000 0.866026
0.866024 0.000000 0.500003
0.866022 0.000000 0.500006
0.866022 0.000000 0.500006
0.499998 0.000000 0.866027
0.499998 0.000000 0.866026
0.866024 0.000000 0.500003
1.000000 0.000000 -0.000003
1.000000 0.000000 0.000003
1.000000 0.000000 0.000003
0.866022 0.000000 0.500006
0.866024 0.000000 0.500003
0.000000 1.000000 0.000000
0.000000 1.000000 0.000000
0.000000 1.000000 0.000000
0.000000 1.000000 0.000000
0.000000 1.000000 0.000000
0.000000 1.000000 0.000000
0.000000 1.000000 0.000000
0.000000 1.000000 0.000000
0.000000 1.000000 0.000000
0.000000 1.000000 0.000000
0.000000 1.000000 0.000000
0.000000 1.000000 0.000000
0.000000 1.000000 0.000000
0.000000 1.000000 0.000000
0.000000 1.000000 0.000000
0.000000 1.000000 0.000000
0.000000 1.000000 0.000000
0.000000 1.000000 0.000000
0.000000 1.000000 0.000000
0.000000 1.000000 0.000000
0.000000 1.000000 0.000000
0.000000 1.000000 0.000000
0.000000 1.000000 0.000000
0.000000 1.000000 0.000000
0.000000 1.000000 0.000000
0.000000 1.000000 0.000000
0.000000 1.000000 0.000000
0.000000 1.000000 0.000000
0.000000 1.000000 0.000000
0.000000 1.000000 0.000000
0.000000 -1.000000 0.000000
0.000000 -1.000000 0.000000
0.000000 -1.000000 0.000000
0.000000 -1.000000 0.000000
0.000000 -1.000000 0.000000
0.000000 -1.000000 0.000000
-1.000000 0.000000 0.000000
-1.000000 0.000000 0.000000
-1.000000 0.000000 0.000000
-1.000000 0.000000 0.000000
-1.000000 0.000000 0.000000
-1.000000 0.000000 0.000000
0.995893 -0.090542 0.000000
0.995893 -0.090542 0.000000
0.978815 -0.204746 0.000000
0.978815 -0.204746 0.000000
0.978815 -0.204746 0.000000
0.995893 -0.090542 0.000000
0.978815 -0.204746 0.000000
0.978815 -0.204746 0.000000
0.891116 -0.453775 0.000000
0.891116 -0.453775 0.000000
0.891117 -0.453774 0.000000
0.978815 -0.204746 0.000000
0.891117 -0.453774 0.000000
0.891116 -0.453775 0.000000
0.707107 -0.707107 0.000000
0.707107 -0.707107 0.000000
0.707107 -0.707107 0.000000
0.891117 -0.453774 0.000000
-0.090539 -0.995893 0.000000
-0.090539 -0.995893 0.000000
-0.204746 -0.978815 0.000000
-0.204746 -0.978815 0.000000
-0.204746 -0.978815 0.000000
-0.090539 -0.995893 0.000000
-0.204746 -0.978815 0.000000
-0.204746 -0.978815 0.000000
-0.453776 -0.891116 0.000000
-0.453776 -0.891116 0.000000
-0.453775 -0.891116 0.000000
-0.204746 -0.978815 0.000000
-0.453775 -0.891116 0.000000
-0.453776 -0.891116 0.000000
-0.707107 -0.707107 0.000000
-0.707107 -0.707107 0.000000
-0.707107 -0.707107 0.000000
-0.453775 -0.891116 0.000000
0.090539 -0.995893 0.000000
0.090539 -0.995893 0.000000
0.204746 -0.978815 0.000000
0.204746 -0.978815 0.000000
0.204746 -0.978815 0.000000
0.090539 -0.995893 0.000000
0.204746 -0.978815 0.000000
0.204746 -0.978815 0.000000
0.453776 -0.891116 0.000000
0.453776 -0.891116 0.000000
0.453776 -0.891116 0.000000
0.204746 -0.978815 0.000000
0.453776 -0.891116 0.000000
0.453776 -0.891116 0.000000
0.707107 -0.707107 0.000000
0.707107 -0.707107 0.000000
0.707107 -0.707107 0.000000
0.453776 -0.891116 0.000000
-0.995893 -0.090542 0.000000
-0.995893 -0.090542 0.000000
-0.978815 -0.204746 0.000000
-0.978815 -0.204746 0.000000
-0.978815 -0.204746 0.000000
-0.995893 -0.090542 0.000000
-0.978815 -0.204746 0.000000
-0.978815 -0.204746 0.000000
-0.891116 -0.453775 0.000000
-0.891116 -0.453775 0.000000
-0.891116 -0.453775 0.000000
-0.978815 -0.204746 0.000000
-0.891116 -0.453775 0.000000
-0.891116 -0.453775 0.000000
-0.707107 -0.707107 0.000000
-0.707107 -0.707107 0.000000
-0.707107 -0.707107 0.000000
-0.891116 -0.453775 0.000000
1.000000 0.000000 0.000000
1.000000 0.000000 0.000000
1.000000 0.000000 0.000000
1.000000 0.000000 0.000000
1.000000 0.000000 0.000000
1.000000 0.000000 0.000000
0.000000 0.000000 -1.000000
0.000000 0.000000 -1.000000
0.000000 0.000000 -1.000000
0.000000 0.000000 -1.000000
0.000000 0.000000 -1.000000
0.000000 0.000000 -1.000000
0.000000 0.000000 -1.000000
0.000000 0.000000 -1.000000
0.000000 0.000000 -1.000000
0.000000 0.000000 -1.000000
0.000000 0.000000 -1.000000
0.000000 0.000000 -1.000000
0.000000 0.000000 -1.000000
0.000000 0.000000 -1.000000
0.000000 0.000000 -1.000000
0.000000 0.000000 -1.000000
0.000000 0.000000 -1.000000
0.000000 0.000000 -1.000000
0.000000 0.000000 -1.000000
0.000000 0.000000 -1.000000
0.000000 0.000000 -1.000000
0.000000 0.000000 -1.000000
0.000000 0.000000 -1.000000
0.000000 0.000000 -1.000000
0.000000 0.000000 -1.000000
0.000000 0.000000 -1.000000
0.000000 0.000000 -1.000000
0.000000 0.000000 -1.000000
0.000000 0.000000 -1.000000
0.000000 0.000000 -1.000000
0.000000 0.000000 -1.000000
0.000000 0.000000 -1.000000
0.000000 0.000000 -1.000000
0.000000 0.000000 -1.000000
0.000000 0.000000 -1.000000
0.000000 0.000000 -1.000000
0.000000 0.000000 -1.000000
0.000000 0.000000 -1.000000
0.000000 0.000000 -1.000000
0.000000 0.000000 -1.000000
0.000000 0.000000 -1.000000
0.000000 0.000000 -1.000000
0.000000 0.000000 -1.000000
0.000000 0.000000 -1.000000
0.000000 0.000000 -1.000000
-0.039200 -0.849969 -0.525372
-0.073612 -0.831127 -0.551189
0.132925 -0.854747 -0.501736
0.132925 -0.854747 -0.501736
0.069854 -0.841217 -0.536167
-0.039200 -0.849969 -0.525372
-0.707107 0.000000 -0.707106
-0.707107 0.000000 -0.707106
-0.706681 -0.034703 -0.706681
-0.706681 -0.034703 -0.706681
-0.706262 -0.031976 -0.707228
-0.707107 0.000000 -0.707106
0.689808 -0.144292 -0.709468
0.689809 -0.144291 -0.709467
0.706792 -0.031350 -0.706727
0.706792 -0.031350 -0.706727
0.706686 -0.032660 -0.706773
0.689808 -0.144292 -0.709468
0.626583 -0.319068 -0.711048
0.626584 -0.319067 -0.711048
0.689809 -0.144291 -0.709467
0.689809 -0.144291 -0.709467
0.689808 -0.144292 -0.709468
0.626583 -0.319068 -0.711048
0.496564 -0.496564 -0.711933
0.496562 -0.496565 -0.711934
0.626584 -0.319067 -0.711048
0.626584 -0.319067 -0.711048
0.626583 -0.319068 -0.711048
0.496564 -0.496564 -0.711933
-0.189540 -0.789490 -0.583763
-0.308753 -0.693837 -0.650585
-0.073612 -0.831127 -0.551189
-0.073612 -0.831127 -0.551189
-0.039200 -0.849969 -0.525372
-0.189540 -0.789490 -0.583763
-0.366632 -0.639297 -0.675930
-0.434719 -0.560685 -0.704735
-0.308753 -0.693837 -0.650585
-0.308753 -0.693837 -0.650585
-0.189540 -0.789490 -0.583763
-0.366632 -0.639297 -0.675930
-0.496563 -0.496564 -0.711933
-0.496562 -0.496567 -0.711933
-0.434719 -0.560685 -0.704735
-0.434719 -0.560685 -0.704735
-0.366632 -0.639297 -0.675930
-0.496563 -0.496564 -0.711933
0.069854 -0.841217 -0.536167
0.132925 -0.854747 -0.501736
0.382766 -0.732839 -0.562528
0.382766 -0.732839 -0.562528
0.193888 -0.738628 -0.645629
0.069854 -0.841217 -0.536167
0.193888 -0.738628 -0.645629
0.382766 -0.732839 -0.562528
0.416770 -0.613841 -0.670450
0.416770 -0.613841 -0.670450
0.319068 -0.626582 -0.711048
0.193888 -0.738628 -0.645629
0.319068 -0.626582 -0.711048
0.416770 -0.613841 -0.670450
0.496562 -0.496565 -0.711934
0.496562 -0.496565 -0.711934
0.496564 -0.496564 -0.711933
0.319068 -0.626582 -0.711048
-0.706262 -0.031976 -0.707228
-0.706681 -0.034703 -0.706681
-0.690122 -0.145580 -0.708899
-0.690122 -0.145580 -0.708899
-0.689808 -0.144292 -0.709467
-0.706262 -0.031976 -0.707228
-0.689808 -0.144292 -0.709467
-0.690122 -0.145580 -0.708899
-0.626583 -0.319068 -0.711048
-0.626583 -0.319068 -0.711048
-0.626583 -0.319069 -0.711048
-0.689808 -0.144292 -0.709467
-0.626583 -0.319069 -0.711048
-0.626583 -0.319068 -0.711048
-0.496562 -0.496567 -0.711933
-0.496562 -0.496567 -0.711933
-0.496563 -0.496564 -0.711933
-0.626583 -0.319069 -0.711048
0.706686 -0.032660 -0.706773
0.706792 -0.031350 -0.706727
0.707139 0.000000 -0.707074
0.707139 0.000000 -0.707074
0.707107 0.000000 -0.707106
0.706686 -0.032660 -0.706773
1.000000 0.000000 -0.000003
1.000000 0.000000 0.000003
0.866024 0.000000 -0.500003
0.866024 0.000000 -0.500003
0.866022 0.000000 -0.500006
1.000000 0.000000 -0.000003
0.866022 0.000000 -0.500006
0.866024 0.000000 -0.500003
0.499998 0.000000 -0.866026
0.499998 0.000000 -0.866026
0.499998 0.000000 -0.866027
0.866022 0.000000 -0.500006
0.499998 0.000000 -0.866027
0.499998 0.000000 -0.866026
0.000000 0.000000 -1.000000
0.000000 0.000000 -1.000000
0.000000 0.000000 -1.000000
0.499998 0.000000 -0.866027
0.000000 0.000000 -1.000000
0.000000 0.000000 -1.000000
-0.499998 0.000000 -0.866027
-0.499998 0.000000 -0.866027
-0.499998 0.000000 -0.866026
0.000000 0.000000 -1.000000
-0.499998 0.000000 -0.866026
-0.499998 0.000000 -0.866027
-0.866022 0.000000 -0.500006
-0.866022 0.000000 -0.500006
-0.866022 0.000000 -0.500006
-0.499998 0.000000 -0.866026
-0.866022 0.000000 -0.500006
-0.866022 0.000000 -0.500006
-1.000000 0.000000 -0.000003
-1.000000 0.000000 -0.000003
-1.000000 0.000000 -0.000003
-0.866022 0.000000 -0.500006
-1.000000 0.000000 -0.000003
-1.000000 0.000000 -0.000003
-0.866024 0.000000 0.500003
-0.866024 0.000000 0.500003
-0.866024 0.000000 0.500003
-1.000000 0.000000 -0.000003
-0.866024 0.000000 0.500003
-0.866024 0.000000 0.500003
-0.499998 0.000000 0.866026
-0.499998 0.000000 0.866026
-0.499998 0.000000 0.866027
-0.866024 0.000000 0.500003
-0.499998 0.000000 0.866027
-0.499998 0.000000 0.866026
0.000000 0.000000 1.000000
0.000000 0.000000 1.000000
0.000000 0.000000 1.000000
-0.499998 0.000000 0.866027
0.000000 0.000000 1.000000
0.000000 0.000000 1.000000
0.499998 0.000000 0.866027
0.499998 0.000000 0.866027
0.499998 0.000000 0.866026
0.000000 0.000000 1.000000
0.499998 0.000000 0.866026
0.499998 0.000000 0.866027
0.866022 0.000000 0.500006
0.866022 0.000000 0.500006
0.866024 0.000000 0.500003
0.499998 0.000000 0.866026
0.866024 0.000000 0.500003
0.866022 0.000000 0.500006
1.000000 0.000000 0.000003
1.000000 0.000000 0.000003
1.000000 0.000000 -0.000003
0.866024 0.000000 0.500003
0.000000 -1.000000 0.000000
0.000000 -1.000000 0.000000
0.000000 -1.000000 0.000000
0.000000 -1.000000 0.000000
0.000000 -1.000000 0.000000
0.000000 -1.000000 0.000000
0.000000 -1.000000 0.000000
0.000000 -1.000000 0.000000
0.000000 -1.000000 0.000000
0.000000 -1.000000 0.000000
0.000000 -1.000000 0.000000
0.000000 -1.000000 0.000000
0.000000 -1.000000 0.000000
0.000000 -1.000000 0.000000
0.000000 -1.000000 0.000000
0.000000 -1.000000 0.000000
0.000000 -1.000000 0.000000
0.000000 -1.000000 0.000000
0.000000 -1.000000 0.000000
0.000000 -1.000000 0.000000
0.000000 -1.000000 0.000000
0.000000 -1.000000 0.000000
0.000000 -1.000000 0.000000
0.000000 -1.000000 0.000000
0.000000 -1.000000 0.000000
0.000000 -1.000000 0.000000
0.000000 -1.000000 0.000000
0.000000 -1.000000 0.000000
0.000000 -1.000000 0.000000
0.000000 -1.000000 0.000000
1.000000 0.000000 -0.000005
0.923879 0.000000 0.382685
0.923879 0.000000 0.382684
0.923879 0.000000 0.382684
1.000000 0.000000 -0.000003
1.000000 0.000000 -0.000005
1.000000 0.000000 -0.000003
0.923877 0.000000 0.382690
0.923877 0.000000 0.382690
0.923877 0.000000 0.382690
1.000000 0.000000 -0.000003
1.000000 0.000000 -0.000003
0.923879 0.000000 0.382685
0.707103 0.000000 0.707111
0.707103 0.000000 0.707111
0.707103 0.000000 0.707111
0.923879 0.000000 0.382684
0.923879 0.000000 0.382685
0.923877 0.000000 0.382690
0.707105 0.000000 0.707109
0.707105 0.000000 0.707109
0.707105 0.000000 0.707109
0.923877 0.000000 0.382690
0.923877 0.000000 0.382690
0.707103 0.000000 0.707111
0.382684 0.000000 0.923879
0.382684 0.000000 0.923879
0.382684 0.000000 0.923879
0.707103 0.000000 0.707111
0.707103 0.000000 0.707111
0.707105 0.000000 0.707109
0.382682 0.000000 0.923880
0.382682 0.000000 0.923880
0.382682 0.000000 0.923880
0.707105 0.000000 0.707109
0.707105 0.000000 0.707109
0.382684 0.000000 0.923879
0.000000 0.000000 1.000000
0.000000 0.000000 1.000000
0.000000 0.000000 1.000000
0.382684 0.000000 0.923879
0.382684 0.000000 0.923879
0.382682 0.000000 0.923880
0.000000 0.000000 1.000000
0.000000 0.000000 1.000000
0.000000 0.000000 1.000000
0.382682 0.000000 0.923880
0.382682 0.000000 0.923880
0.000000 0.000000 1.000000
-0.382681 0.000000 0.923880
-0.382681 0.000000 0.923880
-0.382681 0.000000 0.923880
0.000000 0.000000 1.000000
0.000000 0.000000 1.000000
0.000000 0.000000 1.000000
-0.382680 0.000000 0.923881
-0.382680 0.000000 0.923881
-0.382680 0.000000 0.923881
0.000000 0.000000 1.000000
0.000000 0.000000 1.000000
-0.382681 0.000000 0.923880
-0.707104 0.000000 0.707110
-0.707104 0.000000 0.707110
-0.707104 0.000000 0.707110
-0.382681 0.000000 0.923880
-0.382681 0.000000 0.923880
-0.382680 0.000000 0.923881
-0.707106 0.000000 0.707108
-0.707106 0.000000 0.707108
-0.707106 0.000000 0.707108
-0.382680 0.000000 0.923881
-0.382680 0.000000 0.923881
-0.707104 0.000000 0.707110
-0.923881 0.000000 0.382680
-0.923881 0.000000 0.382680
-0.923881 0.000000 0.382680
-0.707104 0.000000 0.707110
-0.707104 0.000000 0.707110
-0.707106 0.000000 0.707108
-0.923878 0.000000 0.382686
-0.923879 0.000000 0.382684
-0.923879 0.000000 0.382684
-0.707106 0.000000 0.707108
-0.707106 0.000000 0.707108
-0.923881 0.000000 0.382680
-0.980785 0.000000 0.195090
-0.980785 0.000000 0.195090
-0.980785 0.000000 0.195090
-0.923881 0.000000 0.382680
-0.923881 0.000000 0.382680
-0.923878 0.000000 0.382686
-0.980785 0.000000 0.195090
-0.980786 0.000000 0.195086
-0.980786 0.000000 0.195086
-0.923879 0.000000 0.382684
-0.923878 0.000000 0.382686
0.195101 0.000000 -0.980783
0.382670 0.000000 -0.923885
0.382684 0.000000 -0.923879
0.382684 0.000000 -0.923879
0.195101 0.000000 -0.980783
0.195101 0.000000 -0.980783
0.195080 0.000000 -0.980787
0.382667 0.000000 -0.923886
0.382682 0.000000 -0.923880
0.382682 0.000000 -0.923880
0.195080 0.000000 -0.980787
0.195080 0.000000 -0.980787
0.382670 0.000000 -0.923885
0.707106 0.000000 -0.707108
0.707101 0.000000 -0.707112
0.707101 0.000000 -0.707112
0.382684 0.000000 -0.923879
0.382670 0.000000 -0.923885
0.382667 0.000000 -0.923886
0.707108 0.000000 -0.707106
0.707108 0.000000 -0.707106
0.707108 0.000000 -0.707106
0.382682 0.000000 -0.923880
0.382667 0.000000 -0.923886
0.707106 0.000000 -0.707108
0.923879 0.000000 -0.382685
0.923877 0.000000 -0.382689
0.923877 0.000000 -0.382689
0.707101 0.000000 -0.707112
0.707106 0.000000 -0.707108
0.707108 0.000000 -0.707106
0.923877 0.000000 -0.382689
0.923877 0.000000 -0.382689
0.923877 0.000000 -0.382689
0.707108 0.000000 -0.707106
0.707108 0.000000 -0.707106
0.923879 0.000000 -0.382685
1.000000 0.000000 -0.000005
1.000000 0.000000 -0.000003
1.000000 0.000000 -0.000003
0.923877 0.000000 -0.382689
0.923879 0.000000 -0.382685
0.923877 0.000000 -0.382689
1.000000 0.000000 -0.000003
1.000000 0.000000 -0.000003
1.000000 0.000000 -0.000003
0.923877 0.000000 -0.382689
0.923877 0.000000 -0.382689
0.000000 1.000000 0.000000
0.000000 1.000000 0.000000
0.000000 1.000000 0.000000
0.000000 1.000000 0.000000
0.000000 1.000000 0.000000
0.000000 1.000000 0.000000
0.000000 1.000000 0.000000
0.000000 1.000000 0.000000
0.000000 1.000000 0.000000
0.000220 1.000000 0.000091
0.000220 1.000000 0.000091
0.000220 1.000000 0.000091
0.000018 1.000000 0.000091
0.000018 1.000000 0.000091
0.000018 1.000000 0.000091
0.000052 1.000000 0.000077
0.000052 1.000000 0.000077
0.000052 1.000000 0.000077
-0.000091 1.000000 0.000220
-0.000091 1.000000 0.000220
-0.000091 1.000000 0.000220
0.000000 1.000000 0.000000
0.000000 1.000000 0.000000
0.000000 1.000000 0.000000
0.000000 1.000000 0.000000
0.000000 1.000000 0.000000
0.000000 1.000000 0.000000
0.000000 1.000000 0.000000
0.000000 1.000000 0.000000
0.000000 1.000000 0.000000
0.000000 1.000000 0.000000
0.000000 1.000000 0.000000
0.000000 1.000000 0.000000
0.000000 1.000000 0.000000
0.000000 1.000000 0.000000
0.000000 1.000000 0.000000
0.000000 1.000000 0.000000
0.000000 1.000000 0.000000
0.000000 1.000000 0.000000
0.000000 1.000000 0.000000
0.000000 1.000000 0.000000
0.000000 1.000000 0.000000
0.000000 1.000000 0.000000
0.000000 1.000000 0.000000
0.000000 1.000000 0.000000
0.000000 1.000000 0.000000
0.000000 1.000000 0.000000
0.000000 1.000000 0.000000
-0.000004 -1.000000 0.000005
-0.000004 -1.000000 0.000005
-0.000004 -1.000000 0.000005
-0.000002 -1.000000 -0.000001
-0.000002 -1.000000 -0.000001
-0.000002 -1.000000 -0.000001
-0.000001 -1.000000 -0.000002
-0.000001 -1.000000 -0.000002
-0.000001 -1.000000 -0.000002
0.000000 -1.000000 -0.000002
0.000000 -1.000000 -0.000002
0.000000 -1.000000 -0.000002
0.000000 -1.000000 -0.000002
0.000000 -1.000000 -0.000002
0.000000 -1.000000 -0.000002
0.000001 -1.000000 -0.000002
0.000001 -1.000000 -0.000002
0.000001 -1.000000 -0.000002
0.000002 -1.000000 -0.000001
0.000002 -1.000000 -0.000001
0.000002 -1.000000 -0.000001
0.000002 -1.000000 0.000000
0.000002 -1.000000 0.000000
0.000002 -1.000000 0.000000
0.000002 -1.000000 0.000000
0.000002 -1.000000 0.000000
0.000002 -1.000000 0.000000
0.000002 -1.000000 0.000001
0.000002 -1.000000 0.000001
0.000002 -1.000000 0.000001
0.000001 -1.000000 0.000002
0.000001 -1.000000 0.000002
0.000001 -1.000000 0.000002
0.000000 -1.000000 0.000002
0.000000 -1.000000 0.000002
0.000000 -1.000000 0.000002
0.000000 -1.000000 0.000002
0.000000 -1.000000 0.000002
0.000000 -1.000000 0.000002
-0.000001 -1.000000 0.000002
-0.000001 -1.000000 0.000002
-0.000001 -1.000000 0.000002
-0.000002 -1.000000 0.000001
-0.000002 -1.000000 0.000001
-0.000002 -1.000000 0.000001
-0.000004 -1.000000 -0.000005
-0.000004 -1.000000 -0.000005
-0.000004 -1.000000 -0.000005
0.000003 1.000000 -0.000001
0.000003 1.000000 -0.000001
0.000003 1.000000 -0.000001
0.000003 1.000000 -0.000002
0.000003 1.000000 -0.000002
0.000003 1.000000 -0.000002
0.000002 1.000000 -0.000003
0.000002 1.000000 -0.000003
0.000002 1.000000 -0.000003
0.000246 1.000000 0.000099
0.000246 1.000000 0.000099
0.000246 1.000000 0.000099
0.000020 1.000000 0.000099
0.000020 1.000000 0.000099
0.000020 1.000000 0.000099
0.000056 1.000000 0.000084
0.000056 1.000000 0.000084
0.000056 1.000000 0.000084
-0.000104 1.000000 0.000244
-0.000104 1.000000 0.000244
-0.000104 1.000000 0.000244
-0.000003 1.000000 -0.000001
-0.000003 1.000000 -0.000001
-0.000003 1.000000 -0.000001
-0.000003 1.000000 0.000001
-0.000003 1.000000 0.000001
-0.000003 1.000000 0.000001
-0.000003 1.000000 0.000002
-0.000003 1.000000 0.000002
-0.000003 1.000000 0.000002
-0.000002 1.000000 0.000003
-0.000002 1.000000 0.000003
-0.000002 1.000000 0.000003
-0.000001 1.000000 0.000003
-0.000001 1.000000 0.000003
-0.000001 1.000000 0.000003
0.000001 1.000000 0.000003
0.000001 1.000000 0.000003
0.000001 1.000000 0.000003
0.000002 1.000000 0.000003
0.000002 1.000000 0.000003
0.000002 1.000000 0.000003
0.000003 1.000000 0.000002
0.000003 1.000000 0.000002
0.000003 1.000000 0.000002
0.000003 1.000000 0.000001
0.000003 1.000000 0.000001
0.000003 1.000000 0.000001
-0.000006 -1.000000 0.000004
-0.000006 -1.000000 0.000004
-0.000006 -1.000000 0.000004
-0.000004 -1.000000 -0.000002
-0.000004 -1.000000 -0.000002
-0.000004 -1.000000 -0.000002
-0.000002 -1.000000 -0.000004
-0.000002 -1.000000 -0.000004
-0.000002 -1.000000 -0.000004
-0.000001 -1.000000 -0.000004
-0.000001 -1.000000 -0.000004
-0.000001 -1.000000 -0.000004
0.000001 -1.000000 -0.000004
0.000001 -1.000000 -0.000004
0.000001 -1.000000 -0.000004
0.000002 -1.000000 -0.000004
0.000002 -1.000000 -0.000004
0.000002 -1.000000 -0.000004
0.000004 -1.000000 -0.000002
0.000004 -1.000000 -0.000002
0.000004 -1.000000 -0.000002
0.000004 -1.000000 -0.000001
0.000004 -1.000000 -0.000001
0.000004 -1.000000 -0.000001
0.000004 -1.000000 0.000001
0.000004 -1.000000 0.000001
0.000004 -1.000000 0.000001
0.000004 -1.000000 0.000002
0.000004 -1.000000 0.000002
0.000004 -1.000000 0.000002
0.000002 -1.000000 0.000004
0.000002 -1.000000 0.000004
0.000002 -1.000000 0.000004
0.000001 -1.000000 0.000004
0.000001 -1.000000 0.000004
0.000001 -1.000000 0.000004
-0.000001 -1.000000 0.000004
-0.000001 -1.000000 0.000004
-0.000001 -1.000000 0.000004
-0.000002 -1.000000 0.000004
-0.000002 -1.000000 0.000004
-0.000002 -1.000000 0.000004
-0.000004 -1.000000 0.000002
-0.000004 -1.000000 0.000002
-0.000004 -1.000000 0.000002
-0.000006 -1.000000 -0.000004
-0.000006 -1.000000 -0.000004
-0.000006 -1.000000 -0.000004
-0.555577 0.000000 -0.831465
-0.555577 0.000000 -0.831465
-0.555577 0.000000 -0.831465
-0.555577 0.000000 -0.831465
-0.555577 0.000000 -0.831465
-0.555577 0.000000 -0.831465
-0.195080 0.000000 -0.980787
-0.195080 0.000000 -0.980787
-0.195080 0.000000 -0.980787
-0.195080 0.000000 -0.980787
-0.195080 0.000000 -0.980787
-0.195080 0.000000 -0.980787
-0.555562 0.000000 -0.831475
-0.555562 0.000000 -0.831475
-0.555562 0.000000 -0.831475
-0.555562 0.000000 -0.831475
-0.555562 0.000000 -0.831475
-0.555562 0.000000 -0.831475
-0.195101 0.000000 -0.980783
-0.195101 0.000000 -0.980783
-0.195101 0.000000 -0.980783
-0.195101 0.000000 -0.980783
-0.195101 0.000000 -0.980783
-0.195101 0.000000 -0.980783
-0.831473 0.000000 -0.555565
-0.831473 0.000000 -0.555565
-0.831473 0.000000 -0.555565
-0.831473 0.000000 -0.555565
-0.831473 0.000000 -0.555565
-0.831473 0.000000 -0.555565
-0.831467 0.000000 -0.555575
-0.831467 0.000000 -0.555575
-0.831467 0.000000 -0.555575
-0.831467 0.000000 -0.555575
-0.831467 0.000000 -0.555575
-0.831467 0.000000 -0.555575
-0.980783 0.000000 -0.195101
-0.980784 0.000000 -0.195097
-0.980784 0.000000 -0.195097
-0.980784 0.000000 -0.195097
-0.980783 0.000000 -0.195101
-0.980783 0.000000 -0.195101
-0.980783 0.000000 -0.195101
-0.980783 0.000000 -0.195101
-0.980783 0.000000 -0.195101
-0.980783 0.000000 -0.195101
-0.980783 0.000000 -0.195101
-0.980783 0.000000 -0.195101
0.000000 1.000000 0.000000
0.000000 1.000000 0.000000
0.000000 0.998973 -0.045315
0.000000 0.998973 -0.045315
0.000000 0.998973 -0.045315
0.000000 1.000000 0.000000
1.000000 0.000000 0.000000
1.000000 0.000000 0.000000
1.000000 0.000000 0.000000
0.000000 0.045315 -0.998973
0.000000 0.045315 -0.998973
0.000000 0.000000 -1.000000
0.000000 0.000000 -1.000000
0.000000 0.000000 -1.000000
0.000000 0.045315 -0.998973
0.953198 0.000000 0.302348
0.953199 0.000000 0.302344
0.953199 0.000000 0.302344
0.953199 0.000000 0.302344
0.953198 0.000000 0.302348
0.953198 0.000000 0.302348
0.000000 1.000000 0.000000
-0.000002 1.000000 -0.000002
0.000000 1.000000 -0.000003
0.000000 1.000000 -0.000003
0.000000 1.000000 0.000000
0.000000 1.000000 0.000000
0.000000 0.998973 -0.045315
0.000000 0.998973 -0.045315
0.000000 0.978816 -0.204744
0.000000 0.978816 -0.204744
0.000000 0.978816 -0.204744
0.000000 0.998973 -0.045315
0.000000 0.978816 -0.204744
0.000000 0.978816 -0.204744
0.000000 0.891116 -0.453777
0.000000 0.891116 -0.453777
-0.000001 0.891115 -0.453778
0.000000 0.978816 -0.204744
-0.000001 0.891115 -0.453778
0.000000 0.891116 -0.453777
-0.000005 0.707102 -0.707112
-0.000005 0.707102 -0.707112
-0.000005 0.707103 -0.707110
-0.000001 0.891115 -0.453778
0.000000 0.045315 -0.998973
0.000000 0.045315 -0.998973
0.000000 0.204749 -0.978814
0.000000 0.204749 -0.978814
0.000000 0.204749 -0.978814
0.000000 0.045315 -0.998973
0.000000 0.204749 -0.978814
0.000000 0.204749 -0.978814
0.000000 0.453781 -0.891113
0.000000 0.453781 -0.891113
-0.000002 0.453779 -0.891114
0.000000 0.204749 -0.978814
-0.000002 0.453779 -0.891114
0.000000 0.453781 -0.891113
-0.000005 0.707103 -0.707110
-0.000005 0.707103 -0.707110
-0.000005 0.707102 -0.707112
-0.000002 0.453779 -0.891114
0.000000 1.000000 0.000000
0.000000 1.000000 0.000000
0.000000 1.000000 0.000000
0.000000 1.000000 0.000000
0.000000 1.000000 0.000000
0.000000 1.000000 0.000000
1.000000 0.000000 0.000000
1.000000 0.000000 0.000000
1.000000 0.000000 0.000000
0.000000 0.000000 1.000000
0.000000 0.000000 1.000000
0.000000 0.000000 1.000000
0.000000 0.000000 1.000000
0.000000 0.000000 1.000000
0.000000 0.000000 1.000000
0.953198 0.000000 0.302348
0.953199 0.000000 0.302343
0.953199 0.000000 0.302344
0.953199 0.000000 0.302344
0.953198 0.000000 0.302348
0.953198 0.000000 0.302348
0.000000 0.000000 1.000000
0.000000 0.000000 1.000000
0.000000 0.000000 1.000000
0.000000 0.000000 1.000000
0.000000 0.000000 1.000000
0.000000 0.000000 1.000000
0.000000 -0.833117 0.553097
0.000000 -0.870760 0.491709
0.000000 -0.540938 0.841063
0.000000 -0.540938 0.841063
0.000000 -0.540938 0.841063
0.000000 -0.833117 0.553097
0.000000 0.000000 1.000000
0.000000 0.000000 1.000000
0.000000 0.000000 1.000000
0.000000 0.000000 1.000000
0.000000 0.000000 1.000000
0.000000 0.000000 1.000000
-0.000003 1.000000 -0.000001
0.000000 0.833118 0.553095
-0.000001 0.870761 0.491707
-0.000001 0.870761 0.491707
-0.000006 1.000000 0.000000
-0.000003 1.000000 -0.000001
0.000001 -0.835212 0.549928
0.000002 -0.872444 0.488714
0.000000 -0.546600 0.837394
0.000000 -0.546600 0.837394
0.000000 -0.546600 0.837394
0.000001 -0.835212 0.549928
0.000000 0.000000 1.000000
0.000000 0.000000 1.000000
0.000000 0.000000 1.000000
0.000000 0.000000 1.000000
0.000000 0.000000 1.000000
0.000000 0.000000 1.000000
0.953201 0.000000 0.302337
0.953201 0.000000 0.302337
0.953199 0.000000 0.302344
0.953199 0.000000 0.302344
0.953199 0.000000 0.302344
0.953201 0.000000 0.302337
-0.000002 1.000000 -0.000002
-0.000011 1.000000 0.000001
-0.000006 1.000000 -0.000003
-0.000006 1.000000 -0.000003
0.000000 1.000000 -0.000003
-0.000002 1.000000 -0.000002
0.953201 0.000000 0.302337
0.953201 0.000000 0.302337
0.953199 0.000000 0.302344
0.953199 0.000000 0.302344
0.953199 0.000000 0.302343
0.953201 0.000000 0.302337
0.000000 -1.000000 0.000000
0.000000 -1.000000 0.000000
0.000000 -0.870760 0.491709
0.000000 -0.870760 0.491709
0.000000 -0.833117 0.553097
0.000000 -1.000000 0.000000
0.000000 0.833118 0.553095
0.000000 0.540940 0.841061
0.000000 0.540940 0.841061
0.000000 0.540940 0.841061
-0.000001 0.870761 0.491707
0.000000 0.833118 0.553095
0.000004 -1.000000 0.000002
0.000006 -1.000000 0.000001
0.000002 -0.872444 0.488714
0.000002 -0.872444 0.488714
0.000001 -0.835212 0.549928
0.000004 -1.000000 0.000002
1.000000 0.000000 0.000000
1.000000 0.000000 0.000000
1.000000 0.000000 0.000000
1.000000 0.000000 0.000000
1.000000 0.000000 0.000000
1.000000 0.000000 0.000000
1.000000 0.000000 0.000000
1.000000 0.000000 0.000000
1.000000 0.000000 0.000000
1.000000 0.000000 0.000000
1.000000 0.000000 0.000000
1.000000 0.000000 0.000000
1.000000 0.000000 0.000000
1.000000 0.000000 0.000000
1.000000 0.000000 0.000000
1.000000 0.000000 0.000000
1.000000 0.000000 0.000000
1.000000 0.000000 0.000000
1.000000 0.000000 0.000000
1.000000 0.000000 0.000000
1.000000 0.000000 0.000000
1.000000 0.000000 0.000000
1.000000 0.000000 0.000000
1.000000 0.000000 0.000000
1.000000 0.000000 0.000000
1.000000 0.000000 0.000000
1.000000 0.000000 0.000000
1.000000 0.000000 0.000000
1.000000 0.000000 0.000000
1.000000 0.000000 0.000000
1.000000 0.000000 0.000000
1.000000 0.000000 0.000000
1.000000 0.000000 0.000000
1.000000 0.000000 0.000000
1.000000 0.000000 0.000000
1.000000 0.000000 0.000000
1.000000 0.000000 0.000000
1.000000 0.000000 0.000000
1.000000 0.000000 0.000000
1.000000 0.000000 0.000000
1.000000 0.000000 0.000000
1.000000 0.000000 0.000000
1.000000 0.000000 0.000000
1.000000 0.000000 0.000000
1.000000 0.000000 0.000000
1.000000 0.000000 0.000000
1.000000 0.000000 0.000000
1.000000 0.000000 0.000000
1.000000 0.000000 0.000000
1.000000 0.000000 0.000000
1.000000 0.000000 0.000000
1.000000 0.000000 0.000000
1.000000 0.000000 0.000000
1.000000 0.000000 0.000000
1.000000 0.000000 0.000000
1.000000 0.000000 0.000000
1.000000 0.000000 0.000000
1.000000 0.000000 -0.000005
1.000000 0.000000 -0.000003
0.923879 0.000000 0.382684
0.923879 0.000000 0.382684
0.923879 0.000000 0.382685
1.000000 0.000000 -0.000005
1.000000 0.000000 -0.000003
1.000000 0.000000 -0.000003
0.923877 0.000000 0.382690
0.923877 0.000000 0.382690
0.923877 0.000000 0.382690
1.000000 0.000000 -0.000003
0.923879 0.000000 0.382685
0.923879 0.000000 0.382684
0.707103 0.000000 0.707111
0.707103 0.000000 0.707111
0.707103 0.000000 0.707111
0.923879 0.000000 0.382685
0.923877 0.000000 0.382690
0.923877 0.000000 0.382690
0.707105 0.000000 0.707109
0.707105 0.000000 0.707109
0.707105 0.000000 0.707109
0.923877 0.000000 0.382690
0.707103 0.000000 0.707111
0.707103 0.000000 0.707111
0.382684 0.000000 0.923879
0.382684 0.000000 0.923879
0.382684 0.000000 0.923879
0.707103 0.000000 0.707111
0.707105 0.000000 0.707109
0.707105 0.000000 0.707109
0.382682 0.000000 0.923880
0.382682 0.000000 0.923880
0.382682 0.000000 0.923880
0.707105 0.000000 0.707109
0.382684 0.000000 0.923879
0.382684 0.000000 0.923879
0.000000 0.000000 1.000000
0.000000 0.000000 1.000000
0.000000 0.000000 1.000000
0.382684 0.000000 0.923879
0.382682 0.000000 0.923880
0.382682 0.000000 0.923880
0.000000 0.000000 1.000000
0.000000 0.000000 1.000000
0.000000 0.000000 1.000000
0.382682 0.000000 0.923880
0.000000 0.000000 1.000000
0.000000 0.000000 1.000000
-0.382681 0.000000 0.923880
-0.382681 0.000000 0.923880
-0.382681 0.000000 0.923880
0.000000 0.000000 1.000000
0.000000 0.000000 1.000000
0.000000 0.000000 1.000000
-0.382680 0.000000 0.923881
-0.382680 0.000000 0.923881
-0.382680 0.000000 0.923881
0.000000 0.000000 1.000000
-0.382681 0.000000 0.923880
-0.382681 0.000000 0.923880
-0.707104 0.000000 0.707110
-0.707104 0.000000 0.707110
-0.707104 0.000000 0.707110
-0.382681 0.000000 0.923880
-0.382680 0.000000 0.923881
-0.382680 0.000000 0.923881
-0.707106 0.000000 0.707108
-0.707106 0.000000 0.707108
-0.707106 0.000000 0.707108
-0.382680 0.000000 0.923881
-0.707104 0.000000 0.707110
-0.707104 0.000000 0.707110
-0.923881 0.000000 0.382680
-0.923881 0.000000 0.382680
-0.923881 0.000000 0.382680
-0.707104 0.000000 0.707110
-0.707106 0.000000 0.707108
-0.707106 0.000000 0.707108
-0.923879 0.000000 0.382684
-0.923879 0.000000 0.382684
-0.923879 0.000000 0.382686
-0.707106 0.000000 0.707108
-0.923881 0.000000 0.382680
-0.923881 0.000000 0.382680
-0.980785 0.000000 0.195090
-0.980785 0.000000 0.195090
-0.980785 0.000000 0.195090
-0.923881 0.000000 0.382680
-0.923879 0.000000 0.382686
-0.923879 0.000000 0.382684
-0.980786 0.000000 0.195086
-0.980786 0.000000 0.195086
-0.980785 0.000000 0.195090
-0.923879 0.000000 0.382686
0.195101 0.000000 -0.980783
0.195101 0.000000 -0.980783
0.382684 0.000000 -0.923879
0.382684 0.000000 -0.923879
0.382670 0.000000 -0.923885
0.195101 0.000000 -0.980783
0.195080 0.000000 -0.980787
0.195080 0.000000 -0.980787
0.382682 0.000000 -0.923880
0.382682 0.000000 -0.923880
0.382667 0.000000 -0.923886
0.195080 0.000000 -0.980787
0.382670 0.000000 -0.923885
0.382684 0.000000 -0.923879
0.707101 0.000000 -0.707112
0.707101 0.000000 -0.707112
0.707106 0.000000 -0.707108
0.382670 0.000000 -0.923885
0.382667 0.000000 -0.923886
0.382682 0.000000 -0.923880
0.707108 0.000000 -0.707106
0.707108 0.000000 -0.707106
0.707108 0.000000 -0.707106
0.382667 0.000000 -0.923886
0.707106 0.000000 -0.707108
0.707101 0.000000 -0.707112
0.923877 0.000000 -0.382689
0.923877 0.000000 -0.382689
0.923879 0.000000 -0.382685
0.707106 0.000000 -0.707108
0.707108 0.000000 -0.707106
0.707108 0.000000 -0.707106
0.923877 0.000000 -0.382689
0.923877 0.000000 -0.382689
0.923877 0.000000 -0.382689
0.707108 0.000000 -0.707106
0.923879 0.000000 -0.382685
0.923877 0.000000 -0.382689
1.000000 0.000000 -0.000003
1.000000 0.000000 -0.000003
1.000000 0.000000 -0.000005
0.923879 0.000000 -0.382685
0.923877 0.000000 -0.382689
0.923877 0.000000 -0.382689
1.000000 0.000000 -0.000003
1.000000 0.000000 -0.000003
1.000000 0.000000 -0.000003
0.923877 0.000000 -0.382689
0.000000 -1.000000 0.000000
0.000000 -1.000000 0.000000
0.000000 -1.000000 0.000000
0.000000 -1.000000 0.000000
0.000000 -1.000000 0.000000
0.000000 -1.000000 0.000000
0.000000 -1.000000 0.000000
0.000000 -1.000000 0.000000
0.000000 -1.000000 0.000000
0.000220 -1.000000 0.000091
0.000220 -1.000000 0.000091
0.000220 -1.000000 0.000091
0.000018 -1.000000 0.000091
0.000018 -1.000000 0.000091
0.000018 -1.000000 0.000091
0.000052 -1.000000 0.000077
0.000052 -1.000000 0.000077
0.000052 -1.000000 0.000077
-0.000091 -1.000000 0.000220
-0.000091 -1.000000 0.000220
-0.000091 -1.000000 0.000220
0.000000 -1.000000 0.000000
0.000000 -1.000000 0.000000
0.000000 -1.000000 0.000000
0.000000 -1.000000 0.000000
0.000000 -1.000000 0.000000
0.000000 -1.000000 0.000000
0.000000 -1.000000 0.000000
0.000000 -1.000000 0.000000
0.000000 -1.000000 0.000000
0.000000 -1.000000 0.000000
0.000000 -1.000000 0.000000
0.000000 -1.000000 0.000000
0.000000 -1.000000 0.000000
0.000000 -1.000000 0.000000
0.000000 -1.000000 0.000000
0.000000 -1.000000 0.000000
0.000000 -1.000000 0.000000
0.000000 -1.000000 0.000000
0.000000 -1.000000 0.000000
0.000000 -1.000000 0.000000
0.000000 -1.000000 0.000000
0.000000 -1.000000 0.000000
0.000000 -1.000000 0.000000
0.000000 -1.000000 0.000000
0.000000 -1.000000 0.000000
0.000000 -1.000000 0.000000
0.000000 -1.000000 0.000000
-0.000004 1.000000 0.000005
-0.000004 1.000000 0.000005
-0.000004 1.000000 0.000005
-0.000002 1.000000 -0.000001
-0.000002 1.000000 -0.000001
-0.000002 1.000000 -0.000001
-0.000001 1.000000 -0.000002
-0.000001 1.000000 -0.000002
-0.000001 1.000000 -0.000002
0.000000 1.000000 -0.000002
0.000000 1.000000 -0.000002
0.000000 1.000000 -0.000002
0.000000 1.000000 -0.000002
0.000000 1.000000 -0.000002
0.000000 1.000000 -0.000002
0.000001 1.000000 -0.000002
0.000001 1.000000 -0.000002
0.000001 1.000000 -0.000002
0.000002 1.000000 -0.000001
0.000002 1.000000 -0.000001
0.000002 1.000000 -0.000001
0.000002 1.000000 0.000000
0.000002 1.000000 0.000000
0.000002 1.000000 0.000000
0.000002 1.000000 0.000000
0.000002 1.000000 0.000000
0.000002 1.000000 0.000000
0.000002 1.000000 0.000001
0.000002 1.000000 0.000001
0.000002 1.000000 0.000001
0.000001 1.000000 0.000002
0.000001 1.000000 0.000002
0.000001 1.000000 0.000002
0.000000 1.000000 0.000002
0.000000 1.000000 0.000002
0.000000 1.000000 0.000002
0.000000 1.000000 0.000002
0.000000 1.000000 0.000002
0.000000 1.000000 0.000002
-0.000001 1.000000 0.000002
-0.000001 1.000000 0.000002
-0.000001 1.000000 0.000002
-0.000002 1.000000 0.000001
-0.000002 1.000000 0.000001
-0.000002 1.000000 0.000001
-0.000004 1.000000 -0.000005
-0.000004 1.000000 -0.000005
-0.000004 1.000000 -0.000005
0.000003 -1.000000 -0.000001
0.000003 -1.000000 -0.000001
0.000003 -1.000000 -0.000001
0.000003 -1.000000 -0.000002
0.000003 -1.000000 -0.000002
0.000003 -1.000000 -0.000002
0.000002 -1.000000 -0.000003
0.000002 -1.000000 -0.000003
0.000002 -1.000000 -0.000003
0.000246 -1.000000 0.000099
0.000246 -1.000000 0.000099
0.000246 -1.000000 0.000099
0.000020 -1.000000 0.000099
0.000020 -1.000000 0.000099
0.000020 -1.000000 0.000099
0.000056 -1.000000 0.000084
0.000056 -1.000000 0.000084
0.000056 -1.000000 0.000084
-0.000104 -1.000000 0.000244
-0.000104 -1.000000 0.000244
-0.000104 -1.000000 0.000244
-0.000003 -1.000000 -0.000001
-0.000003 -1.000000 -0.000001
-0.000003 -1.000000 -0.000001
-0.000003 -1.000000 0.000001
-0.000003 -1.000000 0.000001
-0.000003 -1.000000 0.000001
-0.000003 -1.000000 0.000002
-0.000003 -1.000000 0.000002
-0.000003 -1.000000 0.000002
-0.000002 -1.000000 0.000003
-0.000002 -1.000000 0.000003
-0.000002 -1.000000 0.000003
-0.000001 -1.000000 0.000003
-0.000001 -1.000000 0.000003
-0.000001 -1.000000 0.000003
0.000001 -1.000000 0.000003
0.000001 -1.000000 0.000003
0.000001 -1.000000 0.000003
0.000002 -1.000000 0.000003
0.000002 -1.000000 0.000003
0.000002 -1.000000 0.000003
0.000003 -1.000000 0.000002
0.000003 -1.000000 0.000002
0.000003 -1.000000 0.000002
0.000003 -1.000000 0.000001
0.000003 -1.000000 0.000001
0.000003 -1.000000 0.000001
-0.000006 1.000000 0.000004
-0.000006 1.000000 0.000004
-0.000006 1.000000 0.000004
-0.000004 1.000000 -0.000002
-0.000004 1.000000 -0.000002
-0.000004 1.000000 -0.000002
-0.000002 1.000000 -0.000004
-0.000002 1.000000 -0.000004
-0.000002 1.000000 -0.000004
-0.000001 1.000000 -0.000004
-0.000001 1.000000 -0.000004
-0.000001 1.000000 -0.000004
0.000001 1.000000 -0.000004
0.000001 1.000000 -0.000004
0.000001 1.000000 -0.000004
0.000002 1.000000 -0.000004
0.000002 1.000000 -0.000004
0.000002 1.000000 -0.000004
0.000004 1.000000 -0.000002
0.000004 1.000000 -0.000002
0.000004 1.000000 -0.000002
0.000004 1.000000 -0.000001
0.000004 1.000000 -0.000001
0.000004 1.000000 -0.000001
0.000004 1.000000 0.000001
0.000004 1.000000 0.000001
0.000004 1.000000 0.000001
0.000004 1.000000 0.000002
0.000004 1.000000 0.000002
0.000004 1.000000 0.000002
0.000002 1.000000 0.000004
0.000002 1.000000 0.000004
0.000002 1.000000 0.000004
0.000001 1.000000 0.000004
0.000001 1.000000 0.000004
0.000001 1.000000 0.000004
-0.000001 1.000000 0.000004
-0.000001 1.000000 0.000004
-0.000001 1.000000 0.000004
-0.000002 1.000000 0.000004
-0.000002 1.000000 0.000004
-0.000002 1.000000 0.000004
-0.000004 1.000000 0.000002
-0.000004 1.000000 0.000002
-0.000004 1.000000 0.000002
-0.000006 1.000000 -0.000004
-0.000006 1.000000 -0.000004
-0.000006 1.000000 -0.000004
-0.555577 0.000000 -0.831465
-0.555577 0.000000 -0.831465
-0.555577 0.000000 -0.831465
-0.555577 0.000000 -0.831465
-0.555577 0.000000 -0.831465
-0.555577 0.000000 -0.831465
-0.195080 0.000000 -0.980787
-0.195080 0.000000 -0.980787
-0.195080 0.000000 -0.980787
-0.195080 0.000000 -0.980787
-0.195080 0.000000 -0.980787
-0.195080 0.000000 -0.980787
-0.555562 0.000000 -0.831475
-0.555562 0.000000 -0.831475
-0.555562 0.000000 -0.831475
-0.555562 0.000000 -0.831475
-0.555562 0.000000 -0.831475
-0.555562 0.000000 -0.831475
-0.195101 0.000000 -0.980783
-0.195101 0.000000 -0.980783
-0.195101 0.000000 -0.980783
-0.195101 0.000000 -0.980783
-0.195101 0.000000 -0.980783
-0.195101 0.000000 -0.980783
-0.831473 0.000000 -0.555565
-0.831473 0.000000 -0.555565
-0.831473 0.000000 -0.555565
-0.831473 0.000000 -0.555565
-0.831473 0.000000 -0.555565
-0.831473 0.000000 -0.555565
-0.831467 0.000000 -0.555575
-0.831467 0.000000 -0.555575
-0.831467 0.000000 -0.555575
-0.831467 0.000000 -0.555575
-0.831467 0.000000 -0.555575
-0.831467 0.000000 -0.555575
-0.980783 0.000000 -0.195101
-0.980783 0.000000 -0.195101
-0.980784 0.000000 -0.195097
-0.980784 0.000000 -0.195097
-0.980784 0.000000 -0.195097
-0.980783 0.000000 -0.195101
-0.980783 0.000000 -0.195101
-0.980783 0.000000 -0.195101
-0.980783 0.000000 -0.195101
-0.980783 0.000000 -0.195101
-0.980783 0.000000 -0.195101
-0.980783 0.000000 -0.195101
0.000000 -1.000000 0.000000
0.000000 -0.998973 -0.045315
0.000000 -0.998973 -0.045315
0.000000 -0.998973 -0.045315
0.000000 -1.000000 0.000000
0.000000 -1.000000 0.000000
1.000000 0.000000 0.000000
1.000000 0.000000 0.000000
1.000000 0.000000 0.000000
0.000000 -0.045315 -0.998973
0.000000 0.000000 -1.000000
0.000000 0.000000 -1.000000
0.000000 0.000000 -1.000000
0.000000 -0.045315 -0.998973
0.000000 -0.045315 -0.998973
0.953198 0.000000 0.302348
0.953198 0.000000 0.302348
0.953199 0.000000 0.302344
0.953199 0.000000 0.302344
0.953199 0.000000 0.302344
0.953198 0.000000 0.302348
0.000000 -1.000000 0.000000
0.000000 -1.000000 0.000000
0.000000 -1.000000 -0.000003
0.000000 -1.000000 -0.000003
-0.000002 -1.000000 -0.000002
0.000000 -1.000000 0.000000
0.000000 -0.998973 -0.045315
0.000000 -0.978816 -0.204744
0.000000 -0.978816 -0.204744
0.000000 -0.978816 -0.204744
0.000000 -0.998973 -0.045315
0.000000 -0.998973 -0.045315
0.000000 -0.978816 -0.204744
-0.000001 -0.891115 -0.453778
0.000000 -0.891116 -0.453777
0.000000 -0.891116 -0.453777
0.000000 -0.978816 -0.204744
0.000000 -0.978816 -0.204744
-0.000001 -0.891115 -0.453778
-0.000005 -0.707103 -0.707110
-0.000005 -0.707102 -0.707112
-0.000005 -0.707102 -0.707112
0.000000 -0.891116 -0.453777
-0.000001 -0.891115 -0.453778
0.000000 -0.045315 -0.998973
0.000000 -0.204749 -0.978814
0.000000 -0.204749 -0.978814
0.000000 -0.204749 -0.978814
0.000000 -0.045315 -0.998973
0.000000 -0.045315 -0.998973
0.000000 -0.204749 -0.978814
-0.000002 -0.453779 -0.891114
0.000000 -0.453781 -0.891113
0.000000 -0.453781 -0.891113
0.000000 -0.204749 -0.978814
0.000000 -0.204749 -0.978814
-0.000002 -0.453779 -0.891114
-0.000005 -0.707102 -0.707112
-0.000005 -0.707103 -0.707110
-0.000005 -0.707103 -0.707110
0.000000 -0.453781 -0.891113
-0.000002 -0.453779 -0.891114
0.000000 -1.000000 0.000000
0.000000 -1.000000 0.000000
0.000000 -1.000000 0.000000
0.000000 -1.000000 0.000000
0.000000 -1.000000 0.000000
0.000000 -1.000000 0.000000
1.000000 0.000000 0.000000
1.000000 0.000000 0.000000
1.000000 0.000000 0.000000
0.000000 0.000000 1.000000
0.000000 0.000000 1.000000
0.000000 0.000000 1.000000
0.000000 0.000000 1.000000
0.000000 0.000000 1.000000
0.000000 0.000000 1.000000
0.953198 0.000000 0.302348
0.953198 0.000000 0.302348
0.953199 0.000000 0.302344
0.953199 0.000000 0.302344
0.953199 0.000000 0.302343
0.953198 0.000000 0.302348
0.000000 0.000000 1.000000
0.000000 0.000000 1.000000
0.000000 0.000000 1.000000
0.000000 0.000000 1.000000
0.000000 0.000000 1.000000
0.000000 0.000000 1.000000
0.000000 0.833117 0.553097
0.000000 0.540938 0.841063
0.000000 0.540938 0.841063
0.000000 0.540938 0.841063
0.000000 0.870760 0.491709
0.000000 0.833117 0.553097
0.000000 0.000000 1.000000
0.000000 0.000000 1.000000
0.000000 0.000000 1.000000
0.000000 0.000000 1.000000
0.000000 0.000000 1.000000
0.000000 0.000000 1.000000
-0.000003 -1.000000 -0.000001
-0.000006 -1.000000 0.000000
-0.000001 -0.870761 0.491707
-0.000001 -0.870761 0.491707
0.000000 -0.833118 0.553095
-0.000003 -1.000000 -0.000001
0.000001 0.835212 0.549928
0.000000 0.546600 0.837394
0.000000 0.546600 0.837394
0.000000 0.546600 0.837394
0.000002 0.872444 0.488714
0.000001 0.835212 0.549928
0.000000 0.000000 1.000000
0.000000 0.000000 1.000000
0.000000 0.000000 1.000000
0.000000 0.000000 1.000000
0.000000 0.000000 1.000000
0.000000 0.000000 1.000000
0.953201 0.000000 0.302337
0.953199 0.000000 0.302344
0.953199 0.000000 0.302344
0.953199 0.000000 0.302344
0.953201 0.000000 0.302337
0.953201 0.000000 0.302337
-0.000002 -1.000000 -0.000002
0.000000 -1.000000 -0.000003
-0.000006 -1.000000 -0.000003
-0.000006 -1.000000 -0.000003
-0.000011 -1.000000 0.000001
-0.000002 -1.000000 -0.000002
0.953201 0.000000 0.302337
0.953199 0.000000 0.302343
0.953199 0.000000 0.302344
0.953199 0.000000 0.302344
0.953201 0.000000 0.302337
0.953201 0.000000 0.302337
0.000000 1.000000 0.000000
0.000000 0.833117 0.553097
0.000000 0.870760 0.491709
0.000000 0.870760 0.491709
0.000000 1.000000 0.000000
0.000000 1.000000 0.000000
0.000000 -0.833118 0.553095
-0.000001 -0.870761 0.491707
0.000000 -0.540940 0.841061
0.000000 -0.540940 0.841061
0.000000 -0.540940 0.841061
0.000000 -0.833118 0.553095
0.000004 1.000000 0.000002
0.000001 0.835212 0.549928
0.000002 0.872444 0.488714
0.000002 0.872444 0.488714
0.000006 1.000000 0.000001
0.000004 1.000000 0.000002
1.000000 0.000000 0.000000
1.000000 0.000000 0.000000
1.000000 0.000000 0.000000
1.000000 0.000000 0.000000
1.000000 0.000000 0.000000
1.000000 0.000000 0.000000
1.000000 0.000000 0.000000
1.000000 0.000000 0.000000
1.000000 0.000000 0.000000
1.000000 0.000000 0.000000
1.000000 0.000000 0.000000
1.000000 0.000000 0.000000
1.000000 0.000000 0.000000
1.000000 0.000000 0.000000
1.000000 0.000000 0.000000
1.000000 0.000000 0.000000
1.000000 0.000000 0.000000
1.000000 0.000000 0.000000
1.000000 0.000000 0.000000
1.000000 0.000000 0.000000
1.000000 0.000000 0.000000
1.000000 0.000000 0.000000
1.000000 0.000000 0.000000
1.000000 0.000000 0.000000
1.000000 0.000000 0.000000
1.000000 0.000000 0.000000
1.000000 0.000000 0.000000
1.000000 0.000000 0.000000
1.000000 0.000000 0.000000
1.000000 0.000000 0.000000
1.000000 0.000000 0.000000
1.000000 0.000000 0.000000
1.000000 0.000000 0.000000
1.000000 0.000000 0.000000
1.000000 0.000000 0.000000
1.000000 0.000000 0.000000
1.000000 0.000000 0.000000
1.000000 0.000000 0.000000
1.000000 0.000000 0.000000
1.000000 0.000000 0.000000
1.000000 0.000000 0.000000
1.000000 0.000000 0.000000
1.000000 0.000000 0.000000
1.000000 0.000000 0.000000
1.000000 0.000000 0.000000
1.000000 0.000000 0.000000
1.000000 0.000000 0.000000
1.000000 0.000000 0.000000
1.000000 0.000000 0.000000
1.000000 0.000000 0.000000
1.000000 0.000000 0.000000
1.000000 0.000000 0.000000
1.000000 0.000000 0.000000
1.000000 0.000000 0.000000
1.000000 0.000000 0.000000
1.000000 0.000000 0.000000
1.000000 0.000000 0.000000
-0.555557 0.000000 0.831478
-0.707103 0.000000 0.707110
-0.707102 0.000000 0.707111
-0.707102 0.000000 0.707111
-0.555562 0.000000 0.831475
-0.555557 0.000000 0.831478
-0.707103 0.000000 0.707110
-0.923881 0.000000 0.382680
-0.923879 0.000000 0.382684
-0.923879 0.000000 0.382684
-0.707102 0.000000 0.707111
-0.707103 0.000000 0.707110
-0.923881 0.000000 0.382680
-1.000000 0.000000 -0.000005
-1.000000 0.000000 -0.000005
-1.000000 0.000000 -0.000005
-0.923879 0.000000 0.382684
-0.923881 0.000000 0.382680
-0.000010 0.000000 -1.000000
0.382674 0.000000 -0.923883
0.382684 0.000000 -0.923879
0.382684 0.000000 -0.923879
0.000000 0.000000 -1.000000
-0.000010 0.000000 -1.000000
0.382674 0.000000 -0.923883
0.707106 0.000000 -0.707108
0.707101 0.000000 -0.707112
0.707101 0.000000 -0.707112
0.382684 0.000000 -0.923879
0.382674 0.000000 -0.923883
0.707106 0.000000 -0.707108
0.923879 0.000000 -0.382685
0.923877 0.000000 -0.382689
0.923877 0.000000 -0.382689
0.707101 0.000000 -0.707112
0.707106 0.000000 -0.707108
0.923879 0.000000 -0.382685
0.995184 0.000000 -0.098022
0.995184 0.000000 -0.098020
0.995184 0.000000 -0.098020
0.923877 0.000000 -0.382689
0.923879 0.000000 -0.382685
0.000000 1.000000 0.000000
0.000000 1.000000 0.000000
0.000009 1.000000 0.000021
0.000000 1.000000 0.000000
0.000000 1.000000 0.000000
0.000009 1.000000 0.000021
0.000000 1.000000 0.000000
0.000077 1.000000 0.000032
0.000009 1.000000 0.000021
0.000077 1.000000 0.000032
0.000083 1.000000 0.000064
0.000009 1.000000 0.000021
0.000083 1.000000 0.000064
0.000024 1.000000 0.000059
0.000009 1.000000 0.000021
0.000024 1.000000 0.000059
-0.000014 1.000000 0.000104
0.000009 1.000000 0.000021
-0.000014 1.000000 0.000104
-0.000032 1.000000 0.000077
0.000009 1.000000 0.000021
-0.000032 1.000000 0.000077
0.000000 1.000000 0.000000
0.000009 1.000000 0.000021
0.000000 1.000000 0.000000
0.000000 1.000000 0.000000
0.000009 1.000000 0.000021
0.000000 1.000000 0.000000
0.000000 1.000000 0.000000
0.000009 1.000000 0.000021
0.000000 1.000000 0.000000
0.000000 1.000000 0.000000
0.000009 1.000000 0.000021
0.000000 1.000000 0.000000
0.000000 1.000000 0.000000
0.000009 1.000000 0.000021
0.000000 1.000000 0.000000
0.000000 1.000000 0.000000
0.000009 1.000000 0.000021
0.000000 1.000000 0.000000
0.000000 1.000000 0.000000
0.000009 1.000000 0.000021
0.000000 1.000000 0.000000
0.000000 1.000000 0.000000
0.000009 1.000000 0.000021
0.000000 1.000000 0.000000
0.000000 1.000000 0.000000
0.000009 1.000000 0.000021
-0.000004 -1.000000 0.000000
-0.000010 -1.000000 -0.000001
0.000000 -1.000000 0.000000
-0.000010 -1.000000 -0.000001
-0.000002 -1.000000 -0.000002
0.000000 -1.000000 0.000000
-0.000002 -1.000000 -0.000002
-0.000002 -1.000000 -0.000001
0.000000 -1.000000 0.000000
-0.000002 -1.000000 -0.000001
0.000000 -1.000000 -0.000002
0.000000 -1.000000 0.000000
0.000000 -1.000000 -0.000002
0.000001 -1.000000 -0.000002
0.000000 -1.000000 0.000000
0.000001 -1.000000 -0.000002
0.000001 -1.000000 -0.000001
0.000000 -1.000000 0.000000
0.000001 -1.000000 -0.000001
0.000002 -1.000000 -0.000001
0.000000 -1.000000 0.000000
0.000002 -1.000000 -0.000001
0.000002 -1.000000 0.000000
0.000000 -1.000000 0.000000
0.000002 -1.000000 0.000000
0.000002 -1.000000 0.000001
0.000000 -1.000000 0.000000
0.000002 -1.000000 0.000001
0.000001 -1.000000 0.000001
0.000000 -1.000000 0.000000
0.000001 -1.000000 0.000001
0.000001 -1.000000 0.000002
0.000000 -1.000000 0.000000
0.000001 -1.000000 0.000002
0.000000 -1.000000 0.000002
0.000000 -1.000000 0.000000
0.000000 -1.000000 0.000002
-0.000001 -1.000000 0.000002
0.000000 -1.000000 0.000000
-0.000001 -1.000000 0.000002
-0.000001 -1.000000 0.000001
0.000000 -1.000000 0.000000
-0.000001 -1.000000 0.000001
-0.000002 -1.000000 0.000000
0.000000 -1.000000 0.000000
-0.000002 -1.000000 0.000000
-0.000004 -1.000000 0.000000
0.000000 -1.000000 0.000000
0.000004 1.000000 0.000000
0.000004 1.000000 -0.000002
0.000010 1.000000 0.000024
0.000004 1.000000 -0.000002
0.000003 1.000000 -0.000003
0.000010 1.000000 0.000024
0.000003 1.000000 -0.000003
0.000091 1.000000 0.000033
0.000010 1.000000 0.000024
0.000091 1.000000 0.000033
0.000097 1.000000 0.000070
0.000010 1.000000 0.000024
0.000097 1.000000 0.000070
0.000027 1.000000 0.000065
0.000010 1.000000 0.000024
0.000027 1.000000 0.000065
-0.000019 1.000000 0.000118
0.000010 1.000000 0.000024
-0.000019 1.000000 0.000118
-0.000041 1.000000 0.000088
0.000010 1.000000 0.000024
-0.000041 1.000000 0.000088
-0.000004 1.000000 0.000000
0.000010 1.000000 0.000024
-0.000004 1.000000 0.000000
-0.000004 1.000000 0.000002
0.000010 1.000000 0.000024
-0.000004 1.000000 0.000002
-0.000003 1.000000 0.000003
0.000010 1.000000 0.000024
-0.000003 1.000000 0.000003
-0.000002 1.000000 0.000004
0.000010 1.000000 0.000024
-0.000002 1.000000 0.000004
0.000000 1.000000 0.000004
0.000010 1.000000 0.000024
0.000000 1.000000 0.000004
0.000001 1.000000 0.000003
0.000010 1.000000 0.000024
0.000001 1.000000 0.000003
0.000001 1.000000 0.000001
0.000010 1.000000 0.000024
0.000001 1.000000 0.000001
0.000002 1.000000 0.000001
0.000010 1.000000 0.000024
0.000002 1.000000 0.000001
0.000004 1.000000 0.000000
0.000010 1.000000 0.000024
-0.382684 0.000000 -0.923879
-0.707106 0.000000 -0.707108
-0.707098 0.000000 -0.707115
-0.707098 0.000000 -0.707115
-0.382684 0.000000 -0.923879
-0.382684 0.000000 -0.923879
0.000000 0.000000 -1.000000
-0.382684 0.000000 -0.923879
-0.382684 0.000000 -0.923879
-0.382684 0.000000 -0.923879
-0.000010 0.000000 -1.000000
0.000000 0.000000 -1.000000
-0.707098 0.000000 -0.707115
-0.707106 0.000000 -0.707108
-0.923879 0.000000 -0.382685
-0.923879 0.000000 -0.382685
-0.923875 0.000000 -0.382695
-0.707098 0.000000 -0.707115
-0.707099 0.000000 -0.707114
-0.707108 0.000000 -0.707106
-0.923877 0.000000 -0.382689
-0.923877 0.000000 -0.382689
-0.923873 0.000000 -0.382700
-0.707099 0.000000 -0.707114
-1.000000 0.000000 -0.000005
-1.000000 0.000000 -0.000005
-0.923875 0.000000 -0.382695
-0.923875 0.000000 -0.382695
-0.923879 0.000000 -0.382685
-1.000000 0.000000 -0.000005
0.000000 1.000000 0.000000
0.000000 1.000000 0.000000
0.000000 1.000000 0.000000
0.000000 1.000000 0.000000
0.000000 1.000000 0.000000
0.000000 1.000000 0.000000
0.000000 1.000000 0.000000
0.000000 1.000000 0.000000
0.000000 1.000000 0.000000
0.000000 1.000000 0.000000
0.000000 1.000000 0.000000
0.000000 1.000000 0.000000
-0.000002 -1.000000 -0.000001
-0.000002 -1.000000 -0.000002
-0.000004 -1.000000 -0.000002
-0.000004 -1.000000 -0.000002
-0.000005 -1.000000 0.000004
-0.000002 -1.000000 -0.000001
-0.000002 -1.000000 -0.000002
-0.000010 -1.000000 -0.000001
-0.000004 -1.000000 -0.000002
-0.000010 -1.000000 -0.000001
-0.000004 -1.000000 0.000000
-0.000004 -1.000000 -0.000002
0.995184 0.000000 -0.098020
0.995184 0.000000 -0.098022
1.000000 0.000000 0.000000
1.000000 0.000000 0.000000
1.000000 0.000000 0.000000
0.995184 0.000000 -0.098020
0.000004 1.000000 0.000000
0.000002 1.000000 0.000001
0.000000 1.000000 0.000000
0.000002 1.000000 0.000001
0.000001 1.000000 0.000001
0.000000 1.000000 0.000000
0.000001 1.000000 0.000001
0.000001 1.000000 0.000003
0.000000 1.000000 0.000000
0.000000 1.000000 0.000000
0.000000 1.000000 0.000000
0.000001 1.000000 0.000001
0.000000 0.000000 -1.000000
0.000000 0.000000 -1.000000
0.000000 0.000000 -1.000000
0.000000 0.000000 -1.000000
0.000000 0.000000 -1.000000
0.000000 0.000000 -1.000000
0.000000 0.000001 -1.000000
0.000000 0.000001 -1.000000
0.000000 0.000001 -1.000000
0.000000 0.000001 -1.000000
0.000000 0.000001 -1.000000
0.000000 0.000001 -1.000000
0.000001 1.000000 0.000010
-0.525730 0.850652 0.000008
-0.525732 0.850650 0.000008
-0.525732 0.850650 0.000008
0.000002 1.000000 0.000010
0.000001 1.000000 0.000010
0.000006 1.000000 0.000008
0.000001 1.000000 0.000010
0.000002 1.000000 0.000010
0.000002 1.000000 0.000010
0.000004 1.000000 0.000009
0.000006 1.000000 0.000008
0.000005 1.000000 0.000004
0.000006 1.000000 0.000008
0.000004 1.000000 0.000009
0.000004 1.000000 0.000009
0.000004 1.000000 0.000004
0.000005 1.000000 0.000004
0.000005 1.000000 0.000004
0.000004 1.000000 0.000004
0.000000 1.000000 0.000000
0.000000 1.000000 0.000000
0.000000 1.000000 0.000000
0.000005 1.000000 0.000004
-1.000000 0.000000 0.000000
-1.000000 0.000000 0.000000
-0.973249 0.229753 0.000001
-0.973249 0.229753 0.000001
-0.973249 0.229754 0.000002
-1.000000 0.000000 0.000000
0.000000 0.000000 1.000000
0.000000 0.000000 1.000000
0.000000 0.000000 1.000000
0.000000 0.000000 1.000000
0.000000 0.000000 1.000000
0.000000 0.000000 1.000000
0.000000 0.000000 1.000000
0.000000 0.000000 1.000000
0.000000 0.000000 1.000000
-0.525732 0.850650 0.000008
-0.525730 0.850652 0.000008
-0.973249 0.229754 0.000002
-0.973249 0.229754 0.000002
-0.973249 0.229753 0.000001
-0.525732 0.850650 0.000008
-0.555572 0.000000 0.831468
-0.707106 0.000000 0.707108
-0.707106 0.000000 0.707108
-0.707106 0.000000 0.707108
-0.555572 0.000000 0.831468
-0.555572 0.000000 0.831468
-0.707106 0.000000 0.707108
-0.923878 0.000000 0.382686
-0.923879 0.000000 0.382686
-0.923879 0.000000 0.382686
-0.707106 0.000000 0.707108
-0.707106 0.000000 0.707108
-0.923878 0.000000 0.382686
-1.000000 0.000000 -0.000003
-1.000000 0.000000 -0.000003
-1.000000 0.000000 -0.000003
-0.923879 0.000000 0.382686
-0.923878 0.000000 0.382686
-0.000012 0.000000 -1.000000
0.382671 0.000000 -0.923885
0.382682 0.000000 -0.923880
0.382682 0.000000 -0.923880
0.000000 0.000000 -1.000000
-0.000012 0.000000 -1.000000
0.382671 0.000000 -0.923885
0.707108 0.000000 -0.707106
0.707108 0.000000 -0.707106
0.707108 0.000000 -0.707106
0.382682 0.000000 -0.923880
0.382671 0.000000 -0.923885
0.707108 0.000000 -0.707106
0.923877 0.000000 -0.382689
0.923877 0.000000 -0.382689
0.923877 0.000000 -0.382689
0.707108 0.000000 -0.707106
0.707108 0.000000 -0.707106
0.923877 0.000000 -0.382689
0.995184 0.000000 -0.098020
0.995184 0.000000 -0.098020
0.995184 0.000000 -0.098020
0.923877 0.000000 -0.382689
0.923877 0.000000 -0.382689
-0.707099 0.000000 -0.707114
-0.382682 0.000000 -0.923880
-0.382682 0.000000 -0.923880
-0.382682 0.000000 -0.923880
-0.707108 0.000000 -0.707106
-0.707099 0.000000 -0.707114
-0.382682 0.000000 -0.923880
-0.000012 0.000000 -1.000000
0.000000 0.000000 -1.000000
0.000000 0.000000 -1.000000
-0.382682 0.000000 -0.923880
-0.382682 0.000000 -0.923880
-1.000000 0.000000 -0.000003
-0.923873 0.000000 -0.382700
-0.923877 0.000000 -0.382689
-0.923877 0.000000 -0.382689
-1.000000 0.000000 -0.000003
-1.000000 0.000000 -0.000003
0.995184 0.000000 -0.098020
1.000000 0.000000 0.000000
1.000000 0.000000 0.000000
1.000000 0.000000 0.000000
0.995184 0.000000 -0.098020
0.995184 0.000000 -0.098020
1.000000 0.000000 0.000000
1.000000 0.000000 0.000000
1.000000 0.000000 0.000000
0.834587 0.000000 0.550876
0.834587 0.000000 0.550876
0.638791 0.000000 0.769380
0.638791 0.000000 0.769380
0.638798 0.000000 0.769375
0.834587 0.000000 0.550876
0.638798 0.000000 0.769375
0.638791 0.000000 0.769380
0.388008 0.000000 0.921656
0.388008 0.000000 0.921656
0.388025 0.000000 0.921649
0.638798 0.000000 0.769375
1.000000 0.000000 0.000000
1.000000 0.000000 0.000000
1.000000 0.000000 0.000000
1.000000 0.000000 0.000000
1.000000 0.000000 0.000000
1.000000 0.000000 0.000000
1.000000 0.000000 0.000000
1.000000 0.000000 0.000000
1.000000 0.000000 0.000000
1.000000 0.000000 0.000000
1.000000 0.000000 0.000000
1.000000 0.000000 0.000000
-0.555557 0.000000 0.831478
-0.555562 0.000000 0.831475
-0.707102 0.000000 0.707111
-0.707102 0.000000 0.707111
-0.707103 0.000000 0.707110
-0.555557 0.000000 0.831478
-0.707103 0.000000 0.707110
-0.707102 0.000000 0.707111
-0.923879 0.000000 0.382684
-0.923879 0.000000 0.382684
-0.923881 0.000000 0.382680
-0.707103 0.000000 0.707110
-0.923881 0.000000 0.382680
-0.923879 0.000000 0.382684
-1.000000 0.000000 -0.000005
-1.000000 0.000000 -0.000005
-1.000000 0.000000 -0.000005
-0.923881 0.000000 0.382680
-0.000010 0.000000 -1.000000
0.000000 0.000000 -1.000000
0.382684 0.000000 -0.923879
0.382684 0.000000 -0.923879
0.382674 0.000000 -0.923883
-0.000010 0.000000 -1.000000
0.382674 0.000000 -0.923883
0.382684 0.000000 -0.923879
0.707101 0.000000 -0.707112
0.707101 0.000000 -0.707112
0.707106 0.000000 -0.707108
0.382674 0.000000 -0.923883
0.707106 0.000000 -0.707108
0.707101 0.000000 -0.707112
0.923877 0.000000 -0.382689
0.923877 0.000000 -0.382689
0.923879 0.000000 -0.382685
0.707106 0.000000 -0.707108
0.923879 0.000000 -0.382685
0.923877 0.000000 -0.382689
0.995184 0.000000 -0.098020
0.995184 0.000000 -0.098020
0.995184 0.000000 -0.098022
0.923879 0.000000 -0.382685
0.000000 -1.000000 0.000000
0.000009 -1.000000 0.000021
0.000000 -1.000000 0.000000
0.000000 -1.000000 0.000000
0.000009 -1.000000 0.000021
0.000000 -1.000000 0.000000
0.000000 -1.000000 0.000000
0.000009 -1.000000 0.000021
0.000077 -1.000000 0.000032
0.000077 -1.000000 0.000032
0.000009 -1.000000 0.000021
0.000083 -1.000000 0.000064
0.000083 -1.000000 0.000064
0.000009 -1.000000 0.000021
0.000024 -1.000000 0.000059
0.000024 -1.000000 0.000059
0.000009 -1.000000 0.000021
-0.000014 -1.000000 0.000104
-0.000014 -1.000000 0.000104
0.000009 -1.000000 0.000021
-0.000032 -1.000000 0.000077
-0.000032 -1.000000 0.000077
0.000009 -1.000000 0.000021
0.000000 -1.000000 0.000000
0.000000 -1.000000 0.000000
0.000009 -1.000000 0.000021
0.000000 -1.000000 0.000000
0.000000 -1.000000 0.000000
0.000009 -1.000000 0.000021
0.000000 -1.000000 0.000000
0.000000 -1.000000 0.000000
0.000009 -1.000000 0.000021
0.000000 -1.000000 0.000000
0.000000 -1.000000 0.000000
0.000009 -1.000000 0.000021
0.000000 -1.000000 0.000000
0.000000 -1.000000 0.000000
0.000009 -1.000000 0.000021
0.000000 -1.000000 0.000000
0.000000 -1.000000 0.000000
0.000009 -1.000000 0.000021
0.000000 -1.000000 0.000000
0.000000 -1.000000 0.000000
0.000009 -1.000000 0.000021
0.000000 -1.000000 0.000000
0.000000 -1.000000 0.000000
0.000009 -1.000000 0.000021
0.000000 -1.000000 0.000000
-0.000004 1.000000 0.000000
0.000000 1.000000 0.000000
-0.000010 1.000000 -0.000001
-0.000010 1.000000 -0.000001
0.000000 1.000000 0.000000
-0.000002 1.000000 -0.000002
-0.000002 1.000000 -0.000002
0.000000 1.000000 0.000000
-0.000002 1.000000 -0.000001
-0.000002 1.000000 -0.000001
0.000000 1.000000 0.000000
0.000000 1.000000 -0.000002
0.000000 1.000000 -0.000002
0.000000 1.000000 0.000000
0.000001 1.000000 -0.000002
0.000001 1.000000 -0.000002
0.000000 1.000000 0.000000
0.000001 1.000000 -0.000001
0.000001 1.000000 -0.000001
0.000000 1.000000 0.000000
0.000002 1.000000 -0.000001
0.000002 1.000000 -0.000001
0.000000 1.000000 0.000000
0.000002 1.000000 0.000000
0.000002 1.000000 0.000000
0.000000 1.000000 0.000000
0.000002 1.000000 0.000001
0.000002 1.000000 0.000001
0.000000 1.000000 0.000000
0.000001 1.000000 0.000001
0.000001 1.000000 0.000001
0.000000 1.000000 0.000000
0.000001 1.000000 0.000002
0.000001 1.000000 0.000002
0.000000 1.000000 0.000000
0.000000 1.000000 0.000002
0.000000 1.000000 0.000002
0.000000 1.000000 0.000000
-0.000001 1.000000 0.000002
-0.000001 1.000000 0.000002
0.000000 1.000000 0.000000
-0.000001 1.000000 0.000001
-0.000001 1.000000 0.000001
0.000000 1.000000 0.000000
-0.000002 1.000000 0.000000
-0.000002 1.000000 0.000000
0.000000 1.000000 0.000000
-0.000004 1.000000 0.000000
0.000004 -1.000000 0.000000
0.000010 -1.000000 0.000024
0.000004 -1.000000 -0.000002
0.000004 -1.000000 -0.000002
0.000010 -1.000000 0.000024
0.000003 -1.000000 -0.000003
0.000003 -1.000000 -0.000003
0.000010 -1.000000 0.000024
0.000091 -1.000000 0.000033
0.000091 -1.000000 0.000033
0.000010 -1.000000 0.000024
0.000097 -1.000000 0.000070
0.000097 -1.000000 0.000070
0.000010 -1.000000 0.000024
0.000027 -1.000000 0.000065
0.000027 -1.000000 0.000065
0.000010 -1.000000 0.000024
-0.000019 -1.000000 0.000118
-0.000019 -1.000000 0.000118
0.000010 -1.000000 0.000024
-0.000041 -1.000000 0.000088
-0.000041 -1.000000 0.000088
0.000010 -1.000000 0.000024
-0.000004 -1.000000 0.000000
-0.000004 -1.000000 0.000000
0.000010 -1.000000 0.000024
-0.000004 -1.000000 0.000002
-0.000004 -1.000000 0.000002
0.000010 -1.000000 0.000024
-0.000003 -1.000000 0.000003
-0.000003 -1.000000 0.000003
0.000010 -1.000000 0.000024
-0.000002 -1.000000 0.000004
-0.000002 -1.000000 0.000004
0.000010 -1.000000 0.000024
0.000000 -1.000000 0.000004
0.000000 -1.000000 0.000004
0.000010 -1.000000 0.000024
0.000001 -1.000000 0.000003
0.000001 -1.000000 0.000003
0.000010 -1.000000 0.000024
0.000001 -1.000000 0.000001
0.000001 -1.000000 0.000001
0.000010 -1.000000 0.000024
0.000002 -1.000000 0.000001
0.000002 -1.000000 0.000001
0.000010 -1.000000 0.000024
0.000004 -1.000000 0.000000
-0.382684 0.000000 -0.923879
-0.382684 0.000000 -0.923879
-0.707098 0.000000 -0.707115
-0.707098 0.000000 -0.707115
-0.707106 0.000000 -0.707108
-0.382684 0.000000 -0.923879
0.000000 0.000000 -1.000000
-0.000010 0.000000 -1.000000
-0.382684 0.000000 -0.923879
-0.382684 0.000000 -0.923879
-0.382684 0.000000 -0.923879
0.000000 0.000000 -1.000000
-0.707098 0.000000 -0.707115
-0.923875 0.000000 -0.382695
-0.923879 0.000000 -0.382685
-0.923879 0.000000 -0.382685
-0.707106 0.000000 -0.707108
-0.707098 0.000000 -0.707115
-0.707099 0.000000 -0.707114
-0.923873 0.000000 -0.382700
-0.923877 0.000000 -0.382689
-0.923877 0.000000 -0.382689
-0.707108 0.000000 -0.707106
-0.707099 0.000000 -0.707114
-1.000000 0.000000 -0.000005
-0.923879 0.000000 -0.382685
-0.923875 0.000000 -0.382695
-0.923875 0.000000 -0.382695
-1.000000 0.000000 -0.000005
-1.000000 0.000000 -0.000005
0.000000 -1.000000 0.000000
0.000000 -1.000000 0.000000
0.000000 -1.000000 0.000000
0.000000 -1.000000 0.000000
0.000000 -1.000000 0.000000
0.000000 -1.000000 0.000000
0.000000 -1.000000 0.000000
0.000000 -1.000000 0.000000
0.000000 -1.000000 0.000000
0.000000 -1.000000 0.000000
0.000000 -1.000000 0.000000
0.000000 -1.000000 0.000000
-0.000002 1.000000 -0.000001
-0.000005 1.000000 0.000004
-0.000004 1.000000 -0.000002
-0.000004 1.000000 -0.000002
-0.000002 1.000000 -0.000002
-0.000002 1.000000 -0.000001
-0.000002 1.000000 -0.000002
-0.000004 1.000000 -0.000002
-0.000010 1.000000 -0.000001
-0.000010 1.000000 -0.000001
-0.000004 1.000000 -0.000002
-0.000004 1.000000 0.000000
0.995184 0.000000 -0.098020
1.000000 0.000000 0.000000
1.000000 0.000000 0.000000
1.000000 0.000000 0.000000
0.995184 0.000000 -0.098022
0.995184 0.000000 -0.098020
0.000004 -1.000000 0.000000
0.000000 -1.000000 0.000000
0.000002 -1.000000 0.000001
0.000002 -1.000000 0.000001
0.000000 -1.000000 0.000000
0.000001 -1.000000 0.000001
0.000001 -1.000000 0.000001
0.000000 -1.000000 0.000000
0.000000 -1.000000 0.000000
0.000000 -1.000000 0.000000
0.000001 -1.000000 0.000003
0.000001 -1.000000 0.000001
0.000000 0.000000 -1.000000
0.000000 0.000000 -1.000000
0.000000 0.000000 -1.000000
0.000000 0.000000 -1.000000
0.000000 0.000000 -1.000000
0.000000 0.000000 -1.000000
0.000000 -0.000001 -1.000000
0.000000 -0.000001 -1.000000
0.000000 -0.000001 -1.000000
0.000000 -0.000001 -1.000000
0.000000 -0.000001 -1.000000
0.000000 -0.000001 -1.000000
0.000001 -1.000000 0.000010
0.000002 -1.000000 0.000010
-0.525732 -0.850650 0.000008
-0.525732 -0.850650 0.000008
-0.525730 -0.850652 0.000008
0.000001 -1.000000 0.000010
0.000006 -1.000000 0.000008
0.000004 -1.000000 0.000009
0.000002 -1.000000 0.000010
0.000002 -1.000000 0.000010
0.000001 -1.000000 0.000010
0.000006 -1.000000 0.000008
0.000005 -1.000000 0.000004
0.000004 -1.000000 0.000004
0.000004 -1.000000 0.000009
0.000004 -1.000000 0.000009
0.000006 -1.000000 0.000008
0.000005 -1.000000 0.000004
0.000005 -1.000000 0.000004
0.000000 -1.000000 0.000000
0.000000 -1.000000 0.000000
0.000000 -1.000000 0.000000
0.000004 -1.000000 0.000004
0.000005 -1.000000 0.000004
-1.000000 0.000000 0.000000
-0.973249 -0.229754 0.000002
-0.973249 -0.229753 0.000001
-0.973249 -0.229753 0.000001
-1.000000 0.000000 0.000000
-1.000000 0.000000 0.000000
0.000000 0.000000 1.000000
0.000000 0.000000 1.000000
0.000000 0.000000 1.000000
0.000000 0.000000 1.000000
0.000000 0.000000 1.000000
0.000000 0.000000 1.000000
0.000000 0.000000 1.000000
0.000000 0.000000 1.000000
0.000000 0.000000 1.000000
-0.525732 -0.850650 0.000008
-0.973249 -0.229753 0.000001
-0.973249 -0.229754 0.000002
-0.973249 -0.229754 0.000002
-0.525730 -0.850652 0.000008
-0.525732 -0.850650 0.000008
-0.555572 0.000000 0.831468
-0.555572 0.000000 0.831468
-0.707106 0.000000 0.707108
-0.707106 0.000000 0.707108
-0.707106 0.000000 0.707108
-0.555572 0.000000 0.831468
-0.707106 0.000000 0.707108
-0.707106 0.000000 0.707108
-0.923879 0.000000 0.382686
-0.923879 0.000000 0.382686
-0.923878 0.000000 0.382686
-0.707106 0.000000 0.707108
-0.923878 0.000000 0.382686
-0.923879 0.000000 0.382686
-1.000000 0.000000 -0.000003
-1.000000 0.000000 -0.000003
-1.000000 0.000000 -0.000003
-0.923878 0.000000 0.382686
-0.000012 0.000000 -1.000000
0.000000 0.000000 -1.000000
0.382682 0.000000 -0.923880
0.382682 0.000000 -0.923880
0.382671 0.000000 -0.923885
-0.000012 0.000000 -1.000000
0.382671 0.000000 -0.923885
0.382682 0.000000 -0.923880
0.707108 0.000000 -0.707106
0.707108 0.000000 -0.707106
0.707108 0.000000 -0.707106
0.382671 0.000000 -0.923885
0.707108 0.000000 -0.707106
0.707108 0.000000 -0.707106
0.923877 0.000000 -0.382689
0.923877 0.000000 -0.382689
0.923877 0.000000 -0.382689
0.707108 0.000000 -0.707106
0.923877 0.000000 -0.382689
0.923877 0.000000 -0.382689
0.995184 0.000000 -0.098020
0.995184 0.000000 -0.098020
0.995184 0.000000 -0.098020
0.923877 0.000000 -0.382689
-0.707099 0.000000 -0.707114
-0.707108 0.000000 -0.707106
-0.382682 0.000000 -0.923880
-0.382682 0.000000 -0.923880
-0.382682 0.000000 -0.923880
-0.707099 0.000000 -0.707114
-0.382682 0.000000 -0.923880
-0.382682 0.000000 -0.923880
0.000000 0.000000 -1.000000
0.000000 0.000000 -1.000000
-0.000012 0.000000 -1.000000
-0.382682 0.000000 -0.923880
-1.000000 0.000000 -0.000003
-1.000000 0.000000 -0.000003
-0.923877 0.000000 -0.382689
-0.923877 0.000000 -0.382689
-0.923873 0.000000 -0.382700
-1.000000 0.000000 -0.000003
0.995184 0.000000 -0.098020
0.995184 0.000000 -0.098020
1.000000 0.000000 0.000000
1.000000 0.000000 0.000000
1.000000 0.000000 0.000000
0.995184 0.000000 -0.098020
1.000000 0.000000 0.000000
1.000000 0.000000 0.000000
1.000000 0.000000 0.000000
0.834587 0.000000 0.550876
0.638798 0.000000 0.769375
0.638791 0.000000 0.769380
0.638791 0.000000 0.769380
0.834587 0.000000 0.550876
0.834587 0.000000 0.550876
0.638798 0.000000 0.769375
0.388025 0.000000 0.921649
0.388008 0.000000 0.921656
0.388008 0.000000 0.921656
0.638791 0.000000 0.769380
0.638798 0.000000 0.769375
1.000000 0.000000 0.000000
1.000000 0.000000 0.000000
1.000000 0.000000 0.000000
1.000000 0.000000 0.000000
1.000000 0.000000 0.000000
1.000000 0.000000 0.000000
1.000000 0.000000 0.000000
1.000000 0.000000 0.000000
1.000000 0.000000 0.000000
1.000000 0.000000 0.000000
1.000000 0.000000 0.000000
1.000000 0.000000 0.000000
-0.866525 0.000000 0.499135
-0.866525 0.000071 0.499135
-0.966043 0.000064 0.258381
-0.966043 0.000064 0.258381
-0.966055 0.000000 0.258336
-0.866525 0.000000 0.499135
-0.966043 0.000064 0.258381
-0.866525 0.000071 0.499135
-0.856090 0.151969 0.493980
-0.079354 0.996846 0.000000
-0.563038 0.826431 0.000000
-0.563038 0.826431 0.000000
-0.563038 0.826431 0.000000
-0.049773 0.998761 0.000000
-0.079354 0.996846 0.000000
-0.856090 0.151969 0.493980
-0.576441 0.814255 0.068587
-0.937998 0.247461 0.242741
-0.937998 0.247461 0.242741
-0.576441 0.814255 0.068587
-0.563038 0.826431 0.000000
-0.563038 0.826431 0.000000
-0.964625 0.263625 0.000000
-0.937998 0.247461 0.242741
-0.966043 0.000064 0.258381
-0.937998 0.247461 0.242741
-0.964625 0.263625 0.000000
-0.964625 0.263625 0.000000
-1.000000 0.000000 0.000000
-0.966043 0.000064 0.258381
-0.966055 0.000000 0.258336
-0.966043 0.000064 0.258381
-1.000000 0.000000 0.000000
-1.000000 0.000000 0.000000
-1.000000 0.000000 0.000000
-0.966055 0.000000 0.258336
-0.856090 0.151969 0.493980
-0.937998 0.247461 0.242741
-0.966043 0.000064 0.258381
-1.000000 0.000000 0.000000
-1.000000 0.000000 0.000000
-1.000000 0.000000 0.000000
-1.000000 0.000000 0.000000
-1.000000 0.000000 0.000000
-1.000000 0.000000 0.000000
-0.563038 0.826431 0.000000
-0.576441 0.814255 0.068587
-0.049773 0.998761 0.000000
0.000000 1.000000 0.000000
0.000000 1.000000 0.000000
0.000000 1.000000 0.000000
0.000000 1.000000 0.000000
-0.000001 1.000000 0.000000
0.000000 1.000000 0.000000
-0.049773 0.998761 0.000000
0.000000 1.000000 0.000000
-0.000001 1.000000 0.000000
-0.000001 1.000000 0.000000
-0.079354 0.996846 0.000000
-0.049773 0.998761 0.000000
-0.964625 0.263625 0.000000
-0.563038 0.826431 0.000000
-0.563038 0.826431 0.000000
-0.563038 0.826431 0.000000
-0.964625 0.263625 0.000000
-0.964625 0.263625 0.000000
-1.000000 0.000000 0.000000
-0.964625 0.263625 0.000000
-0.964625 0.263625 0.000000
-0.964625 0.263625 0.000000
-1.000000 0.000000 0.000000
-1.000000 0.000000 0.000000
-1.000000 0.000000 0.000000
-1.000000 0.000000 0.000000
-1.000000 0.000000 0.000000
-1.000000 0.000000 0.000000
-1.000000 0.000000 0.000000
-1.000000 0.000000 0.000000
-1.000000 0.000000 0.000000
-1.000000 0.000000 0.000000
-1.000000 0.000000 0.000000
-1.000000 0.000000 0.000000
-1.000000 0.000000 0.000000
-1.000000 0.000000 0.000000
-1.000000 0.000000 0.000000
-1.000000 0.000000 0.000000
-1.000000 0.000000 0.000000
-1.000000 0.000000 0.000000
-1.000000 0.000000 0.000000
-1.000000 0.000000 0.000000
0.499135 0.000000 0.866524
0.499139 0.000000 0.866522
0.499139 0.000000 0.866522
0.499139 0.000000 0.866522
0.499135 0.000000 0.866524
0.499135 0.000000 0.866524
0.252272 0.875275 0.412617
0.471276 0.631241 0.615982
0.452475 0.663952 0.595343
0.452475 0.663952 0.595343
0.242197 0.874445 0.420341
0.252272 0.875275 0.412617
0.000000 0.000000 -1.000000
0.000000 0.000000 -1.000000
0.000000 0.000000 -1.000000
0.000000 0.000000 -1.000000
0.000000 0.000000 -1.000000
0.000000 0.000000 -1.000000
0.471276 0.631241 0.615982
0.532503 0.310662 0.787356
0.521709 0.308149 0.795527
0.521709 0.308149 0.795527
0.452475 0.663952 0.595343
0.471276 0.631241 0.615982
0.000000 0.000000 -1.000000
0.000000 0.195090 -0.980785
0.000000 0.195090 -0.980785
0.000000 0.195090 -0.980785
0.000000 0.000000 -1.000000
0.000000 0.000000 -1.000000
-0.355521 -0.208050 0.911219
-0.726801 -0.033643 0.686024
-0.704549 -0.086427 0.704373
-0.704549 -0.086427 0.704373
-0.289405 -0.281920 0.914749
-0.355521 -0.208050 0.911219
0.531121 0.000000 -0.847296
0.276432 0.000000 -0.961034
0.276319 0.000000 -0.961066
0.276319 0.000000 -0.961066
0.531121 0.000000 -0.847296
0.531121 0.000000 -0.847296
-0.000001 0.000000 1.000000
-0.000001 0.000000 1.000000
-0.000001 0.000000 1.000000
-0.000001 0.000000 1.000000
-0.000001 0.000000 1.000000
-0.000001 0.000000 1.000000
1.000000 0.000000 0.000000
1.000000 0.000000 0.000000
1.000000 0.000000 0.000000
1.000000 0.000000 0.000000
1.000000 0.000000 0.000000
1.000000 0.000000 0.000000
0.276432 0.000000 -0.961034
0.000000 0.000000 -1.000000
0.000000 0.000000 -1.000000
0.000000 0.000000 -1.000000
0.276319 0.000000 -0.961066
0.276432 0.000000 -0.961034
-0.726801 -0.033643 0.686024
-0.897804 0.000000 0.440396
-0.897403 -0.004984 0.441184
-0.897403 -0.004984 0.441184
-0.704549 -0.086427 0.704373
-0.726801 -0.033643 0.686024
0.000000 0.000000 -1.000000
0.000000 0.000000 -1.000000
0.000000 0.000000 -1.000000
0.000000 0.000000 -1.000000
0.000000 0.000000 -1.000000
0.000000 0.000000 -1.000000
0.000000 0.000000 -1.000000
0.000000 0.000000 -1.000000
0.000000 0.000000 -1.000000
0.000000 0.000000 -1.000000
0.000000 0.000000 -1.000000
0.000000 0.000000 -1.000000
0.000000 0.707107 -0.707107
0.000000 0.980785 -0.195090
0.000000 0.980785 -0.195090
0.000000 0.980785 -0.195090
0.000000 0.707107 -0.707107
0.000000 0.707107 -0.707107
0.000000 0.195090 -0.980785
0.000000 0.707107 -0.707107
0.000000 0.707107 -0.707107
0.000000 0.707107 -0.707107
0.000000 0.195090 -0.980785
0.000000 0.195090 -0.980785
0.000000 0.980785 -0.195090
0.000000 0.980785 -0.195091
0.000000 0.980785 -0.195091
0.000000 0.980785 -0.195091
0.000000 0.980785 -0.195090
0.000000 0.980785 -0.195090
0.000000 0.707107 -0.707107
0.000000 0.195091 -0.980785
0.000000 0.195091 -0.980785
0.000000 0.195091 -0.980785
0.000000 0.707107 -0.707107
0.000000 0.707107 -0.707107
0.000000 0.195091 -0.980785
0.000000 0.000000 -1.000000
0.000000 0.000000 -1.000000
0.000000 0.000000 -1.000000
0.000000 0.195091 -0.980785
0.000000 0.195091 -0.980785
0.000000 0.980785 -0.195091
0.000000 0.707107 -0.707107
0.000000 0.707107 -0.707107
0.000000 0.707107 -0.707107
0.000000 0.980785 -0.195091
0.000000 0.980785 -0.195091
-0.866525 0.000000 0.499135
-0.966055 0.000000 0.258336
-0.966043 -0.000064 0.258381
-0.966043 -0.000064 0.258381
-0.866525 -0.000071 0.499135
-0.866525 0.000000 0.499135
-0.966043 -0.000064 0.258381
-0.856090 -0.151969 0.493980
-0.866525 -0.000071 0.499135
-0.079354 -0.996846 0.000000
-0.049773 -0.998761 0.000000
-0.563038 -0.826431 0.000000
-0.563038 -0.826431 0.000000
-0.563038 -0.826431 0.000000
-0.079354 -0.996846 0.000000
-0.856090 -0.151969 0.493980
-0.937998 -0.247461 0.242741
-0.576441 -0.814255 0.068587
-0.937998 -0.247461 0.242741
-0.964625 -0.263625 0.000000
-0.563038 -0.826431 0.000000
-0.563038 -0.826431 0.000000
-0.576441 -0.814255 0.068587
-0.937998 -0.247461 0.242741
-0.966043 -0.000064 0.258381
-1.000000 0.000000 0.000000
-0.964625 -0.263625 0.000000
-0.964625 -0.263625 0.000000
-0.937998 -0.247461 0.242741
-0.966043 -0.000064 0.258381
-0.966055 0.000000 0.258336
-1.000000 0.000000 0.000000
-1.000000 0.000000 0.000000
-1.000000 0.000000 0.000000
-0.966043 -0.000064 0.258381
-0.966055 0.000000 0.258336
-0.856090 -0.151969 0.493980
-0.966043 -0.000064 0.258381
-0.937998 -0.247461 0.242741
-1.000000 0.000000 0.000000
-1.000000 0.000000 0.000000
-1.000000 0.000000 0.000000
-1.000000 0.000000 0.000000
-1.000000 0.000000 0.000000
-1.000000 0.000000 0.000000
-0.563038 -0.826431 0.000000
-0.049773 -0.998761 0.000000
-0.576441 -0.814255 0.068587
0.000000 -1.000000 0.000000
-0.000001 -1.000000 0.000000
0.000000 -1.000000 0.000000
0.000000 -1.000000 0.000000
0.000000 -1.000000 0.000000
0.000000 -1.000000 0.000000
-0.049773 -0.998761 0.000000
-0.079354 -0.996846 0.000000
-0.000001 -1.000000 0.000000
-0.000001 -1.000000 0.000000
0.000000 -1.000000 0.000000
-0.049773 -0.998761 0.000000
-0.964625 -0.263625 0.000000
-0.964625 -0.263625 0.000000
-0.563038 -0.826431 0.000000
-0.563038 -0.826431 0.000000
-0.563038 -0.826431 0.000000
-0.964625 -0.263625 0.000000
-1.000000 0.000000 0.000000
-1.000000 0.000000 0.000000
-0.964625 -0.263625 0.000000
-0.964625 -0.263625 0.000000
-0.964625 -0.263625 0.000000
-1.000000 0.000000 0.000000
-1.000000 0.000000 0.000000
-1.000000 0.000000 0.000000
-1.000000 0.000000 0.000000
-1.000000 0.000000 0.000000
-1.000000 0.000000 0.000000
-1.000000 0.000000 0.000000
-1.000000 0.000000 0.000000
-1.000000 0.000000 0.000000
-1.000000 0.000000 0.000000
-1.000000 0.000000 0.000000
-1.000000 0.000000 0.000000
-1.000000 0.000000 0.000000
-1.000000 0.000000 0.000000
-1.000000 0.000000 0.000000
-1.000000 0.000000 0.000000
-1.000000 0.000000 0.000000
-1.000000 0.000000 0.000000
-1.000000 0.000000 0.000000
0.499135 0.000000 0.866524
0.499135 0.000000 0.866524
0.499139 0.000000 0.866522
0.499139 0.000000 0.866522
0.499139 0.000000 0.866522
0.499135 0.000000 0.866524
0.252272 -0.875275 0.412617
0.242197 -0.874445 0.420341
0.452475 -0.663952 0.595343
0.452475 -0.663952 0.595343
0.471276 -0.631241 0.615982
0.252272 -0.875275 0.412617
0.000000 0.000000 -1.000000
0.000000 0.000000 -1.000000
0.000000 0.000000 -1.000000
0.000000 0.000000 -1.000000
0.000000 0.000000 -1.000000
0.000000 0.000000 -1.000000
0.471276 -0.631241 0.615982
0.452475 -0.663952 0.595343
0.521709 -0.308149 0.795527
0.521709 -0.308149 0.795527
0.532503 -0.310662 0.787356
0.471276 -0.631241 0.615982
0.000000 0.000000 -1.000000
0.000000 0.000000 -1.000000
0.000000 -0.195090 -0.980785
0.000000 -0.195090 -0.980785
0.000000 -0.195090 -0.980785
0.000000 0.000000 -1.000000
-0.355521 0.208050 0.911219
-0.289405 0.281920 0.914749
-0.704549 0.086427 0.704373
-0.704549 0.086427 0.704373
-0.726801 0.033643 0.686024
-0.355521 0.208050 0.911219
0.531121 0.000000 -0.847296
0.531121 0.000000 -0.847296
0.276319 0.000000 -0.961066
0.276319 0.000000 -0.961066
0.276432 0.000000 -0.961034
0.531121 0.000000 -0.847296
-0.000001 0.000000 1.000000
-0.000001 0.000000 1.000000
-0.000001 0.000000 1.000000
-0.000001 0.000000 1.000000
-0.000001 0.000000 1.000000
-0.000001 0.000000 1.000000
1.000000 0.000000 0.000000
1.000000 0.000000 0.000000
1.000000 0.000000 0.000000
1.000000 0.000000 0.000000
1.000000 0.000000 0.000000
1.000000 0.000000 0.000000
0.276432 0.000000 -0.961034
0.276319 0.000000 -0.961066
0.000000 0.000000 -1.000000
0.000000 0.000000 -1.000000
0.000000 0.000000 -1.000000
0.276432 0.000000 -0.961034
-0.726801 0.033643 0.686024
-0.704549 0.086427 0.704373
-0.897403 0.004984 0.441184
-0.897403 0.004984 0.441184
-0.897804 0.000000 0.440396
-0.726801 0.033643 0.686024
0.000000 0.000000 -1.000000
0.000000 0.000000 -1.000000
0.000000 0.000000 -1.000000
0.000000 0.000000 -1.000000
0.000000 0.000000 -1.000000
0.000000 0.000000 -1.000000
0.000000 0.000000 -1.000000
0.000000 0.000000 -1.000000
0.000000 0.000000 -1.000000
0.000000 0.000000 -1.000000
0.000000 0.000000 -1.000000
0.000000 0.000000 -1.000000
0.000000 -0.707107 -0.707107
0.000000 -0.707107 -0.707107
0.000000 -0.980785 -0.195090
0.000000 -0.980785 -0.195090
0.000000 -0.980785 -0.195090
0.000000 -0.707107 -0.707107
0.000000 -0.195090 -0.980785
0.000000 -0.195090 -0.980785
0.000000 -0.707107 -0.707107
0.000000 -0.707107 -0.707107
0.000000 -0.707107 -0.707107
0.000000 -0.195090 -0.980785
0.000000 -0.980785 -0.195090
0.000000 -0.980785 -0.195090
0.000000 -0.980785 -0.195091
0.000000 -0.980785 -0.195091
0.000000 -0.980785 -0.195091
0.000000 -0.980785 -0.195090
0.000000 -0.707107 -0.707107
0.000000 -0.707107 -0.707107
0.000000 -0.195091 -0.980785
0.000000 -0.195091 -0.980785
0.000000 -0.195091 -0.980785
0.000000 -0.707107 -0.707107
0.000000 -0.195091 -0.980785
0.000000 -0.195091 -0.980785
0.000000 0.000000 -1.000000
0.000000 0.000000 -1.000000
0.000000 0.000000 -1.000000
0.000000 -0.195091 -0.980785
0.000000 -0.980785 -0.195091
0.000000 -0.980785 -0.195091
0.000000 -0.707107 -0.707107
0.000000 -0.707107 -0.707107
0.000000 -0.707107 -0.707107
0.000000 -0.980785 -0.195091
-0.838071 0.522163 0.158059
-0.866025 0.500000 0.000000
0.000001 1.000000 0.000000
0.000001 1.000000 0.000000
0.055853 0.998233 -0.020272
-0.838071 0.522163 0.158059
-0.837992 -0.522476 0.157441
-0.866025 -0.500000 0.000000
-0.866025 0.500000 0.000000
-0.866025 0.500000 0.000000
-0.838071 0.522163 0.158059
-0.837992 -0.522476 0.157441
0.055377 -0.998267 -0.019911
0.000001 -1.000000 0.000000
-0.866025 -0.500000 0.000000
-0.866025 -0.500000 0.000000
-0.837992 -0.522476 0.157441
0.055377 -0.998267 -0.019911
0.867109 -0.475054 -0.149819
0.866025 -0.500000 0.000000
0.000001 -1.000000 0.000000
0.000001 -1.000000 0.000000
0.055377 -0.998267 -0.019911
0.867109 -0.475054 -0.149819
0.866958 0.475227 -0.150145
0.866025 0.500000 0.000000
0.866025 -0.500000 0.000000
0.866025 -0.500000 0.000000
0.867109 -0.475054 -0.149819
0.866958 0.475227 -0.150145
0.055853 0.998233 -0.020272
0.000001 1.000000 0.000000
0.866025 0.500000 0.000000
0.866025 0.500000 0.000000
0.866958 0.475227 -0.150145
0.055853 0.998233 -0.020272
-0.824921 0.528547 0.200359
-0.838071 0.522163 0.158059
0.055853 0.998233 -0.020272
0.055853 0.998233 -0.020272
-0.062128 0.983666 -0.168942
-0.824921 0.528547 0.200359
-0.809588 -0.442552 0.385637
-0.837992 -0.522476 0.157441
-0.838071 0.522163 0.158059
-0.838071 0.522163 0.158059
-0.824921 0.528547 0.200359
-0.809588 -0.442552 0.385637
0.060651 -0.983501 0.170431
0.055377 -0.998267 -0.019911
-0.837992 -0.522476 0.157441
-0.837992 -0.522476 0.157441
-0.809588 -0.442552 0.385637
0.060651 -0.983501 0.170431
0.865917 -0.444071 -0.230192
0.867109 -0.475054 -0.149819
0.055377 -0.998267 -0.019911
0.055377 -0.998267 -0.019911
0.060651 -0.983501 0.170431
0.865917 -0.444071 -0.230192
0.758688 0.528827 -0.380440
0.866958 0.475227 -0.150145
0.867109 -0.475054 -0.149819
0.867109 -0.475054 -0.149819
0.865917 -0.444071 -0.230192
0.758688 0.528827 -0.380440
-0.062128 0.983666 -0.168942
0.055853 0.998233 -0.020272
0.866958 0.475227 -0.150145
0.866958 0.475227 -0.150145
0.758688 0.528827 -0.380440
-0.062128 0.983666 -0.168942
-0.910233 0.402581 -0.096976
-0.824921 0.528547 0.200359
-0.062128 0.983666 -0.168942
-0.062128 0.983666 -0.168942
-0.241803 0.707225 -0.664353
-0.910233 0.402581 -0.096976
-0.782879 -0.262426 0.564122
-0.809588 -0.442552 0.385637
-0.824921 0.528547 0.200359
-0.824921 0.528547 0.200359
-0.910233 0.402581 -0.096976
-0.782879 -0.262426 0.564122
0.241804 -0.707225 0.664352
0.060651 -0.983501 0.170431
-0.809588 -0.442552 0.385637
-0.809588 -0.442552 0.385637
-0.782879 -0.262426 0.564122
0.241804 -0.707225 0.664352
0.962330 -0.262426 -0.071084
0.865917 -0.444071 -0.230192
0.060651 -0.983501 0.170431
0.060651 -0.983501 0.170431
0.241804 -0.707225 0.664352
0.962330 -0.262426 -0.071084
0.634945 0.402580 -0.659374
0.758688 0.528827 -0.380440
0.865917 -0.444071 -0.230192
0.865917 -0.444071 -0.230192
0.962330 -0.262426 -0.071084
0.634945 0.402580 -0.659374
-0.241803 0.707225 -0.664353
-0.062128 0.983666 -0.168942
0.758688 0.528827 -0.380440
0.758688 0.528827 -0.380440
0.634945 0.402580 -0.659374
-0.241803 0.707225 -0.664353
-0.973175 0.097091 -0.208577
-0.910233 0.402581 -0.096976
-0.241803 0.707225 -0.664353
-0.241803 0.707225 -0.664353
-0.336399 0.180573 -0.924245
-0.973175 0.097091 -0.208577
-0.686801 -0.081478 0.722264
-0.782879 -0.262426 0.564122
-0.910233 0.402581 -0.096976
-0.910233 0.402581 -0.096976
-0.973175 0.097091 -0.208577
-0.686801 -0.081478 0.722264
0.336397 -0.180573 0.924246
0.241804 -0.707225 0.664352
-0.782879 -0.262426 0.564122
-0.782879 -0.262426 0.564122
-0.686801 -0.081478 0.722264
0.336397 -0.180573 0.924246
0.990382 -0.081479 0.111822
0.962330 -0.262426 -0.071084
0.241804 -0.707225 0.664352
0.241804 -0.707225 0.664352
0.336397 -0.180573 0.924246
0.990382 -0.081479 0.111822
0.611425 0.097091 -0.785323
0.634945 0.402580 -0.659374
0.962330 -0.262426 -0.071084
0.962330 -0.262426 -0.071084
0.990382 -0.081479 0.111822
0.611425 0.097091 -0.785323
-0.336399 0.180573 -0.924245
-0.241803 0.707225 -0.664353
0.634945 0.402580 -0.659374
0.634945 0.402580 -0.659374
0.611425 0.097091 -0.785323
-0.336399 0.180573 -0.924245
-0.984807 0.000000 -0.173650
-0.973175 0.097091 -0.208577
-0.336399 0.180573 -0.924245
-0.336399 0.180573 -0.924245
-0.342020 0.000000 -0.939692
-0.984807 0.000000 -0.173650
-0.642789 0.000000 0.766044
-0.686801 -0.081478 0.722264
-0.973175 0.097091 -0.208577
-0.973175 0.097091 -0.208577
-0.984807 0.000000 -0.173650
-0.642789 0.000000 0.766044
0.342021 0.000000 0.939692
0.336397 -0.180573 0.924246
-0.686801 -0.081478 0.722264
-0.686801 -0.081478 0.722264
-0.642789 0.000000 0.766044
0.342021 0.000000 0.939692
0.984808 0.000000 0.173647
0.990382 -0.081479 0.111822
0.336397 -0.180573 0.924246
0.336397 -0.180573 0.924246
0.342021 0.000000 0.939692
0.984808 0.000000 0.173647
0.642787 0.000000 -0.766045
0.611425 0.097091 -0.785323
0.990382 -0.081479 0.111822
0.990382 -0.081479 0.111822
0.984808 0.000000 0.173647
0.642787 0.000000 -0.766045
-0.342020 0.000000 -0.939692
-0.336399 0.180573 -0.924245
0.611425 0.097091 -0.785323
0.611425 0.097091 -0.785323
0.642787 0.000000 -0.766045
-0.342020 0.000000 -0.939692
-0.682420 0.280651 0.674936
-0.707106 0.000000 0.707108
0.000000 -0.000003 1.000000
0.000000 -0.000003 1.000000
0.000001 0.383948 0.923355
-0.682420 0.280651 0.674936
-0.996036 0.034153 0.082135
-1.000000 0.000000 0.000000
-0.707106 0.000000 0.707108
-0.707106 0.000000 0.707108
-0.682420 0.280651 0.674936
-0.996036 0.034153 0.082135
-0.776729 -0.241827 -0.581559
-0.707109 0.000000 -0.707104
-1.000000 0.000000 0.000000
-1.000000 0.000000 0.000000
-0.996036 0.034153 0.082135
-0.776729 -0.241827 -0.581559
-0.000001 -0.383952 -0.923353
0.000001 0.000000 -1.000000
-0.707109 0.000000 -0.707104
-0.707109 0.000000 -0.707104
-0.776729 -0.241827 -0.581559
-0.000001 -0.383952 -0.923353
0.776731 -0.241827 -0.581558
0.707109 -0.000001 -0.707105
0.000001 0.000000 -1.000000
0.000001 0.000000 -1.000000
-0.000001 -0.383952 -0.923353
0.776731 -0.241827 -0.581558
0.996036 0.034154 0.082137
1.000000 0.000000 0.000000
0.707109 -0.000001 -0.707105
0.707109 -0.000001 -0.707105
0.776731 -0.241827 -0.581558
0.996036 0.034154 0.082137
0.682419 0.280653 0.674936
0.707106 -0.000002 0.707108
1.000000 0.000000 0.000000
1.000000 0.000000 0.000000
0.996036 0.034154 0.082137
0.682419 0.280653 0.674936
0.000001 0.383948 0.923355
0.000000 -0.000003 1.000000
0.707106 -0.000002 0.707108
0.707106 -0.000002 0.707108
0.682419 0.280653 0.674936
0.000001 0.383948 0.923355
-0.683276 0.654810 0.323044
-0.682420 0.280651 0.674936
0.000001 0.383948 0.923355
0.000001 0.383948 0.923355
0.000000 0.896804 0.442428
-0.683276 0.654810 0.323044
-0.997178 0.067323 0.033212
-0.996036 0.034153 0.082135
-0.682420 0.280651 0.674936
-0.682420 0.280651 0.674936
-0.683276 0.654810 0.323044
-0.997178 0.067323 0.033212
-0.761423 -0.581359 -0.286805
-0.776729 -0.241827 -0.581559
-0.996036 0.034153 0.082135
-0.996036 0.034153 0.082135
-0.997178 0.067323 0.033212
-0.761423 -0.581359 -0.286805
-0.000001 -0.896804 -0.442429
-0.000001 -0.383952 -0.923353
-0.776729 -0.241827 -0.581559
-0.776729 -0.241827 -0.581559
-0.761423 -0.581359 -0.286805
-0.000001 -0.896804 -0.442429
0.761423 -0.581359 -0.286805
0.776731 -0.241827 -0.581558
-0.000001 -0.383952 -0.923353
-0.000001 -0.383952 -0.923353
-0.000001 -0.896804 -0.442429
0.761423 -0.581359 -0.286805
0.997178 0.067321 0.033213
0.996036 0.034154 0.082137
0.776731 -0.241827 -0.581558
0.776731 -0.241827 -0.581558
0.761423 -0.581359 -0.286805
0.997178 0.067321 0.033213
0.683276 0.654810 0.323046
0.682419 0.280653 0.674936
0.996036 0.034154 0.082137
0.996036 0.034154 0.082137
0.997178 0.067321 0.033213
0.683276 0.654810 0.323046
0.000000 0.896804 0.442428
0.000001 0.383948 0.923355
0.682419 0.280653 0.674936
0.682419 0.280653 0.674936
0.683276 0.654810 0.323046
0.000000 0.896804 0.442428
-0.693134 0.720804 -0.002539
-0.683276 0.654810 0.323044
0.000000 0.896804 0.442428
0.000000 0.896804 0.442428
-0.000001 0.999994 -0.003523
-0.693134 0.720804 -0.002539
-0.999449 0.033191 -0.000117
-0.997178 0.067323 0.033212
-0.683276 0.654810 0.323044
-0.683276 0.654810 0.323044
-0.693134 0.720804 -0.002539
-0.999449 0.033191 -0.000117
-0.726570 -0.687088 0.002420
-0.761423 -0.581359 -0.286805
-0.997178 0.067323 0.033212
-0.997178 0.067323 0.033212
-0.999449 0.033191 -0.000117
-0.726570 -0.687088 0.002420
0.000000 -0.999994 0.003523
-0.000001 -0.896804 -0.442429
-0.761423 -0.581359 -0.286805
-0.761423 -0.581359 -0.286805
-0.726570 -0.687088 0.002420
0.000000 -0.999994 0.003523
0.726570 -0.687088 0.002420
0.761423 -0.581359 -0.286805
-0.000001 -0.896804 -0.442429
-0.000001 -0.896804 -0.442429
0.000000 -0.999994 0.003523
0.726570 -0.687088 0.002420
0.999449 0.033189 -0.000117
0.997178 0.067321 0.033213
0.761423 -0.581359 -0.286805
0.761423 -0.581359 -0.286805
0.726570 -0.687088 0.002420
0.999449 0.033189 -0.000117
0.693135 0.720803 -0.002539
0.683276 0.654810 0.323046
0.997178 0.067321 0.033213
0.997178 0.067321 0.033213
0.999449 0.033189 -0.000117
0.693135 0.720803 -0.002539
-0.000001 0.999994 -0.003523
0.000000 0.896804 0.442428
0.683276 0.654810 0.323046
0.683276 0.654810 0.323046
0.693135 0.720803 -0.002539
-0.000001 0.999994 -0.003523
-0.685039 0.667907 -0.290897
-0.693134 0.720804 -0.002539
-0.000001 0.999994 -0.003523
-0.000001 0.999994 -0.003523
-0.000001 0.916818 -0.399306
-0.685039 0.667907 -0.290897
-0.997986 0.058162 -0.025331
-0.999449 0.033191 -0.000117
-0.693134 0.720804 -0.002539
-0.693134 0.720804 -0.002539
-0.685039 0.667907 -0.290897
-0.997986 0.058162 -0.025331
-0.750283 -0.606123 0.263990
-0.726570 -0.687088 0.002420
-0.999449 0.033191 -0.000117
-0.999449 0.033191 -0.000117
-0.997986 0.058162 -0.025331
-0.750283 -0.606123 0.263990
-0.000001 -0.916816 0.399309
0.000000 -0.999994 0.003523
-0.726570 -0.687088 0.002420
-0.726570 -0.687088 0.002420
-0.750283 -0.606123 0.263990
-0.000001 -0.916816 0.399309
0.750284 -0.606122 0.263989
0.726570 -0.687088 0.002420
0.000000 -0.999994 0.003523
0.000000 -0.999994 0.003523
-0.000001 -0.916816 0.399309
0.750284 -0.606122 0.263989
0.997986 0.058161 -0.025331
0.999449 0.033189 -0.000117
0.726570 -0.687088 0.002420
0.726570 -0.687088 0.002420
0.750284 -0.606122 0.263989
0.997986 0.058161 -0.025331
0.685040 0.667907 -0.290897
0.693135 0.720803 -0.002539
0.999449 0.033189 -0.000117
0.999449 0.033189 -0.000117
0.997986 0.058161 -0.025331
0.685040 0.667907 -0.290897
-0.000001 0.916818 -0.399306
-0.000001 0.999994 -0.003523
0.693135 0.720803 -0.002539
0.693135 0.720803 -0.002539
0.685040 0.667907 -0.290897
-0.000001 0.916818 -0.399306
-0.683658 0.400322 -0.610208
-0.685039 0.667907 -0.290897
-0.000001 0.916818 -0.399306
-0.000001 0.916818 -0.399306
-0.000001 0.548537 -0.836126
-0.683658 0.400322 -0.610208
-0.997405 0.039493 -0.060201
-0.997986 0.058162 -0.025331
-0.685039 0.667907 -0.290897
-0.685039 0.667907 -0.290897
-0.683658 0.400322 -0.610208
-0.997405 0.039493 -0.060201
-0.758350 -0.357559 0.545029
-0.750283 -0.606123 0.263990
-0.997986 0.058162 -0.025331
-0.997986 0.058162 -0.025331
-0.997405 0.039493 -0.060201
-0.758350 -0.357559 0.545029
0.000000 -0.548530 0.836131
-0.000001 -0.916816 0.399309
-0.750283 -0.606123 0.263990
-0.750283 -0.606123 0.263990
-0.758350 -0.357559 0.545029
0.000000 -0.548530 0.836131
0.758351 -0.357559 0.545027
0.750284 -0.606122 0.263989
-0.000001 -0.916816 0.399309
-0.000001 -0.916816 0.399309
0.000000 -0.548530 0.836131
0.758351 -0.357559 0.545027
0.997405 0.039492 -0.060200
0.997986 0.058161 -0.025331
0.750284 -0.606122 0.263989
0.750284 -0.606122 0.263989
0.758351 -0.357559 0.545027
0.997405 0.039492 -0.060200
0.683659 0.400322 -0.610207
0.685040 0.667907 -0.290897
0.997986 0.058161 -0.025331
0.997986 0.058161 -0.025331
0.997405 0.039492 -0.060200
0.683659 0.400322 -0.610207
-0.000001 0.548537 -0.836126
-0.000001 0.916818 -0.399306
0.685040 0.667907 -0.290897
0.685040 0.667907 -0.290897
0.683659 0.400322 -0.610207
-0.000001 0.548537 -0.836126
-0.707107 0.189253 -0.681310
-0.683658 0.400322 -0.610208
-0.000001 0.548537 -0.836126
-0.000001 0.548537 -0.836126
-0.000002 0.267645 -0.963518
-0.707107 0.189253 -0.681310
-1.000000 0.000001 -0.000002
-0.997405 0.039493 -0.060201
-0.683658 0.400322 -0.610208
-0.683658 0.400322 -0.610208
-0.707107 0.189253 -0.681310
-1.000000 0.000001 -0.000002
-0.707108 -0.189251 0.681310
-0.758350 -0.357559 0.545029
-0.997405 0.039493 -0.060201
-0.997405 0.039493 -0.060201
-1.000000 0.000001 -0.000002
-0.707108 -0.189251 0.681310
0.000001 -0.267641 0.963519
0.000000 -0.548530 0.836131
-0.758350 -0.357559 0.545029
-0.758350 -0.357559 0.545029
-0.707108 -0.189251 0.681310
0.000001 -0.267641 0.963519
0.707107 -0.189251 0.681310
0.758351 -0.357559 0.545027
0.000000 -0.548530 0.836131
0.000000 -0.548530 0.836131
0.000001 -0.267641 0.963519
0.707107 -0.189251 0.681310
1.000000 0.000000 0.000000
0.997405 0.039492 -0.060200
0.758351 -0.357559 0.545027
0.758351 -0.357559 0.545027
0.707107 -0.189251 0.681310
1.000000 0.000000 0.000000
0.707108 0.189252 -0.681309
0.683659 0.400322 -0.610207
0.997405 0.039492 -0.060200
0.997405 0.039492 -0.060200
1.000000 0.000000 0.000000
0.707108 0.189252 -0.681309
-0.000002 0.267645 -0.963518
-0.000001 0.548537 -0.836126
0.683659 0.400322 -0.610207
0.683659 0.400322 -0.610207
0.707108 0.189252 -0.681309
-0.000002 0.267645 -0.963518
-0.838071 -0.522163 0.158059
0.055853 -0.998233 -0.020272
0.000001 -1.000000 0.000000
0.000001 -1.000000 0.000000
-0.866025 -0.500000 0.000000
-0.838071 -0.522163 0.158059
-0.837992 0.522476 0.157441
-0.838071 -0.522163 0.158059
-0.866025 -0.500000 0.000000
-0.866025 -0.500000 0.000000
-0.866025 0.500000 0.000000
-0.837992 0.522476 0.157441
0.055377 0.998267 -0.019911
-0.837992 0.522476 0.157441
-0.866025 0.500000 0.000000
-0.866025 0.500000 0.000000
0.000001 1.000000 0.000000
0.055377 0.998267 -0.019911
0.867109 0.475054 -0.149819
0.055377 0.998267 -0.019911
0.000001 1.000000 0.000000
0.000001 1.000000 0.000000
0.866025 0.500000 0.000000
0.867109 0.475054 -0.149819
0.866958 -0.475227 -0.150145
0.867109 0.475054 -0.149819
0.866025 0.500000 0.000000
0.866025 0.500000 0.000000
0.866025 -0.500000 0.000000
0.866958 -0.475227 -0.150145
0.055853 -0.998233 -0.020272
0.866958 -0.475227 -0.150145
0.866025 -0.500000 0.000000
0.866025 -0.500000 0.000000
0.000001 -1.000000 0.000000
0.055853 -0.998233 -0.020272
-0.824921 -0.528547 0.200359
-0.062128 -0.983666 -0.168942
0.055853 -0.998233 -0.020272
0.055853 -0.998233 -0.020272
-0.838071 -0.522163 0.158059
-0.824921 -0.528547 0.200359
-0.809588 0.442552 0.385637
-0.824921 -0.528547 0.200359
-0.838071 -0.522163 0.158059
-0.838071 -0.522163 0.158059
-0.837992 0.522476 0.157441
-0.809588 0.442552 0.385637
0.060651 0.983501 0.170431
-0.809588 0.442552 0.385637
-0.837992 0.522476 0.157441
-0.837992 0.522476 0.157441
0.055377 0.998267 -0.019911
0.060651 0.983501 0.170431
0.865917 0.444071 -0.230192
0.060651 0.983501 0.170431
0.055377 0.998267 -0.019911
0.055377 0.998267 -0.019911
0.867109 0.475054 -0.149819
0.865917 0.444071 -0.230192
0.758688 -0.528827 -0.380440
0.865917 0.444071 -0.230192
0.867109 0.475054 -0.149819
0.867109 0.475054 -0.149819
0.866958 -0.475227 -0.150145
0.758688 -0.528827 -0.380440
-0.062128 -0.983666 -0.168942
0.758688 -0.528827 -0.380440
0.866958 -0.475227 -0.150145
0.866958 -0.475227 -0.150145
0.055853 -0.998233 -0.020272
-0.062128 -0.983666 -0.168942
-0.910233 -0.402581 -0.096976
-0.241803 -0.707225 -0.664353
-0.062128 -0.983666 -0.168942
-0.062128 -0.983666 -0.168942
-0.824921 -0.528547 0.200359
-0.910233 -0.402581 -0.096976
-0.782879 0.262426 0.564122
-0.910233 -0.402581 -0.096976
-0.824921 -0.528547 0.200359
-0.824921 -0.528547 0.200359
-0.809588 0.442552 0.385637
-0.782879 0.262426 0.564122
0.241804 0.707225 0.664352
-0.782879 0.262426 0.564122
-0.809588 0.442552 0.385637
-0.809588 0.442552 0.385637
0.060651 0.983501 0.170431
0.241804 0.707225 0.664352
0.962330 0.262426 -0.071084
0.241804 0.707225 0.664352
0.060651 0.983501 0.170431
0.060651 0.983501 0.170431
0.865917 0.444071 -0.230192
0.962330 0.262426 -0.071084
0.634945 -0.402580 -0.659374
0.962330 0.262426 -0.071084
0.865917 0.444071 -0.230192
0.865917 0.444071 -0.230192
0.758688 -0.528827 -0.380440
0.634945 -0.402580 -0.659374
-0.241803 -0.707225 -0.664353
0.634945 -0.402580 -0.659374
0.758688 -0.528827 -0.380440
0.758688 -0.528827 -0.380440
-0.062128 -0.983666 -0.168942
-0.241803 -0.707225 -0.664353
-0.973175 -0.097091 -0.208577
-0.336399 -0.180573 -0.924245
-0.241803 -0.707225 -0.664353
-0.241803 -0.707225 -0.664353
-0.910233 -0.402581 -0.096976
-0.973175 -0.097091 -0.208577
-0.686801 0.081478 0.722264
-0.973175 -0.097091 -0.208577
-0.910233 -0.402581 -0.096976
-0.910233 -0.402581 -0.096976
-0.782879 0.262426 0.564122
-0.686801 0.081478 0.722264
0.336397 0.180573 0.924246
-0.686801 0.081478 0.722264
-0.782879 0.262426 0.564122
-0.782879 0.262426 0.564122
0.241804 0.707225 0.664352
0.336397 0.180573 0.924246
0.990382 0.081479 0.111822
0.336397 0.180573 0.924246
0.241804 0.707225 0.664352
0.241804 0.707225 0.664352
0.962330 0.262426 -0.071084
0.990382 0.081479 0.111822
0.611425 -0.097091 -0.785323
0.990382 0.081479 0.111822
0.962330 0.262426 -0.071084
0.962330 0.262426 -0.071084
0.634945 -0.402580 -0.659374
0.611425 -0.097091 -0.785323
-0.336399 -0.180573 -0.924245
0.611425 -0.097091 -0.785323
0.634945 -0.402580 -0.659374
0.634945 -0.402580 -0.659374
-0.241803 -0.707225 -0.664353
-0.336399 -0.180573 -0.924245
-0.984807 0.000000 -0.173650
-0.342020 0.000000 -0.939692
-0.336399 -0.180573 -0.924245
-0.336399 -0.180573 -0.924245
-0.973175 -0.097091 -0.208577
-0.984807 0.000000 -0.173650
-0.642789 0.000000 0.766044
-0.984807 0.000000 -0.173650
-0.973175 -0.097091 -0.208577
-0.973175 -0.097091 -0.208577
-0.686801 0.081478 0.722264
-0.642789 0.000000 0.766044
0.342021 0.000000 0.939692
-0.642789 0.000000 0.766044
-0.686801 0.081478 0.722264
-0.686801 0.081478 0.722264
0.336397 0.180573 0.924246
0.342021 0.000000 0.939692
0.984808 0.000000 0.173647
0.342021 0.000000 0.939692
0.336397 0.180573 0.924246
0.336397 0.180573 0.924246
0.990382 0.081479 0.111822
0.984808 0.000000 0.173647
0.642787 0.000000 -0.766045
0.984808 0.000000 0.173647
0.990382 0.081479 0.111822
0.990382 0.081479 0.111822
0.611425 -0.097091 -0.785323
0.642787 0.000000 -0.766045
-0.342020 0.000000 -0.939692
0.642787 0.000000 -0.766045
0.611425 -0.097091 -0.785323
0.611425 -0.097091 -0.785323
-0.336399 -0.180573 -0.924245
-0.342020 0.000000 -0.939692
-0.682420 -0.280651 0.674936
0.000001 -0.383948 0.923355
0.000000 0.000003 1.000000
0.000000 0.000003 1.000000
-0.707106 0.000000 0.707108
-0.682420 -0.280651 0.674936
-0.996036 -0.034153 0.082135
-0.682420 -0.280651 0.674936
-0.707106 0.000000 0.707108
-0.707106 0.000000 0.707108
-1.000000 0.000000 0.000000
-0.996036 -0.034153 0.082135
-0.776729 0.241827 -0.581559
-0.996036 -0.034153 0.082135
-1.000000 0.000000 0.000000
-1.000000 0.000000 0.000000
-0.707109 0.000000 -0.707104
-0.776729 0.241827 -0.581559
-0.000001 0.383952 -0.923353
-0.776729 0.241827 -0.581559
-0.707109 0.000000 -0.707104
-0.707109 0.000000 -0.707104
0.000001 0.000000 -1.000000
-0.000001 0.383952 -0.923353
0.776731 0.241827 -0.581558
-0.000001 0.383952 -0.923353
0.000001 0.000000 -1.000000
0.000001 0.000000 -1.000000
0.707109 0.000001 -0.707105
0.776731 0.241827 -0.581558
0.996036 -0.034154 0.082137
0.776731 0.241827 -0.581558
0.707109 0.000001 -0.707105
0.707109 0.000001 -0.707105
1.000000 0.000000 0.000000
0.996036 -0.034154 0.082137
0.682419 -0.280653 0.674936
0.996036 -0.034154 0.082137
1.000000 0.000000 0.000000
1.000000 0.000000 0.000000
0.707106 0.000002 0.707108
0.682419 -0.280653 0.674936
0.000001 -0.383948 0.923355
0.682419 -0.280653 0.674936
0.707106 0.000002 0.707108
0.707106 0.000002 0.707108
0.000000 0.000003 1.000000
0.000001 -0.383948 0.923355
-0.683276 -0.654810 0.323044
0.000000 -0.896804 0.442428
0.000001 -0.383948 0.923355
0.000001 -0.383948 0.923355
-0.682420 -0.280651 0.674936
-0.683276 -0.654810 0.323044
-0.997178 -0.067323 0.033212
-0.683276 -0.654810 0.323044
-0.682420 -0.280651 0.674936
-0.682420 -0.280651 0.674936
-0.996036 -0.034153 0.082135
-0.997178 -0.067323 0.033212
-0.761423 0.581359 -0.286805
-0.997178 -0.067323 0.033212
-0.996036 -0.034153 0.082135
-0.996036 -0.034153 0.082135
-0.776729 0.241827 -0.581559
-0.761423 0.581359 -0.286805
-0.000001 0.896804 -0.442429
-0.761423 0.581359 -0.286805
-0.776729 0.241827 -0.581559
-0.776729 0.241827 -0.581559
-0.000001 0.383952 -0.923353
-0.000001 0.896804 -0.442429
0.761423 0.581359 -0.286805
-0.000001 0.896804 -0.442429
-0.000001 0.383952 -0.923353
-0.000001 0.383952 -0.923353
0.776731 0.241827 -0.581558
0.761423 0.581359 -0.286805
0.997178 -0.067321 0.033213
0.761423 0.581359 -0.286805
0.776731 0.241827 -0.581558
0.776731 0.241827 -0.581558
0.996036 -0.034154 0.082137
0.997178 -0.067321 0.033213
0.683276 -0.654810 0.323046
0.997178 -0.067321 0.033213
0.996036 -0.034154 0.082137
0.996036 -0.034154 0.082137
0.682419 -0.280653 0.674936
0.683276 -0.654810 0.323046
0.000000 -0.896804 0.442428
0.683276 -0.654810 0.323046
0.682419 -0.280653 0.674936
0.682419 -0.280653 0.674936
0.000001 -0.383948 0.923355
0.000000 -0.896804 0.442428
-0.693134 -0.720804 -0.002539
-0.000001 -0.999994 -0.003523
0.000000 -0.896804 0.442428
0.000000 -0.896804 0.442428
-0.683276 -0.654810 0.323044
-0.693134 -0.720804 -0.002539
-0.999449 -0.033191 -0.000117
-0.693134 -0.720804 -0.002539
-0.683276 -0.654810 0.323044
-0.683276 -0.654810 0.323044
-0.997178 -0.067323 0.033212
-0.999449 -0.033191 -0.000117
-0.726571 0.687088 0.002420
-0.999449 -0.033191 -0.000117
-0.997178 -0.067323 0.033212
-0.997178 -0.067323 0.033212
-0.761423 0.581359 -0.286805
-0.726571 0.687088 0.002420
0.000000 0.999994 0.003523
-0.726571 0.687088 0.002420
-0.761423 0.581359 -0.286805
-0.761423 0.581359 -0.286805
-0.000001 0.896804 -0.442429
0.000000 0.999994 0.003523
0.726570 0.687088 0.002420
0.000000 0.999994 0.003523
-0.000001 0.896804 -0.442429
-0.000001 0.896804 -0.442429
0.761423 0.581359 -0.286805
0.726570 0.687088 0.002420
0.999449 -0.033189 -0.000117
0.726570 0.687088 0.002420
0.761423 0.581359 -0.286805
0.761423 0.581359 -0.286805
0.997178 -0.067321 0.033213
0.999449 -0.033189 -0.000117
0.693135 -0.720803 -0.002539
0.999449 -0.033189 -0.000117
0.997178 -0.067321 0.033213
0.997178 -0.067321 0.033213
0.683276 -0.654810 0.323046
0.693135 -0.720803 -0.002539
-0.000001 -0.999994 -0.003523
0.693135 -0.720803 -0.002539
0.683276 -0.654810 0.323046
0.683276 -0.654810 0.323046
0.000000 -0.896804 0.442428
-0.000001 -0.999994 -0.003523
-0.685039 -0.667907 -0.290897
-0.000001 -0.916818 -0.399306
-0.000001 -0.999994 -0.003523
-0.000001 -0.999994 -0.003523
-0.693134 -0.720804 -0.002539
-0.685039 -0.667907 -0.290897
-0.997986 -0.058162 -0.025331
-0.685039 -0.667907 -0.290897
-0.693134 -0.720804 -0.002539
-0.693134 -0.720804 -0.002539
-0.999449 -0.033191 -0.000117
-0.997986 -0.058162 -0.025331
-0.750283 0.606123 0.263990
-0.997986 -0.058162 -0.025331
-0.999449 -0.033191 -0.000117
-0.999449 -0.033191 -0.000117
-0.726571 0.687088 0.002420
-0.750283 0.606123 0.263990
-0.000001 0.916816 0.399309
-0.750283 0.606123 0.263990
-0.726571 0.687088 0.002420
-0.726571 0.687088 0.002420
0.000000 0.999994 0.003523
-0.000001 0.916816 0.399309
0.750284 0.606122 0.263989
-0.000001 0.916816 0.399309
0.000000 0.999994 0.003523
0.000000 0.999994 0.003523
0.726570 0.687088 0.002420
0.750284 0.606122 0.263989
0.997986 -0.058161 -0.025331
0.750284 0.606122 0.263989
0.726570 0.687088 0.002420
0.726570 0.687088 0.002420
0.999449 -0.033189 -0.000117
0.997986 -0.058161 -0.025331
0.685040 -0.667907 -0.290897
0.997986 -0.058161 -0.025331
0.999449 -0.033189 -0.000117
0.999449 -0.033189 -0.000117
0.693135 -0.720803 -0.002539
0.685040 -0.667907 -0.290897
-0.000001 -0.916818 -0.399306
0.685040 -0.667907 -0.290897
0.693135 -0.720803 -0.002539
0.693135 -0.720803 -0.002539
-0.000001 -0.999994 -0.003523
-0.000001 -0.916818 -0.399306
-0.683658 -0.400322 -0.610208
-0.000001 -0.548537 -0.836126
-0.000001 -0.916818 -0.399306
-0.000001 -0.916818 -0.399306
-0.685039 -0.667907 -0.290897
-0.683658 -0.400322 -0.610208
-0.997405 -0.039493 -0.060201
-0.683658 -0.400322 -0.610208
-0.685039 -0.667907 -0.290897
-0.685039 -0.667907 -0.290897
-0.997986 -0.058162 -0.025331
-0.997405 -0.039493 -0.060201
-0.758350 0.357559 0.545029
-0.997405 -0.039493 -0.060201
-0.997986 -0.058162 -0.025331
-0.997986 -0.058162 -0.025331
-0.750283 0.606123 0.263990
-0.758350 0.357559 0.545029
0.000000 0.548530 0.836131
-0.758350 0.357559 0.545029
-0.750283 0.606123 0.263990
-0.750283 0.606123 0.263990
-0.000001 0.916816 0.399309
0.000000 0.548530 0.836131
0.758352 0.357559 0.545027
0.000000 0.548530 0.836131
-0.000001 0.916816 0.399309
-0.000001 0.916816 0.399309
0.750284 0.606122 0.263989
0.758352 0.357559 0.545027
0.997405 -0.039492 -0.060200
0.758352 0.357559 0.545027
0.750284 0.606122 0.263989
0.750284 0.606122 0.263989
0.997986 -0.058161 -0.025331
0.997405 -0.039492 -0.060200
0.683659 -0.400322 -0.610207
0.997405 -0.039492 -0.060200
0.997986 -0.058161 -0.025331
0.997986 -0.058161 -0.025331
0.685040 -0.667907 -0.290897
0.683659 -0.400322 -0.610207
-0.000001 -0.548537 -0.836126
0.683659 -0.400322 -0.610207
0.685040 -0.667907 -0.290897
0.685040 -0.667907 -0.290897
-0.000001 -0.916818 -0.399306
-0.000001 -0.548537 -0.836126
-0.707107 -0.189253 -0.681310
-0.000002 -0.267645 -0.963518
-0.000001 -0.548537 -0.836126
-0.000001 -0.548537 -0.836126
-0.683658 -0.400322 -0.610208
-0.707107 -0.189253 -0.681310
-1.000000 -0.000001 -0.000002
-0.707107 -0.189253 -0.681310
-0.683658 -0.400322 -0.610208
-0.683658 -0.400322 -0.610208
-0.997405 -0.039493 -0.060201
-1.000000 -0.000001 -0.000002
-0.707108 0.189251 0.681310
-1.000000 -0.000001 -0.000002
-0.997405 -0.039493 -0.060201
-0.997405 -0.039493 -0.060201
-0.758350 0.357559 0.545029
-0.707108 0.189251 0.681310
0.000001 0.267641 0.963519
-0.707108 0.189251 0.681310
-0.758350 0.357559 0.545029
-0.758350 0.357559 0.545029
0.000000 0.548530 0.836131
0.000001 0.267641 0.963519
0.707107 0.189251 0.681310
0.000001 0.267641 0.963519
0.000000 0.548530 0.836131
0.000000 0.548530 0.836131
0.758352 0.357559 0.545027
0.707107 0.189251 0.681310
1.000000 0.000000 0.000000
0.707107 0.189251 0.681310
0.758352 0.357559 0.545027
0.758352 0.357559 0.545027
0.997405 -0.039492 -0.060200
1.000000 0.000000 0.000000
0.707108 -0.189252 -0.681309
1.000000 0.000000 0.000000
0.997405 -0.039492 -0.060200
0.997405 -0.039492 -0.060200
0.683659 -0.400322 -0.610207
0.707108 -0.189252 -0.681309
-0.000002 -0.267645 -0.963518
0.707108 -0.189252 -0.681309
0.683659 -0.400322 -0.610207
0.683659 -0.400322 -0.610207
-0.000001 -0.548537 -0.836126
-0.000002 -0.267645 -0.963518
0.000000 1.000000 0.000000
0.000000 1.000000 0.000000
0.000000 1.000000 0.000000
0.000000 1.000000 0.000000
0.000000 1.000000 0.000000
0.000000 1.000000 0.000000
-0.903672 0.000000 0.428226
-0.903668 0.000000 0.428233
-1.000000 0.000000 0.000000
-1.000000 0.000000 0.000000
-1.000000 0.000000 0.000001
-0.903672 0.000000 0.428226
0.000000 1.000000 0.000000
0.000000 1.000000 0.000000
0.000000 1.000000 0.000000
0.000000 1.000000 0.000000
0.000000 1.000000 0.000000
0.000000 1.000000 0.000000
-0.336191 0.000000 0.941794
-0.336183 0.000000 0.941797
-0.903668 0.000000 0.428233
-0.903668 0.000000 0.428233
-0.903672 0.000000 0.428226
-0.336191 0.000000 0.941794
0.000000 1.000000 0.000000
0.000000 1.000000 0.000000
0.000000 1.000000 0.000000
0.000000 1.000000 0.000000
0.000000 1.000000 0.000000
0.000000 1.000000 0.000000
-0.145754 0.000000 0.989321
-0.145756 0.000000 0.989321
-0.336183 0.000000 0.941797
-0.336183 0.000000 0.941797
-0.336191 0.000000 0.941794
-0.145754 0.000000 0.989321
0.000000 1.000000 0.000000
0.000000 1.000000 0.000000
0.000000 1.000000 0.000000
0.000000 1.000000 0.000000
0.000000 1.000000 0.000000
0.000000 1.000000 0.000000
-0.673302 0.000000 0.739367
-0.673303 0.000000 0.739367
-0.145756 0.000000 0.989321
-0.145756 0.000000 0.989321
-0.145754 0.000000 0.989321
-0.673302 0.000000 0.739367
0.000000 1.000000 0.000000
0.000000 1.000000 0.000000
0.000000 1.000000 0.000000
0.000000 1.000000 0.000000
0.000000 1.000000 0.000000
0.000000 1.000000 0.000000
-0.981432 0.000000 0.191811
-0.981432 0.000000 0.191812
-0.673303 0.000000 0.739367
-0.673303 0.000000 0.739367
-0.673302 0.000000 0.739367
-0.981432 0.000000 0.191811
0.000000 1.000000 0.000000
0.000000 0.923878 -0.382688
0.000000 0.923878 -0.382688
0.000000 0.923878 -0.382688
0.000000 1.000000 0.000000
0.000000 1.000000 0.000000
-1.000000 0.000000 0.000000
-1.000000 0.000000 0.000000
-0.981432 0.000000 0.191812
-1.000000 0.000000 0.000000
-1.000000 0.000000 0.000000
-0.981432 0.000000 0.191812
-0.981432 0.000000 0.191811
-1.000000 0.000000 0.000000
-0.981432 0.000000 0.191812
0.000007 0.000000 -1.000000
0.000007 0.000000 -1.000000
0.000000 0.382679 -0.923881
0.000000 0.382679 -0.923881
0.000000 0.382679 -0.923881
0.000007 0.000000 -1.000000
0.000000 0.923878 -0.382688
0.000000 0.923878 -0.382688
0.000000 0.382679 -0.923881
0.000000 0.382679 -0.923881
0.000000 0.382679 -0.923881
0.000000 0.923878 -0.382688
0.903672 0.000000 -0.428226
1.000000 0.000000 0.000000
1.000000 0.000000 0.000000
1.000000 0.000000 0.000000
0.903672 0.000000 -0.428226
0.903672 0.000000 -0.428226
0.336191 0.000000 -0.941794
0.903672 0.000000 -0.428226
0.903672 0.000000 -0.428226
0.903672 0.000000 -0.428226
0.336191 0.000000 -0.941794
0.336191 0.000000 -0.941794
0.145755 0.000000 -0.989321
0.336191 0.000000 -0.941794
0.336191 0.000000 -0.941794
0.336191 0.000000 -0.941794
0.145754 0.000000 -0.989321
0.145755 0.000000 -0.989321
0.673301 0.000000 -0.739369
0.145755 0.000000 -0.989321
0.145754 0.000000 -0.989321
0.145754 0.000000 -0.989321
0.673299 0.000000 -0.739370
0.673301 0.000000 -0.739369
0.981431 0.000000 -0.191813
0.673301 0.000000 -0.739369
0.673299 0.000000 -0.739370
0.673299 0.000000 -0.739370
0.981431 0.000000 -0.191814
0.981431 0.000000 -0.191813
1.000000 0.000000 0.000000
1.000000 0.000000 0.000000
0.981431 0.000000 -0.191813
1.000000 0.000000 0.000000
0.981431 0.000000 -0.191813
0.981431 0.000000 -0.191814
1.000000 0.000000 0.000000
1.000000 0.000000 0.000000
0.981431 0.000000 -0.191814
0.000000 -1.000000 0.000000
0.000000 -1.000000 0.000000
0.000000 -1.000000 0.000000
0.000000 -1.000000 0.000000
0.000000 -1.000000 0.000000
0.000000 -1.000000 0.000000
-0.903672 0.000000 0.428226
-1.000000 0.000000 0.000001
-1.000000 0.000000 0.000000
-1.000000 0.000000 0.000000
-0.903668 0.000000 0.428233
-0.903672 0.000000 0.428226
0.000000 -1.000000 0.000000
0.000000 -1.000000 0.000000
0.000000 -1.000000 0.000000
0.000000 -1.000000 0.000000
0.000000 -1.000000 0.000000
0.000000 -1.000000 0.000000
-0.336191 0.000000 0.941794
-0.903672 0.000000 0.428226
-0.903668 0.000000 0.428233
-0.903668 0.000000 0.428233
-0.336183 0.000000 0.941797
-0.336191 0.000000 0.941794
0.000000 -1.000000 0.000000
0.000000 -1.000000 0.000000
0.000000 -1.000000 0.000000
0.000000 -1.000000 0.000000
0.000000 -1.000000 0.000000
0.000000 -1.000000 0.000000
-0.145754 0.000000 0.989321
-0.336191 0.000000 0.941794
-0.336183 0.000000 0.941797
-0.336183 0.000000 0.941797
-0.145756 0.000000 0.989321
-0.145754 0.000000 0.989321
0.000000 -1.000000 0.000000
0.000000 -1.000000 0.000000
0.000000 -1.000000 0.000000
0.000000 -1.000000 0.000000
0.000000 -1.000000 0.000000
0.000000 -1.000000 0.000000
-0.673302 0.000000 0.739367
-0.145754 0.000000 0.989321
-0.145756 0.000000 0.989321
-0.145756 0.000000 0.989321
-0.673303 0.000000 0.739367
-0.673302 0.000000 0.739367
0.000000 -1.000000 0.000000
0.000000 -1.000000 0.000000
0.000000 -1.000000 0.000000
0.000000 -1.000000 0.000000
0.000000 -1.000000 0.000000
0.000000 -1.000000 0.000000
-0.981432 0.000000 0.191811
-0.673302 0.000000 0.739367
-0.673303 0.000000 0.739367
-0.673303 0.000000 0.739367
-0.981432 0.000000 0.191812
-0.981432 0.000000 0.191811
0.000000 -1.000000 0.000000
0.000000 -1.000000 0.000000
0.000000 -0.923878 -0.382688
0.000000 -0.923878 -0.382688
0.000000 -0.923878 -0.382688
0.000000 -1.000000 0.000000
-0.981432 0.000000 0.191812
-1.000000 0.000000 0.000000
-1.000000 0.000000 0.000000
-0.981432 0.000000 0.191812
-1.000000 0.000000 0.000000
-1.000000 0.000000 0.000000
-0.981432 0.000000 0.191811
-0.981432 0.000000 0.191812
-1.000000 0.000000 0.000000
0.000007 0.000000 -1.000000
0.000000 -0.382679 -0.923881
0.000000 -0.382679 -0.923881
0.000000 -0.382679 -0.923881
0.000007 0.000000 -1.000000
0.000007 0.000000 -1.000000
0.000000 -0.923878 -0.382688
0.000000 -0.382679 -0.923881
0.000000 -0.382679 -0.923881
0.000000 -0.382679 -0.923881
0.000000 -0.923878 -0.382688
0.000000 -0.923878 -0.382688
0.903672 0.000000 -0.428226
0.903672 0.000000 -0.428226
1.000000 0.000000 0.000000
1.000000 0.000000 0.000000
1.000000 0.000000 0.000000
0.903672 0.000000 -0.428226
0.336191 0.000000 -0.941794
0.336191 0.000000 -0.941794
0.903672 0.000000 -0.428226
0.903672 0.000000 -0.428226
0.903672 0.000000 -0.428226
0.336191 0.000000 -0.941794
0.145755 0.000000 -0.989321
0.145754 0.000000 -0.989321
0.336191 0.000000 -0.941794
0.336191 0.000000 -0.941794
0.336191 0.000000 -0.941794
0.145755 0.000000 -0.989321
0.673301 0.000000 -0.739369
0.673299 0.000000 -0.739370
0.145754 0.000000 -0.989321
0.145754 0.000000 -0.989321
0.145755 0.000000 -0.989321
0.673301 0.000000 -0.739369
0.981431 0.000000 -0.191813
0.981431 0.000000 -0.191814
0.673299 0.000000 -0.739370
0.673299 0.000000 -0.739370
0.673301 0.000000 -0.739369
0.981431 0.000000 -0.191813
0.981431 0.000000 -0.191813
1.000000 0.000000 0.000000
1.000000 0.000000 0.000000
0.981431 0.000000 -0.191814
0.981431 0.000000 -0.191813
1.000000 0.000000 0.000000
1.000000 0.000000 0.000000
0.981431 0.000000 -0.191814
1.000000 0.000000 0.000000
-0.342017 0.000000 -0.939694
-0.984808 0.000000 -0.173646
-0.941819 0.274289 -0.194274
-0.941819 0.274289 -0.194274
-0.300504 0.477520 -0.825634
-0.342017 0.000000 -0.939694
-0.984808 0.000000 -0.173646
-0.642787 0.000000 0.766045
-0.779685 -0.163734 0.604385
-0.779685 -0.163734 0.604385
-0.941819 0.274289 -0.194274
-0.984808 0.000000 -0.173646
-0.642787 0.000000 0.766045
0.342024 0.000000 0.939691
0.300509 -0.477520 0.825633
0.300509 -0.477520 0.825633
-0.779685 -0.163734 0.604385
-0.642787 0.000000 0.766045
0.342024 0.000000 0.939691
0.984808 0.000000 0.173645
0.985765 -0.163734 -0.038190
0.985765 -0.163734 -0.038190
0.300509 -0.477520 0.825633
0.342024 0.000000 0.939691
0.984808 0.000000 0.173645
0.642791 0.000000 -0.766041
0.596600 0.274288 -0.754211
0.596600 0.274288 -0.754211
0.985765 -0.163734 -0.038190
0.984808 0.000000 0.173645
0.642791 0.000000 -0.766041
-0.342017 0.000000 -0.939694
-0.300504 0.477520 -0.825634
-0.300504 0.477520 -0.825634
0.596600 0.274288 -0.754211
0.642791 0.000000 -0.766041
-0.300504 0.477520 -0.825634
-0.941819 0.274289 -0.194274
-0.835908 0.531508 0.136956
-0.835908 0.531508 0.136956
-0.097003 0.958937 -0.266517
-0.300504 0.477520 -0.825634
-0.941819 0.274289 -0.194274
-0.779685 -0.163734 0.604385
-0.813133 -0.400798 0.422109
-0.813133 -0.400798 0.422109
-0.835908 0.531508 0.136956
-0.941819 0.274289 -0.194274
-0.779685 -0.163734 0.604385
0.300509 -0.477520 0.825633
0.097002 -0.958936 0.266518
0.097002 -0.958936 0.266518
-0.813133 -0.400798 0.422109
-0.779685 -0.163734 0.604385
0.300509 -0.477520 0.825633
0.985765 -0.163734 -0.038190
0.894221 -0.400800 -0.199319
0.894221 -0.400800 -0.199319
0.097002 -0.958936 0.266518
0.300509 -0.477520 0.825633
0.985765 -0.163734 -0.038190
0.596600 0.274288 -0.754211
0.728377 0.531506 -0.432397
0.728377 0.531506 -0.432397
0.894221 -0.400800 -0.199319
0.985765 -0.163734 -0.038190
0.596600 0.274288 -0.754211
-0.300504 0.477520 -0.825634
-0.097003 0.958937 -0.266517
-0.097003 0.958937 -0.266517
0.728377 0.531506 -0.432397
0.596600 0.274288 -0.754211
-0.097003 0.958937 -0.266517
-0.835908 0.531508 0.136956
-0.693119 0.519425 0.499784
-0.693119 0.519425 0.499784
0.139773 0.912685 0.384019
-0.097003 0.958937 -0.266517
-0.835908 0.531508 0.136956
-0.813133 -0.400798 0.422109
-0.924347 -0.339142 0.174832
-0.924347 -0.339142 0.174832
-0.693119 0.519425 0.499784
-0.835908 0.531508 0.136956
-0.813133 -0.400798 0.422109
0.097002 -0.958936 0.266518
-0.139773 -0.912682 -0.384025
-0.139773 -0.912682 -0.384025
-0.924347 -0.339142 0.174832
-0.813133 -0.400798 0.422109
0.097002 -0.958936 0.266518
0.894221 -0.400800 -0.199319
0.820472 -0.339138 -0.460229
0.820472 -0.339138 -0.460229
-0.139773 -0.912682 -0.384025
0.097002 -0.958936 0.266518
0.894221 -0.400800 -0.199319
0.728377 0.531506 -0.432397
0.852215 0.519424 -0.062672
0.852215 0.519424 -0.062672
0.820472 -0.339138 -0.460229
0.894221 -0.400800 -0.199319
0.728377 0.531506 -0.432397
-0.097003 0.958937 -0.266517
0.139773 0.912685 0.384019
0.139773 0.912685 0.384019
0.852215 0.519424 -0.062672
0.728377 0.531506 -0.432397
0.139773 0.912685 0.384019
-0.693119 0.519425 0.499784
-0.596064 0.200860 0.777408
-0.596064 0.200860 0.777408
0.319566 0.356366 0.877998
0.139773 0.912685 0.384019
-0.693119 0.519425 0.499784
-0.924347 -0.339142 0.174832
-0.989762 -0.139675 -0.029357
-0.989762 -0.139675 -0.029357
-0.596064 0.200860 0.777408
-0.693119 0.519425 0.499784
-0.924347 -0.339142 0.174832
-0.139773 -0.912682 -0.384025
-0.319556 -0.356419 -0.877980
-0.319556 -0.356419 -0.877980
-0.989762 -0.139675 -0.029357
-0.924347 -0.339142 0.174832
-0.139773 -0.912682 -0.384025
0.820472 -0.339138 -0.460229
0.739334 -0.139678 -0.658692
0.739334 -0.139678 -0.658692
-0.319556 -0.356419 -0.877980
-0.139773 -0.912682 -0.384025
0.820472 -0.339138 -0.460229
0.852215 0.519424 -0.062672
0.956321 0.200855 0.212386
0.956321 0.200855 0.212386
0.739334 -0.139678 -0.658692
0.820472 -0.339138 -0.460229
0.852215 0.519424 -0.062672
0.139773 0.912685 0.384019
0.319566 0.356366 0.877998
0.319566 0.356366 0.877998
0.956321 0.200855 0.212386
0.852215 0.519424 -0.062672
0.319566 0.356366 0.877998
-0.596064 0.200860 0.777408
-0.638241 0.000000 0.769836
-0.638241 0.000000 0.769836
0.347816 0.000000 0.937563
0.319566 0.356366 0.877998
-0.596064 0.200860 0.777408
-0.989762 -0.139675 -0.029357
-0.985823 0.000000 -0.167791
-0.985823 0.000000 -0.167791
-0.638241 0.000000 0.769836
-0.596064 0.200860 0.777408
-0.989762 -0.139675 -0.029357
-0.319556 -0.356419 -0.877980
-0.347865 0.000000 -0.937545
-0.347865 0.000000 -0.937545
-0.985823 0.000000 -0.167791
-0.989762 -0.139675 -0.029357
-0.319556 -0.356419 -0.877980
0.739334 -0.139678 -0.658692
0.637794 0.000000 -0.770207
0.637794 0.000000 -0.770207
-0.347865 0.000000 -0.937545
-0.319556 -0.356419 -0.877980
0.739334 -0.139678 -0.658692
0.956321 0.200855 0.212386
0.985911 0.000000 0.167269
0.985911 0.000000 0.167269
0.637794 0.000000 -0.770207
0.739334 -0.139678 -0.658692
0.956321 0.200855 0.212386
0.319566 0.356366 0.877998
0.347816 0.000000 0.937563
0.347816 0.000000 0.937563
0.985911 0.000000 0.167269
0.956321 0.200855 0.212386
0.342017 0.000000 -0.939694
0.300504 0.477520 -0.825634
0.941819 0.274289 -0.194274
0.941819 0.274289 -0.194274
0.984808 0.000000 -0.173646
0.342017 0.000000 -0.939694
0.984808 0.000000 -0.173646
0.941819 0.274289 -0.194274
0.779685 -0.163734 0.604385
0.779685 -0.163734 0.604385
0.642787 0.000000 0.766045
0.984808 0.000000 -0.173646
0.642787 0.000000 0.766045
0.779685 -0.163734 0.604385
-0.300509 -0.477520 0.825633
-0.300509 -0.477520 0.825633
-0.342024 0.000000 0.939691
0.642787 0.000000 0.766045
-0.342024 0.000000 0.939691
-0.300509 -0.477520 0.825633
-0.985765 -0.163734 -0.038190
-0.985765 -0.163734 -0.038190
-0.984808 0.000000 0.173645
-0.342024 0.000000 0.939691
-0.984808 0.000000 0.173645
-0.985765 -0.163734 -0.038190
-0.596600 0.274288 -0.754211
-0.596600 0.274288 -0.754211
-0.642791 0.000000 -0.766041
-0.984808 0.000000 0.173645
-0.642791 0.000000 -0.766041
-0.596600 0.274288 -0.754211
0.300504 0.477520 -0.825634
0.300504 0.477520 -0.825634
0.342017 0.000000 -0.939694
-0.642791 0.000000 -0.766041
0.300504 0.477520 -0.825634
0.097003 0.958937 -0.266517
0.835908 0.531508 0.136956
0.835908 0.531508 0.136956
0.941819 0.274289 -0.194274
0.300504 0.477520 -0.825634
0.941819 0.274289 -0.194274
0.835908 0.531508 0.136956
0.813133 -0.400798 0.422109
0.813133 -0.400798 0.422109
0.779685 -0.163734 0.604385
0.941819 0.274289 -0.194274
0.779685 -0.163734 0.604385
0.813133 -0.400798 0.422109
-0.097002 -0.958936 0.266518
-0.097002 -0.958936 0.266518
-0.300509 -0.477520 0.825633
0.779685 -0.163734 0.604385
-0.300509 -0.477520 0.825633
-0.097002 -0.958936 0.266518
-0.894221 -0.400800 -0.199319
-0.894221 -0.400800 -0.199319
-0.985765 -0.163734 -0.038190
-0.300509 -0.477520 0.825633
-0.985765 -0.163734 -0.038190
-0.894221 -0.400800 -0.199319
-0.728377 0.531506 -0.432397
-0.728377 0.531506 -0.432397
-0.596600 0.274288 -0.754211
-0.985765 -0.163734 -0.038190
-0.596600 0.274288 -0.754211
-0.728377 0.531506 -0.432397
0.097003 0.958937 -0.266517
0.097003 0.958937 -0.266517
0.300504 0.477520 -0.825634
-0.596600 0.274288 -0.754211
0.097003 0.958937 -0.266517
-0.139773 0.912685 0.384019
0.693119 0.519425 0.499784
0.693119 0.519425 0.499784
0.835908 0.531508 0.136956
0.097003 0.958937 -0.266517
0.835908 0.531508 0.136956
0.693119 0.519425 0.499784
0.924347 -0.339142 0.174832
0.924347 -0.339142 0.174832
0.813133 -0.400798 0.422109
0.835908 0.531508 0.136956
0.813133 -0.400798 0.422109
0.924347 -0.339142 0.174832
0.139773 -0.912682 -0.384025
0.139773 -0.912682 -0.384025
-0.097002 -0.958936 0.266518
0.813133 -0.400798 0.422109
-0.097002 -0.958936 0.266518
0.139773 -0.912682 -0.384025
-0.820472 -0.339138 -0.460229
-0.820472 -0.339138 -0.460229
-0.894221 -0.400800 -0.199319
-0.097002 -0.958936 0.266518
-0.894221 -0.400800 -0.199319
-0.820472 -0.339138 -0.460229
-0.852215 0.519424 -0.062672
-0.852215 0.519424 -0.062672
-0.728377 0.531506 -0.432397
-0.894221 -0.400800 -0.199319
-0.728377 0.531506 -0.432397
-0.852215 0.519424 -0.062672
-0.139773 0.912685 0.384019
-0.139773 0.912685 0.384019
0.097003 0.958937 -0.266517
-0.728377 0.531506 -0.432397
-0.139773 0.912685 0.384019
-0.319566 0.356366 0.877998
0.596064 0.200860 0.777408
0.596064 0.200860 0.777408
0.693119 0.519425 0.499784
-0.139773 0.912685 0.384019
0.693119 0.519425 0.499784
0.596064 0.200860 0.777408
0.989762 -0.139675 -0.029357
0.989762 -0.139675 -0.029357
0.924347 -0.339142 0.174832
0.693119 0.519425 0.499784
0.924347 -0.339142 0.174832
0.989762 -0.139675 -0.029357
0.319556 -0.356419 -0.877980
0.319556 -0.356419 -0.877980
0.139773 -0.912682 -0.384025
0.924347 -0.339142 0.174832
0.139773 -0.912682 -0.384025
0.319556 -0.356419 -0.877980
-0.739334 -0.139678 -0.658692
-0.739334 -0.139678 -0.658692
-0.820472 -0.339138 -0.460229
0.139773 -0.912682 -0.384025
-0.820472 -0.339138 -0.460229
-0.739334 -0.139678 -0.658692
-0.956321 0.200855 0.212386
-0.956321 0.200855 0.212386
-0.852215 0.519424 -0.062672
-0.820472 -0.339138 -0.460229
-0.852215 0.519424 -0.062672
-0.956321 0.200855 0.212386
-0.319566 0.356366 0.877998
-0.319566 0.356366 0.877998
-0.139773 0.912685 0.384019
-0.852215 0.519424 -0.062672
0.638241 0.000000 0.769836
0.596064 0.200860 0.777408
-0.319566 0.356366 0.877998
-0.319566 0.356366 0.877998
-0.347816 0.000000 0.937563
0.638241 0.000000 0.769836
0.985823 0.000000 -0.167791
0.989762 -0.139675 -0.029357
0.596064 0.200860 0.777408
0.596064 0.200860 0.777408
0.638241 0.000000 0.769836
0.985823 0.000000 -0.167791
0.347865 0.000000 -0.937545
0.319556 -0.356419 -0.877980
0.989762 -0.139675 -0.029357
0.989762 -0.139675 -0.029357
0.985823 0.000000 -0.167791
0.347865 0.000000 -0.937545
-0.637794 0.000000 -0.770207
-0.739334 -0.139678 -0.658692
0.319556 -0.356419 -0.877980
0.319556 -0.356419 -0.877980
0.347865 0.000000 -0.937545
-0.637794 0.000000 -0.770207
-0.985911 0.000000 0.167269
-0.956321 0.200855 0.212386
-0.739334 -0.139678 -0.658692
-0.739334 -0.139678 -0.658692
-0.637794 0.000000 -0.770207
-0.985911 0.000000 0.167269
-0.347816 0.000000 0.937563
-0.319566 0.356366 0.877998
-0.956321 0.200855 0.212386
-0.956321 0.200855 0.212386
-0.985911 0.000000 0.167269
-0.347816 0.000000 0.937563
-0.342017 0.000000 -0.939694
-0.300504 -0.477520 -0.825634
-0.941819 -0.274289 -0.194274
-0.941819 -0.274289 -0.194274
-0.984808 0.000000 -0.173646
-0.342017 0.000000 -0.939694
-0.984808 0.000000 -0.173646
-0.941819 -0.274289 -0.194274
-0.779685 0.163734 0.604385
-0.779685 0.163734 0.604385
-0.642787 0.000000 0.766045
-0.984808 0.000000 -0.173646
-0.642787 0.000000 0.766045
-0.779685 0.163734 0.604385
0.300509 0.477520 0.825633
0.300509 0.477520 0.825633
0.342024 0.000000 0.939691
-0.642787 0.000000 0.766045
0.342024 0.000000 0.939691
0.300509 0.477520 0.825633
0.985765 0.163734 -0.038190
0.985765 0.163734 -0.038190
0.984808 0.000000 0.173645
0.342024 0.000000 0.939691
0.984808 0.000000 0.173645
0.985765 0.163734 -0.038190
0.596600 -0.274288 -0.754211
0.596600 -0.274288 -0.754211
0.642791 0.000000 -0.766041
0.984808 0.000000 0.173645
0.642791 0.000000 -0.766041
0.596600 -0.274288 -0.754211
-0.300504 -0.477520 -0.825634
-0.300504 -0.477520 -0.825634
-0.342017 0.000000 -0.939694
0.642791 0.000000 -0.766041
-0.300504 -0.477520 -0.825634
-0.097003 -0.958937 -0.266517
-0.835908 -0.531508 0.136956
-0.835908 -0.531508 0.136956
-0.941819 -0.274289 -0.194274
-0.300504 -0.477520 -0.825634
-0.941819 -0.274289 -0.194274
-0.835908 -0.531508 0.136956
-0.813133 0.400798 0.422109
-0.813133 0.400798 0.422109
-0.779685 0.163734 0.604385
-0.941819 -0.274289 -0.194274
-0.779685 0.163734 0.604385
-0.813133 0.400798 0.422109
0.097002 0.958936 0.266518
0.097002 0.958936 0.266518
0.300509 0.477520 0.825633
-0.779685 0.163734 0.604385
0.300509 0.477520 0.825633
0.097002 0.958936 0.266518
0.894221 0.400800 -0.199319
0.894221 0.400800 -0.199319
0.985765 0.163734 -0.038190
0.300509 0.477520 0.825633
0.985765 0.163734 -0.038190
0.894221 0.400800 -0.199319
0.728377 -0.531506 -0.432397
0.728377 -0.531506 -0.432397
0.596600 -0.274288 -0.754211
0.985765 0.163734 -0.038190
0.596600 -0.274288 -0.754211
0.728377 -0.531506 -0.432397
-0.097003 -0.958937 -0.266517
-0.097003 -0.958937 -0.266517
-0.300504 -0.477520 -0.825634
0.596600 -0.274288 -0.754211
-0.097003 -0.958937 -0.266517
0.139773 -0.912685 0.384019
-0.693119 -0.519425 0.499784
-0.693119 -0.519425 0.499784
-0.835908 -0.531508 0.136956
-0.097003 -0.958937 -0.266517
-0.835908 -0.531508 0.136956
-0.693119 -0.519425 0.499784
-0.924347 0.339142 0.174832
-0.924347 0.339142 0.174832
-0.813133 0.400798 0.422109
-0.835908 -0.531508 0.136956
-0.813133 0.400798 0.422109
-0.924347 0.339142 0.174832
-0.139773 0.912682 -0.384025
-0.139773 0.912682 -0.384025
0.097002 0.958936 0.266518
-0.813133 0.400798 0.422109
0.097002 0.958936 0.266518
-0.139773 0.912682 -0.384025
0.820472 0.339138 -0.460229
0.820472 0.339138 -0.460229
0.894221 0.400800 -0.199319
0.097002 0.958936 0.266518
0.894221 0.400800 -0.199319
0.820472 0.339138 -0.460229
0.852215 -0.519424 -0.062672
0.852215 -0.519424 -0.062672
0.728377 -0.531506 -0.432397
0.894221 0.400800 -0.199319
0.728377 -0.531506 -0.432397
0.852215 -0.519424 -0.062672
0.139773 -0.912685 0.384019
0.139773 -0.912685 0.384019
-0.097003 -0.958937 -0.266517
0.728377 -0.531506 -0.432397
0.139773 -0.912685 0.384019
0.319566 -0.356366 0.877998
-0.596064 -0.200860 0.777408
-0.596064 -0.200860 0.777408
-0.693119 -0.519425 0.499784
0.139773 -0.912685 0.384019
-0.693119 -0.519425 0.499784
-0.596064 -0.200860 0.777408
-0.989762 0.139675 -0.029357
-0.989762 0.139675 -0.029357
-0.924347 0.339142 0.174832
-0.693119 -0.519425 0.499784
-0.924347 0.339142 0.174832
-0.989762 0.139675 -0.029357
-0.319556 0.356419 -0.877980
-0.319556 0.356419 -0.877980
-0.139773 0.912682 -0.384025
-0.924347 0.339142 0.174832
-0.139773 0.912682 -0.384025
-0.319556 0.356419 -0.877980
0.739334 0.139678 -0.658692
0.739334 0.139678 -0.658692
0.820472 0.339138 -0.460229
-0.139773 0.912682 -0.384025
0.820472 0.339138 -0.460229
0.739334 0.139678 -0.658692
0.956321 -0.200855 0.212386
0.956321 -0.200855 0.212386
0.852215 -0.519424 -0.062672
0.820472 0.339138 -0.460229
0.852215 -0.519424 -0.062672
0.956321 -0.200855 0.212386
0.319566 -0.356366 0.877998
0.319566 -0.356366 0.877998
0.139773 -0.912685 0.384019
0.852215 -0.519424 -0.062672
0.319566 -0.356366 0.877998
0.347816 0.000000 0.937563
-0.638241 0.000000 0.769836
-0.638241 0.000000 0.769836
-0.596064 -0.200860 0.777408
0.319566 -0.356366 0.877998
-0.596064 -0.200860 0.777408
-0.638241 0.000000 0.769836
-0.985823 0.000000 -0.167791
-0.985823 0.000000 -0.167791
-0.989762 0.139675 -0.029357
-0.596064 -0.200860 0.777408
-0.989762 0.139675 -0.029357
-0.985823 0.000000 -0.167791
-0.347865 0.000000 -0.937545
-0.347865 0.000000 -0.937545
-0.319556 0.356419 -0.877980
-0.989762 0.139675 -0.029357
-0.319556 0.356419 -0.877980
-0.347865 0.000000 -0.937545
0.637794 0.000000 -0.770207
0.637794 0.000000 -0.770207
0.739334 0.139678 -0.658692
-0.319556 0.356419 -0.877980
0.739334 0.139678 -0.658692
0.637794 0.000000 -0.770207
0.985911 0.000000 0.167269
0.985911 0.000000 0.167269
0.956321 -0.200855 0.212386
0.739334 0.139678 -0.658692
0.956321 -0.200855 0.212386
0.985911 0.000000 0.167269
0.347816 0.000000 0.937563
0.347816 0.000000 0.937563
0.319566 -0.356366 0.877998
0.956321 -0.200855 0.212386
0.342017 0.000000 -0.939694
0.984808 0.000000 -0.173646
0.941819 -0.274289 -0.194274
0.941819 -0.274289 -0.194274
0.300504 -0.477520 -0.825634
0.342017 0.000000 -0.939694
0.984808 0.000000 -0.173646
0.642787 0.000000 0.766045
0.779685 0.163734 0.604385
0.779685 0.163734 0.604385
0.941819 -0.274289 -0.194274
0.984808 0.000000 -0.173646
0.642787 0.000000 0.766045
-0.342024 0.000000 0.939691
-0.300509 0.477520 0.825633
-0.300509 0.477520 0.825633
0.779685 0.163734 0.604385
0.642787 0.000000 0.766045
-0.342024 0.000000 0.939691
-0.984808 0.000000 0.173645
-0.985765 0.163734 -0.038190
-0.985765 0.163734 -0.038190
-0.300509 0.477520 0.825633
-0.342024 0.000000 0.939691
-0.984808 0.000000 0.173645
-0.642791 0.000000 -0.766041
-0.596600 -0.274288 -0.754211
-0.596600 -0.274288 -0.754211
-0.985765 0.163734 -0.038190
-0.984808 0.000000 0.173645
-0.642791 0.000000 -0.766041
0.342017 0.000000 -0.939694
0.300504 -0.477520 -0.825634
0.300504 -0.477520 -0.825634
-0.596600 -0.274288 -0.754211
-0.642791 0.000000 -0.766041
0.300504 -0.477520 -0.825634
0.941819 -0.274289 -0.194274
0.835908 -0.531508 0.136956
0.835908 -0.531508 0.136956
0.097003 -0.958937 -0.266517
0.300504 -0.477520 -0.825634
0.941819 -0.274289 -0.194274
0.779685 0.163734 0.604385
0.813133 0.400798 0.422109
0.813133 0.400798 0.422109
0.835908 -0.531508 0.136956
0.941819 -0.274289 -0.194274
0.779685 0.163734 0.604385
-0.300509 0.477520 0.825633
-0.097002 0.958936 0.266518
-0.097002 0.958936 0.266518
0.813133 0.400798 0.422109
0.779685 0.163734 0.604385
-0.300509 0.477520 0.825633
-0.985765 0.163734 -0.038190
-0.894221 0.400800 -0.199319
-0.894221 0.400800 -0.199319
-0.097002 0.958936 0.266518
-0.300509 0.477520 0.825633
-0.985765 0.163734 -0.038190
-0.596600 -0.274288 -0.754211
-0.728377 -0.531506 -0.432397
-0.728377 -0.531506 -0.432397
-0.894221 0.400800 -0.199319
-0.985765 0.163734 -0.038190
-0.596600 -0.274288 -0.754211
0.300504 -0.477520 -0.825634
0.097003 -0.958937 -0.266517
0.097003 -0.958937 -0.266517
-0.728377 -0.531506 -0.432397
-0.596600 -0.274288 -0.754211
0.097003 -0.958937 -0.266517
0.835908 -0.531508 0.136956
0.693119 -0.519425 0.499784
0.693119 -0.519425 0.499784
-0.139773 -0.912685 0.384019
0.097003 -0.958937 -0.266517
0.835908 -0.531508 0.136956
0.813133 0.400798 0.422109
0.924347 0.339142 0.174832
0.924347 0.339142 0.174832
0.693119 -0.519425 0.499784
0.835908 -0.531508 0.136956
0.813133 0.400798 0.422109
-0.097002 0.958936 0.266518
0.139773 0.912682 -0.384025
0.139773 0.912682 -0.384025
0.924347 0.339142 0.174832
0.813133 0.400798 0.422109
-0.097002 0.958936 0.266518
-0.894221 0.400800 -0.199319
-0.820472 0.339138 -0.460229
-0.820472 0.339138 -0.460229
0.139773 0.912682 -0.384025
-0.097002 0.958936 0.266518
-0.894221 0.400800 -0.199319
-0.728377 -0.531506 -0.432397
-0.852215 -0.519424 -0.062672
-0.852215 -0.519424 -0.062672
-0.820472 0.339138 -0.460229
-0.894221 0.400800 -0.199319
-0.728377 -0.531506 -0.432397
0.097003 -0.958937 -0.266517
-0.139773 -0.912685 0.384019
-0.139773 -0.912685 0.384019
-0.852215 -0.519424 -0.062672
-0.728377 -0.531506 -0.432397
-0.139773 -0.912685 0.384019
0.693119 -0.519425 0.499784
0.596064 -0.200860 0.777408
0.596064 -0.200860 0.777408
-0.319566 -0.356366 0.877998
-0.139773 -0.912685 0.384019
0.693119 -0.519425 0.499784
0.924347 0.339142 0.174832
0.989762 0.139675 -0.029357
0.989762 0.139675 -0.029357
0.596064 -0.200860 0.777408
0.693119 -0.519425 0.499784
0.924347 0.339142 0.174832
0.139773 0.912682 -0.384025
0.319556 0.356419 -0.877980
0.319556 0.356419 -0.877980
0.989762 0.139675 -0.029357
0.924347 0.339142 0.174832
0.139773 0.912682 -0.384025
-0.820472 0.339138 -0.460229
-0.739334 0.139678 -0.658692
-0.739334 0.139678 -0.658692
0.319556 0.356419 -0.877980
0.139773 0.912682 -0.384025
-0.820472 0.339138 -0.460229
-0.852215 -0.519424 -0.062672
-0.956321 -0.200855 0.212386
-0.956321 -0.200855 0.212386
-0.739334 0.139678 -0.658692
-0.820472 0.339138 -0.460229
-0.852215 -0.519424 -0.062672
-0.139773 -0.912685 0.384019
-0.319566 -0.356366 0.877998
-0.319566 -0.356366 0.877998
-0.956321 -0.200855 0.212386
-0.852215 -0.519424 -0.062672
0.638241 0.000000 0.769836
-0.347816 0.000000 0.937563
-0.319566 -0.356366 0.877998
-0.319566 -0.356366 0.877998
0.596064 -0.200860 0.777408
0.638241 0.000000 0.769836
0.985823 0.000000 -0.167791
0.638241 0.000000 0.769836
0.596064 -0.200860 0.777408
0.596064 -0.200860 0.777408
0.989762 0.139675 -0.029357
0.985823 0.000000 -0.167791
0.347865 0.000000 -0.937545
0.985823 0.000000 -0.167791
0.989762 0.139675 -0.029357
0.989762 0.139675 -0.029357
0.319556 0.356419 -0.877980
0.347865 0.000000 -0.937545
-0.637794 0.000000 -0.770207
0.347865 0.000000 -0.937545
0.319556 0.356419 -0.877980
0.319556 0.356419 -0.877980
-0.739334 0.139678 -0.658692
-0.637794 0.000000 -0.770207
-0.985911 0.000000 0.167269
-0.637794 0.000000 -0.770207
-0.739334 0.139678 -0.658692
-0.739334 0.139678 -0.658692
-0.956321 -0.200855 0.212386
-0.985911 0.000000 0.167269
-0.347816 0.000000 0.937563
-0.985911 0.000000 0.167269
-0.956321 -0.200855 0.212386
-0.956321 -0.200855 0.212386
-0.319566 -0.356366 0.877998
-0.347816 0.000000 0.937563
0.877495 0.000000 -0.479585
1.000000 0.000000 -0.000002
1.000000 0.000000 -0.000003
1.000000 0.000000 -0.000003
0.877495 0.000000 -0.479586
0.877495 0.000000 -0.479585
0.021357 0.000000 -0.999772
0.021357 0.000000 -0.999772
0.000000 0.000000 -1.000000
0.000000 0.000000 -1.000000
0.000000 0.000000 -1.000000
0.021357 0.000000 -0.999772
-0.014409 0.852367 -0.522745
-0.005437 0.999978 0.003856
-0.003655 0.910008 -0.414575
-1.000000 0.000000 -0.000003
-0.877498 0.000000 0.479581
-0.877498 0.000000 0.479581
-0.877498 0.000000 0.479581
-1.000000 0.000000 -0.000002
-1.000000 0.000000 -0.000003
0.000000 0.999782 0.020878
-0.005437 0.999978 0.003856
0.004100 0.858039 0.513569
0.004100 0.858039 0.513569
0.000000 0.905025 0.425359
0.000000 0.999782 0.020878
-0.003655 0.910008 -0.414575
0.000000 0.999782 0.020878
0.000000 0.923418 -0.383795
-0.003655 0.910008 -0.414575
-0.005437 0.999978 0.003856
0.000000 0.999782 0.020878
0.027554 0.000000 -0.999620
0.021357 0.000000 -0.999772
0.021357 0.000000 -0.999772
0.021357 0.000000 -0.999772
0.027554 0.000000 -0.999620
0.027554 0.000000 -0.999620
0.000000 0.000000 1.000000
0.000000 0.000000 1.000000
0.000000 0.000000 1.000000
0.000000 0.000000 1.000000
0.000000 0.000000 1.000000
0.000000 0.000000 1.000000
0.014409 0.852367 -0.522745
0.003655 0.910008 -0.414575
0.005437 0.999978 0.003856
0.877498 0.000000 0.479581
0.877498 0.000000 0.479581
1.000000 0.000000 -0.000003
1.000000 0.000000 -0.000003
1.000000 0.000000 -0.000002
0.877498 0.000000 0.479581
0.000000 0.999782 0.020878
0.000000 0.905025 0.425359
-0.004100 0.858039 0.513569
-0.004100 0.858039 0.513569
0.005437 0.999978 0.003856
0.000000 0.999782 0.020878
0.003655 0.910008 -0.414575
0.000000 0.923418 -0.383795
0.000000 0.999782 0.020878
0.003655 0.910008 -0.414575
0.000000 0.999782 0.020878
0.005437 0.999978 0.003856
-0.027554 0.000000 -0.999620
-0.021357 0.000000 -0.999772
-0.021357 0.000000 -0.999772
-0.021357 0.000000 -0.999772
-0.027554 0.000000 -0.999620
-0.027554 0.000000 -0.999620
0.000000 0.000000 1.000000
0.000000 0.000000 1.000000
0.000000 0.000000 1.000000
0.000000 0.000000 1.000000
0.000000 0.000000 1.000000
0.000000 0.000000 1.000000
-1.000000 0.000000 -0.000003
-1.000000 0.000000 -0.000002
-0.877495 0.000000 -0.479585
-0.877495 0.000000 -0.479585
-0.877495 0.000000 -0.479586
-1.000000 0.000000 -0.000003
-0.021357 0.000000 -0.999772
0.000000 0.000000 -1.000000
0.000000 0.000000 -1.000000
0.000000 0.000000 -1.000000
-0.021357 0.000000 -0.999772
-0.021357 0.000000 -0.999772
0.877495 0.000000 -0.479585
0.877495 0.000000 -0.479586
1.000000 0.000000 -0.000003
1.000000 0.000000 -0.000003
1.000000 0.000000 -0.000002
0.877495 0.000000 -0.479585
0.021357 0.000000 -0.999772
0.000000 0.000000 -1.000000
0.000000 0.000000 -1.000000
0.000000 0.000000 -1.000000
0.021357 0.000000 -0.999772
0.021357 0.000000 -0.999772
-0.014409 -0.852367 -0.522745
-0.003655 -0.910008 -0.414575
-0.005437 -0.999978 0.003856
-1.000000 0.000000 -0.000003
-1.000000 0.000000 -0.000002
-0.877498 0.000000 0.479581
-0.877498 0.000000 0.479581
-0.877498 0.000000 0.479581
-1.000000 0.000000 -0.000003
0.000000 -0.999782 0.020878
0.000000 -0.905025 0.425359
0.004100 -0.858039 0.513569
0.004100 -0.858039 0.513569
-0.005437 -0.999978 0.003856
0.000000 -0.999782 0.020878
-0.003655 -0.910008 -0.414575
0.000000 -0.923418 -0.383795
0.000000 -0.999782 0.020878
-0.003655 -0.910008 -0.414575
0.000000 -0.999782 0.020878
-0.005437 -0.999978 0.003856
0.027554 0.000000 -0.999620
0.027554 0.000000 -0.999620
0.021357 0.000000 -0.999772
0.021357 0.000000 -0.999772
0.021357 0.000000 -0.999772
0.027554 0.000000 -0.999620
0.000000 0.000000 1.000000
0.000000 0.000000 1.000000
0.000000 0.000000 1.000000
0.000000 0.000000 1.000000
0.000000 0.000000 1.000000
0.000000 0.000000 1.000000
0.014409 -0.852367 -0.522745
0.005437 -0.999978 0.003856
0.003655 -0.910008 -0.414575
0.877498 0.000000 0.479581
1.000000 0.000000 -0.000002
1.000000 0.000000 -0.000003
1.000000 0.000000 -0.000003
0.877498 0.000000 0.479581
0.877498 0.000000 0.479581
0.000000 -0.999782 0.020878
0.005437 -0.999978 0.003856
-0.004100 -0.858039 0.513569
-0.004100 -0.858039 0.513569
0.000000 -0.905025 0.425359
0.000000 -0.999782 0.020878
0.003655 -0.910008 -0.414575
0.000000 -0.999782 0.020878
0.000000 -0.923418 -0.383795
0.003655 -0.910008 -0.414575
0.005437 -0.999978 0.003856
0.000000 -0.999782 0.020878
-0.027554 0.000000 -0.999620
-0.027554 0.000000 -0.999620
-0.021357 0.000000 -0.999772
-0.021357 0.000000 -0.999772
-0.021357 0.000000 -0.999772
-0.027554 0.000000 -0.999620
0.000000 0.000000 1.000000
0.000000 0.000000 1.000000
0.000000 0.000000 1.000000
0.000000 0.000000 1.000000
0.000000 0.000000 1.000000
0.000000 0.000000 1.000000
-1.000000 0.000000 -0.000003
-0.877495 0.000000 -0.479586
-0.877495 0.000000 -0.479585
-0.877495 0.000000 -0.479585
-1.000000 0.000000 -0.000002
-1.000000 0.000000 -0.000003
-0.021357 0.000000 -0.999772
-0.021357 0.000000 -0.999772
0.000000 0.000000 -1.000000
0.000000 0.000000 -1.000000
0.000000 0.000000 -1.000000
-0.021357 0.000000 -0.999772
-0.336185 0.000000 -0.941796
-0.336185 0.000000 -0.941796
0.336185 0.000000 -0.941796
0.336185 0.000000 -0.941796
0.336185 0.000000 -0.941796
-0.336185 0.000000 -0.941796
0.000000 1.000000 0.000000
0.000000 1.000000 0.000000
0.000000 1.000000 0.000000
0.000000 1.000000 0.000000
0.000000 1.000000 0.000000
0.000000 1.000000 0.000000
0.000000 1.000000 0.000000
0.000000 1.000000 0.000000
0.000000 1.000000 0.000000
0.000000 1.000000 0.000000
0.000000 1.000000 0.000000
0.000000 1.000000 0.000000
-0.876572 -0.000001 0.481270
-0.876573 0.000000 0.481269
-0.336189 0.000000 0.941795
-0.336189 0.000000 0.941795
-0.336187 0.000000 0.941795
-0.876572 -0.000001 0.481270
0.000000 1.000000 0.000000
0.000000 1.000000 0.000000
0.000000 1.000000 0.000000
0.000000 1.000000 0.000000
0.000000 1.000000 0.000000
0.000000 1.000000 0.000000
-0.992911 -0.000001 0.118861
-0.992911 0.000000 0.118864
-0.876573 0.000000 0.481269
-0.876573 0.000000 0.481269
-0.876572 -0.000001 0.481270
-0.992911 -0.000001 0.118861
0.000000 1.000000 0.000000
0.000000 1.000000 0.000000
0.000000 1.000000 0.000000
0.000000 1.000000 0.000000
0.000000 1.000000 0.000000
0.000000 1.000000 0.000000
0.000000 0.000000 1.000000
0.000000 0.000000 1.000000
0.000000 0.000000 1.000000
0.000000 0.000000 1.000000
0.000000 0.000000 1.000000
0.000000 0.000000 1.000000
-1.000000 0.000000 0.000000
-1.000000 0.000000 0.000000
-1.000000 0.000000 0.000000
-1.000000 0.000000 0.000000
-1.000000 0.000000 0.000000
-1.000000 0.000000 0.000000
0.000000 1.000000 0.000000
0.000000 1.000000 0.000000
0.000000 1.000000 0.000000
0.000000 1.000000 0.000000
0.000000 1.000000 0.000000
0.000000 1.000000 0.000000
0.336187 -0.000001 0.941795
0.336189 0.000000 0.941795
0.876573 0.000000 0.481269
0.876573 0.000000 0.481269
0.876572 -0.000001 0.481271
0.336187 -0.000001 0.941795
0.000000 1.000000 0.000000
0.000000 1.000000 0.000000
0.000000 1.000000 0.000000
0.000000 1.000000 0.000000
0.000000 1.000000 0.000000
0.000000 1.000000 0.000000
0.876572 -0.000001 0.481271
0.876573 0.000000 0.481269
0.992911 0.000000 0.118860
0.992911 0.000000 0.118860
0.992911 0.000000 0.118860
0.876572 -0.000001 0.481271
0.000000 1.000000 0.000000
0.000000 1.000000 0.000000
0.000000 1.000000 0.000000
0.000000 1.000000 0.000000
0.000000 1.000000 0.000000
0.000000 1.000000 0.000000
0.000000 0.000000 1.000000
0.000000 0.000000 1.000000
0.000000 0.000000 1.000000
0.000000 0.000000 1.000000
0.000000 0.000000 1.000000
0.000000 0.000000 1.000000
-0.336186 0.000000 -0.941796
-0.336186 0.000000 -0.941796
0.336185 0.000000 -0.941796
0.336185 0.000000 -0.941796
0.336186 0.000000 -0.941796
-0.336186 0.000000 -0.941796
0.000000 1.000000 0.000000
0.000000 1.000000 0.000000
0.000000 1.000000 0.000000
0.000000 1.000000 0.000000
0.000000 1.000000 0.000000
0.000000 1.000000 0.000000
0.000000 1.000000 0.000000
0.000000 1.000000 0.000000
0.000000 1.000000 0.000000
0.000000 1.000000 0.000000
0.000000 1.000000 0.000000
0.000000 1.000000 0.000000
0.336186 -0.000001 0.941796
0.336188 0.000000 0.941795
0.876572 0.000000 0.481270
0.876572 0.000000 0.481270
0.876571 -0.000001 0.481272
0.336186 -0.000001 0.941796
0.000000 1.000000 0.000000
0.000000 1.000000 0.000000
0.000000 1.000000 0.000000
0.000000 1.000000 0.000000
0.000000 1.000000 0.000000
0.000000 1.000000 0.000000
0.876571 -0.000001 0.481272
0.876572 0.000000 0.481270
0.992911 0.000000 0.118860
0.992911 0.000000 0.118860
0.992911 0.000000 0.118860
0.876571 -0.000001 0.481272
0.000000 1.000000 0.000000
0.000000 1.000000 0.000000
0.000000 1.000000 0.000000
0.000000 1.000000 0.000000
0.000000 1.000000 0.000000
0.000000 1.000000 0.000000
0.000000 0.000000 1.000000
0.000000 0.000000 1.000000
0.000000 0.000000 1.000000
0.000000 0.000000 1.000000
0.000000 0.000000 1.000000
0.000000 0.000000 1.000000
0.000000 1.000000 0.000000
0.000000 1.000000 0.000000
0.000000 1.000000 0.000000
0.000000 1.000000 0.000000
0.000000 1.000000 0.000000
0.000000 1.000000 0.000000
-0.876572 0.000000 0.481271
-0.876573 0.000000 0.481269
-0.336188 0.000000 0.941795
-0.336188 0.000000 0.941795
-0.336187 0.000000 0.941795
-0.876572 0.000000 0.481271
0.000000 1.000000 0.000000
0.000000 1.000000 0.000000
0.000000 1.000000 0.000000
0.000000 1.000000 0.000000
0.000000 1.000000 0.000000
0.000000 1.000000 0.000000
-0.992911 0.000000 0.118860
-0.992911 0.000000 0.118862
-0.876573 0.000000 0.481269
-0.876573 0.000000 0.481269
-0.876572 0.000000 0.481271
-0.992911 0.000000 0.118860
0.000000 1.000000 0.000000
0.000000 1.000000 0.000000
0.000000 1.000000 0.000000
0.000000 1.000000 0.000000
0.000000 1.000000 0.000000
0.000000 1.000000 0.000000
0.000000 0.000000 1.000000
0.000000 0.000000 1.000000
0.000000 0.000000 1.000000
0.000000 0.000000 1.000000
0.000000 0.000000 1.000000
0.000000 0.000000 1.000000
-1.000000 0.000000 0.000000
-1.000000 0.000000 0.000000
-1.000000 0.000000 0.000000
-1.000000 0.000000 0.000000
-1.000000 0.000000 0.000000
-1.000000 0.000000 0.000000
0.336189 0.000000 0.941795
0.336187 -0.000001 0.941795
-0.336187 0.000000 0.941795
-0.336187 0.000000 0.941795
-0.336189 0.000000 0.941795
0.336189 0.000000 0.941795
0.876571 0.000000 -0.481273
0.336185 0.000000 -0.941796
0.336185 0.000000 -0.941796
0.336185 0.000000 -0.941796
0.876571 0.000000 -0.481273
0.876571 0.000000 -0.481273
0.992911 0.000000 -0.118861
0.876571 0.000000 -0.481273
0.876571 0.000000 -0.481273
0.876571 0.000000 -0.481273
0.992911 0.000000 -0.118861
0.992911 0.000000 -0.118861
-0.336185 0.000000 -0.941796
-0.876571 0.000000 -0.481272
-0.876571 0.000000 -0.481273
-0.876571 0.000000 -0.481273
-0.336185 0.000000 -0.941796
-0.336185 0.000000 -0.941796
-0.876571 0.000000 -0.481272
-0.992911 -0.000001 -0.118860
-0.992911 0.000000 -0.118861
-0.992911 0.000000 -0.118861
-0.876571 0.000000 -0.481273
-0.876571 0.000000 -0.481272
1.000000 0.000000 0.000000
1.000000 0.000000 0.000000
1.000000 0.000000 0.000000
1.000000 0.000000 0.000000
1.000000 0.000000 0.000000
1.000000 0.000000 0.000000
0.336188 0.000000 0.941795
0.336186 -0.000001 0.941796
-0.336187 0.000000 0.941795
-0.336187 0.000000 0.941795
-0.336188 0.000000 0.941795
0.336188 0.000000 0.941795
-0.336186 0.000000 -0.941796
-0.876571 0.000000 -0.481272
-0.876571 0.000000 -0.481272
-0.876571 0.000000 -0.481272
-0.336186 0.000000 -0.941796
-0.336186 0.000000 -0.941796
-0.876571 0.000000 -0.481272
-0.992911 0.000000 -0.118861
-0.992911 0.000000 -0.118861
-0.992911 0.000000 -0.118861
-0.876571 0.000000 -0.481272
-0.876571 0.000000 -0.481272
1.000000 0.000000 0.000000
1.000000 0.000000 0.000000
1.000000 0.000000 0.000000
1.000000 0.000000 0.000000
1.000000 0.000000 0.000000
1.000000 0.000000 0.000000
0.876571 0.000000 -0.481272
0.336186 0.000000 -0.941796
0.336185 0.000000 -0.941796
0.336185 0.000000 -0.941796
0.876571 0.000000 -0.481273
0.876571 0.000000 -0.481272
0.992911 0.000000 -0.118861
0.876571 0.000000 -0.481272
0.876571 0.000000 -0.481273
0.876571 0.000000 -0.481273
0.992911 0.000000 -0.118861
0.992911 0.000000 -0.118861
-0.336185 0.000000 -0.941796
0.336185 0.000000 -0.941796
0.336185 0.000000 -0.941796
0.336185 0.000000 -0.941796
-0.336185 0.000000 -0.941796
-0.336185 0.000000 -0.941796
0.000000 -1.000000 0.000000
0.000000 -1.000000 0.000000
0.000000 -1.000000 0.000000
0.000000 -1.000000 0.000000
0.000000 -1.000000 0.000000
0.000000 -1.000000 0.000000
0.000000 -1.000000 0.000000
0.000000 -1.000000 0.000000
0.000000 -1.000000 0.000000
0.000000 -1.000000 0.000000
0.000000 -1.000000 0.000000
0.000000 -1.000000 0.000000
-0.876572 0.000001 0.481270
-0.336187 0.000000 0.941795
-0.336189 0.000000 0.941795
-0.336189 0.000000 0.941795
-0.876573 0.000000 0.481269
-0.876572 0.000001 0.481270
0.000000 -1.000000 0.000000
0.000000 -1.000000 0.000000
0.000000 -1.000000 0.000000
0.000000 -1.000000 0.000000
0.000000 -1.000000 0.000000
0.000000 -1.000000 0.000000
-0.992911 0.000001 0.118861
-0.876572 0.000001 0.481270
-0.876573 0.000000 0.481269
-0.876573 0.000000 0.481269
-0.992911 0.000000 0.118864
-0.992911 0.000001 0.118861
0.000000 -1.000000 0.000000
0.000000 -1.000000 0.000000
0.000000 -1.000000 0.000000
0.000000 -1.000000 0.000000
0.000000 -1.000000 0.000000
0.000000 -1.000000 0.000000
0.000000 0.000000 1.000000
0.000000 0.000000 1.000000
0.000000 0.000000 1.000000
0.000000 0.000000 1.000000
0.000000 0.000000 1.000000
0.000000 0.000000 1.000000
-1.000000 0.000000 0.000000
-1.000000 0.000000 0.000000
-1.000000 0.000000 0.000000
-1.000000 0.000000 0.000000
-1.000000 0.000000 0.000000
-1.000000 0.000000 0.000000
0.000000 -1.000000 0.000000
0.000000 -1.000000 0.000000
0.000000 -1.000000 0.000000
0.000000 -1.000000 0.000000
0.000000 -1.000000 0.000000
0.000000 -1.000000 0.000000
0.336187 0.000001 0.941795
0.876572 0.000001 0.481271
0.876573 0.000000 0.481269
0.876573 0.000000 0.481269
0.336189 0.000000 0.941795
0.336187 0.000001 0.941795
0.000000 -1.000000 0.000000
0.000000 -1.000000 0.000000
0.000000 -1.000000 0.000000
0.000000 -1.000000 0.000000
0.000000 -1.000000 0.000000
0.000000 -1.000000 0.000000
0.876572 0.000001 0.481271
0.992911 0.000000 0.118860
0.992911 0.000000 0.118860
0.992911 0.000000 0.118860
0.876573 0.000000 0.481269
0.876572 0.000001 0.481271
0.000000 -1.000000 0.000000
0.000000 -1.000000 0.000000
0.000000 -1.000000 0.000000
0.000000 -1.000000 0.000000
0.000000 -1.000000 0.000000
0.000000 -1.000000 0.000000
0.000000 0.000000 1.000000
0.000000 0.000000 1.000000
0.000000 0.000000 1.000000
0.000000 0.000000 1.000000
0.000000 0.000000 1.000000
0.000000 0.000000 1.000000
-0.336186 0.000000 -0.941796
0.336186 0.000000 -0.941796
0.336185 0.000000 -0.941796
0.336185 0.000000 -0.941796
-0.336186 0.000000 -0.941796
-0.336186 0.000000 -0.941796
0.000000 -1.000000 0.000000
0.000000 -1.000000 0.000000
0.000000 -1.000000 0.000000
0.000000 -1.000000 0.000000
0.000000 -1.000000 0.000000
0.000000 -1.000000 0.000000
0.000000 -1.000000 0.000000
0.000000 -1.000000 0.000000
0.000000 -1.000000 0.000000
0.000000 -1.000000 0.000000
0.000000 -1.000000 0.000000
0.000000 -1.000000 0.000000
0.336186 0.000001 0.941796
0.876571 0.000001 0.481272
0.876572 0.000000 0.481270
0.876572 0.000000 0.481270
0.336188 0.000000 0.941795
0.336186 0.000001 0.941796
0.000000 -1.000000 0.000000
0.000000 -1.000000 0.000000
0.000000 -1.000000 0.000000
0.000000 -1.000000 0.000000
0.000000 -1.000000 0.000000
0.000000 -1.000000 0.000000
0.876571 0.000001 0.481272
0.992911 0.000000 0.118860
0.992911 0.000000 0.118860
0.992911 0.000000 0.118860
0.876572 0.000000 0.481270
0.876571 0.000001 0.481272
0.000000 -1.000000 0.000000
0.000000 -1.000000 0.000000
0.000000 -1.000000 0.000000
0.000000 -1.000000 0.000000
0.000000 -1.000000 0.000000
0.000000 -1.000000 0.000000
0.000000 0.000000 1.000000
0.000000 0.000000 1.000000
0.000000 0.000000 1.000000
0.000000 0.000000 1.000000
0.000000 0.000000 1.000000
0.000000 0.000000 1.000000
0.000000 -1.000000 0.000000
0.000000 -1.000000 0.000000
0.000000 -1.000000 0.000000
0.000000 -1.000000 0.000000
0.000000 -1.000000 0.000000
0.000000 -1.000000 0.000000
-0.876572 0.000000 0.481271
-0.336187 0.000000 0.941795
-0.336188 0.000000 0.941795
-0.336188 0.000000 0.941795
-0.876573 0.000000 0.481269
-0.876572 0.000000 0.481271
0.000000 -1.000000 0.000000
0.000000 -1.000000 0.000000
0.000000 -1.000000 0.000000
0.000000 -1.000000 0.000000
0.000000 -1.000000 0.000000
0.000000 -1.000000 0.000000
-0.992911 0.000000 0.118860
-0.876572 0.000000 0.481271
-0.876573 0.000000 0.481269
-0.876573 0.000000 0.481269
-0.992911 0.000000 0.118862
-0.992911 0.000000 0.118860
0.000000 -1.000000 0.000000
0.000000 -1.000000 0.000000
0.000000 -1.000000 0.000000
0.000000 -1.000000 0.000000
0.000000 -1.000000 0.000000
0.000000 -1.000000 0.000000
0.000000 0.000000 1.000000
0.000000 0.000000 1.000000
0.000000 0.000000 1.000000
0.000000 0.000000 1.000000
0.000000 0.000000 1.000000
0.000000 0.000000 1.000000
-1.000000 0.000000 0.000000
-1.000000 0.000000 0.000000
-1.000000 0.000000 0.000000
-1.000000 0.000000 0.000000
-1.000000 0.000000 0.000000
-1.000000 0.000000 0.000000
0.336189 0.000000 0.941795
-0.336189 0.000000 0.941795
-0.336187 0.000000 0.941795
-0.336187 0.000000 0.941795
0.336187 0.000001 0.941795
0.336189 0.000000 0.941795
0.876571 0.000000 -0.481273
0.876571 0.000000 -0.481273
0.336185 0.000000 -0.941796
0.336185 0.000000 -0.941796
0.336185 0.000000 -0.941796
0.876571 0.000000 -0.481273
0.992911 0.000000 -0.118861
0.992911 0.000000 -0.118861
0.876571 0.000000 -0.481273
0.876571 0.000000 -0.481273
0.876571 0.000000 -0.481273
0.992911 0.000000 -0.118861
-0.336185 0.000000 -0.941796
-0.336185 0.000000 -0.941796
-0.876571 0.000000 -0.481273
-0.876571 0.000000 -0.481273
-0.876571 0.000000 -0.481272
-0.336185 0.000000 -0.941796
-0.876571 0.000000 -0.481272
-0.876571 0.000000 -0.481273
-0.992911 0.000000 -0.118861
-0.992911 0.000000 -0.118861
-0.992911 0.000001 -0.118860
-0.876571 0.000000 -0.481272
1.000000 0.000000 0.000000
1.000000 0.000000 0.000000
1.000000 0.000000 0.000000
1.000000 0.000000 0.000000
1.000000 0.000000 0.000000
1.000000 0.000000 0.000000
0.336188 0.000000 0.941795
-0.336188 0.000000 0.941795
-0.336187 0.000000 0.941795
-0.336187 0.000000 0.941795
0.336186 0.000001 0.941796
0.336188 0.000000 0.941795
-0.336186 0.000000 -0.941796
-0.336186 0.000000 -0.941796
-0.876571 0.000000 -0.481272
-0.876571 0.000000 -0.481272
-0.876571 0.000000 -0.481272
-0.336186 0.000000 -0.941796
-0.876571 0.000000 -0.481272
-0.876571 0.000000 -0.481272
-0.992911 0.000000 -0.118861
-0.992911 0.000000 -0.118861
-0.992911 0.000000 -0.118861
-0.876571 0.000000 -0.481272
1.000000 0.000000 0.000000
1.000000 0.000000 0.000000
1.000000 0.000000 0.000000
1.000000 0.000000 0.000000
1.000000 0.000000 0.000000
1.000000 0.000000 0.000000
0.876571 0.000000 -0.481272
0.876571 0.000000 -0.481273
0.336185 0.000000 -0.941796
0.336185 0.000000 -0.941796
0.336186 0.000000 -0.941796
0.876571 0.000000 -0.481272
0.992911 0.000000 -0.118861
0.992911 0.000000 -0.118861
0.876571 0.000000 -0.481273
0.876571 0.000000 -0.481273
0.876571 0.000000 -0.481272
0.992911 0.000000 -0.118861
0.000000 0.000000 1.000000
0.000000 0.000000 1.000000
0.000000 0.000000 1.000000
0.000000 0.000000 1.000000
0.000000 0.000000 1.000000
0.000000 0.000000 1.000000
0.000000 1.000000 0.000002
0.000000 1.000000 0.000002
0.000000 1.000000 0.000002
0.000000 1.000000 0.000002
0.000000 1.000000 0.000002
0.000000 1.000000 0.000002
0.000000 1.000000 0.000002
0.174492 0.984659 0.000002
0.150185 0.988658 0.000002
0.150185 0.988658 0.000002
0.000000 1.000000 0.000002
0.000000 1.000000 0.000002
0.044030 0.000000 -0.999030
0.044030 0.000000 -0.999030
-0.044030 0.000000 -0.999030
-0.044030 0.000000 -0.999030
-0.044030 0.000000 -0.999030
0.044030 0.000000 -0.999030
1.000000 0.000000 0.000000
1.000000 0.000000 0.000000
0.990616 0.136677 0.000002
0.990616 0.136677 0.000002
0.989156 0.146871 0.000004
1.000000 0.000000 0.000000
-1.000000 0.000000 0.000000
-0.989156 0.146870 -0.000004
-0.990319 0.138810 -0.000002
-0.990319 0.138810 -0.000002
-1.000000 0.000000 0.000000
-1.000000 0.000000 0.000000
0.250108 0.147085 -0.956981
0.250108 0.147085 -0.956981
0.250108 0.147085 -0.956981
0.250097 0.147074 -0.956985
0.250097 0.147074 -0.956985
0.250097 0.147074 -0.956985
0.250099 0.147080 -0.956984
0.250099 0.147080 -0.956984
0.250099 0.147080 -0.956984
0.000000 0.000000 -1.000000
0.000000 0.000000 -1.000000
0.000000 0.000000 -1.000000
0.000000 0.000000 1.000000
0.000000 0.000000 1.000000
0.000000 0.000000 1.000000
0.000000 0.000000 1.000000
0.000000 0.000000 1.000000
0.000000 0.000000 1.000000
0.000000 0.000000 1.000000
0.000000 0.000000 1.000000
0.000000 0.000000 1.000000
0.000000 0.000000 1.000000
0.000000 0.000000 1.000000
0.000000 0.000000 1.000000
0.000000 0.000000 1.000000
0.000000 0.000000 1.000000
0.000000 0.000000 1.000000
0.000000 0.000000 1.000000
0.000000 0.000000 1.000000
0.000000 0.000000 1.000000
0.000000 0.000000 1.000000
0.000000 0.000000 1.000000
0.000000 0.000000 1.000000
0.000000 0.959901 -0.280339
0.000000 0.959901 -0.280339
0.000000 0.891682 -0.452663
0.000000 0.891682 -0.452663
0.000000 0.891682 -0.452663
0.000000 0.959901 -0.280339
-1.000000 0.000000 0.000000
-1.000000 0.000000 0.000000
-1.000000 0.000000 0.000000
-1.000000 0.000000 0.000000
-1.000000 0.000000 0.000000
-1.000000 0.000000 0.000000
0.000000 -0.967728 0.251998
0.000000 -0.967726 0.252003
0.000000 -0.905527 0.424290
0.000000 -0.905527 0.424290
0.000000 -0.905528 0.424287
0.000000 -0.967728 0.251998
1.000000 0.000000 0.000000
1.000000 0.000000 0.000000
1.000000 0.000000 0.000000
1.000000 0.000000 0.000000
1.000000 0.000000 0.000000
1.000000 0.000000 0.000000
0.000000 0.906114 -0.423033
0.000000 0.906115 -0.423032
0.000000 0.993682 -0.112231
0.000000 0.993682 -0.112231
0.000000 0.993682 -0.112231
0.000000 0.906114 -0.423033
-1.000000 0.000000 0.000000
-0.999049 0.000000 -0.043607
-0.998759 0.000000 -0.049795
-0.998759 0.000000 -0.049795
-1.000000 0.000000 0.000000
-1.000000 0.000000 0.000000
0.000000 -0.916933 0.399040
0.000000 -0.916934 0.399038
0.000000 -0.980199 0.198014
0.000000 -0.980199 0.198014
0.000000 -0.980199 0.198017
0.000000 -0.916933 0.399040
1.000000 0.000000 0.000000
1.000000 0.000000 0.000000
0.998759 0.000000 -0.049795
0.998759 0.000000 -0.049795
0.999049 0.000000 -0.043607
1.000000 0.000000 0.000000
0.044030 0.000000 -0.999030
0.199289 0.000000 -0.979941
0.199289 0.000000 -0.979941
0.199289 0.000000 -0.979941
0.044030 0.000000 -0.999030
0.044030 0.000000 -0.999030
0.199289 0.000000 -0.979941
0.443867 0.000000 -0.896092
0.443867 0.000000 -0.896093
0.443867 0.000000 -0.896093
0.199289 0.000000 -0.979941
0.199289 0.000000 -0.979941
0.443867 0.000000 -0.896092
0.697374 0.000000 -0.716708
0.697374 0.000000 -0.716708
0.697374 0.000000 -0.716708
0.443867 0.000000 -0.896093
0.443867 0.000000 -0.896092
-0.044030 0.000000 -0.999030
-0.199289 0.000000 -0.979941
-0.199289 0.000000 -0.979941
-0.199289 0.000000 -0.979941
-0.044030 0.000000 -0.999030
-0.044030 0.000000 -0.999030
-0.199289 0.000000 -0.979941
-0.443867 0.000000 -0.896093
-0.443867 0.000000 -0.896092
-0.443867 0.000000 -0.896092
-0.199289 0.000000 -0.979941
-0.199289 0.000000 -0.979941
-0.443867 0.000000 -0.896093
-0.697374 0.000000 -0.716708
-0.697374 0.000000 -0.716708
-0.697374 0.000000 -0.716708
-0.443867 0.000000 -0.896092
-0.443867 0.000000 -0.896093
-0.999049 0.000000 -0.043607
-0.977630 0.000000 -0.210332
-0.977630 0.000000 -0.210332
-0.977630 0.000000 -0.210332
-0.998759 0.000000 -0.049795
-0.999049 0.000000 -0.043607
-0.977630 0.000000 -0.210332
-0.885951 0.000000 -0.463778
-0.885951 0.000000 -0.463778
-0.885951 0.000000 -0.463778
-0.977630 0.000000 -0.210332
-0.977630 0.000000 -0.210332
-0.885951 0.000000 -0.463778
-0.697374 0.000000 -0.716708
-0.697374 0.000000 -0.716708
-0.697374 0.000000 -0.716708
-0.885951 0.000000 -0.463778
-0.885951 0.000000 -0.463778
0.998759 0.000000 -0.049795
0.977630 0.000000 -0.210332
0.977630 0.000000 -0.210332
0.977630 0.000000 -0.210332
0.999049 0.000000 -0.043607
0.998759 0.000000 -0.049795
0.977630 0.000000 -0.210332
0.885951 0.000000 -0.463778
0.885951 0.000000 -0.463778
0.885951 0.000000 -0.463778
0.977630 0.000000 -0.210332
0.977630 0.000000 -0.210332
0.885951 0.000000 -0.463778
0.697374 0.000000 -0.716708
0.697374 0.000000 -0.716708
0.697374 0.000000 -0.716708
0.885951 0.000000 -0.463778
0.885951 0.000000 -0.463778
0.000000 0.906114 -0.423033
0.000000 0.891682 -0.452663
0.000000 0.891682 -0.452663
0.000000 0.891682 -0.452663
0.000000 0.906115 -0.423032
0.000000 0.906114 -0.423033
-1.000000 0.000000 0.000000
-1.000000 0.000000 0.000000
-1.000000 0.000000 0.000000
-1.000000 0.000000 0.000000
-1.000000 0.000000 0.000000
-1.000000 0.000000 0.000000
0.000000 -0.916933 0.399040
0.000000 -0.905528 0.424287
0.000000 -0.905527 0.424290
0.000000 -0.905527 0.424290
0.000000 -0.916934 0.399038
0.000000 -0.916933 0.399040
1.000000 0.000000 0.000000
1.000000 0.000000 0.000000
1.000000 0.000000 0.000000
1.000000 0.000000 0.000000
1.000000 0.000000 0.000000
1.000000 0.000000 0.000000
0.000000 0.993682 -0.112231
0.000000 1.000000 0.000000
0.000000 1.000000 0.000000
0.000000 1.000000 0.000000
0.000000 1.000000 0.000000
0.000000 1.000000 0.000000
0.000000 1.000000 0.000000
0.000000 1.000000 0.000000
0.000000 1.000000 0.000000
0.000000 1.000000 0.000000
0.000000 1.000000 0.000000
0.000000 1.000000 0.000000
0.000000 0.993682 -0.112231
0.000000 1.000000 0.000000
0.000000 1.000000 0.000000
0.000000 1.000000 0.000000
0.000000 1.000000 0.000011
0.000000 1.000000 0.000000
0.000000 1.000000 0.000000
0.000000 1.000000 0.000000
0.000000 1.000000 0.000000
0.000000 1.000000 0.000000
0.000000 1.000000 0.000000
0.000000 1.000000 0.000000
0.000000 0.993682 -0.112231
0.000000 1.000000 0.000000
0.000000 1.000000 0.000000
0.000000 1.000000 0.000000
-0.000004 1.000000 -0.000001
0.000000 1.000000 0.000000
0.000000 0.993682 -0.112231
0.000000 1.000000 0.000000
0.000000 1.000000 0.000000
0.000000 0.993682 -0.112231
0.000000 0.993682 -0.112231
0.000000 1.000000 0.000000
-1.000000 0.000000 0.000000
-1.000000 0.000000 0.000000
-1.000000 0.000000 0.000000
-1.000000 0.000000 0.000000
-1.000000 0.000000 0.000000
-1.000000 0.000000 0.000000
0.000000 0.000000 -1.000000
0.000000 0.000000 -1.000000
0.000000 0.000000 -1.000000
0.000000 0.000000 -1.000000
0.000000 0.000000 -1.000000
0.000000 0.000000 -1.000000
0.000000 0.000000 1.000000
0.000000 0.000000 1.000000
0.000000 0.000000 1.000000
0.000000 0.000000 1.000000
0.000000 0.000000 1.000000
0.000000 0.000000 1.000000
1.000000 0.000000 0.000000
1.000000 0.000000 0.000000
1.000000 0.000000 0.000000
1.000000 0.000000 0.000000
1.000000 0.000000 0.000000
1.000000 0.000000 0.000000
-0.000330 0.000000 -1.000000
-0.476637 0.000000 -0.879100
-0.476634 0.000000 -0.879102
-0.476634 0.000000 -0.879102
-0.000331 0.000000 -1.000000
-0.000330 0.000000 -1.000000
0.000000 0.000000 1.000000
0.000000 0.000000 1.000000
0.000000 0.000000 1.000000
0.000000 0.000000 1.000000
0.000000 0.000000 1.000000
0.000000 0.000000 1.000000
0.000000 0.000000 -1.000000
0.000000 0.000000 -1.000000
0.000000 0.000000 -1.000000
0.000000 0.000000 -1.000000
0.000000 0.000000 -1.000000
0.000000 0.000000 -1.000000
0.000000 0.000000 -1.000000
0.000000 0.000000 -1.000000
0.000000 0.000000 -1.000000
0.000000 0.000000 -1.000000
0.000000 0.000000 -1.000000
0.000000 0.000000 -1.000000
0.000000 1.000000 0.000002
0.000000 1.000000 0.000002
-0.160155 0.987092 0.000001
-0.160155 0.987092 0.000001
-0.174493 0.984658 0.000000
0.000000 1.000000 0.000002
0.000000 0.000000 -1.000000
0.000000 0.000000 -1.000000
0.000000 0.000000 -1.000000
0.000000 0.000000 -1.000000
0.000000 0.000000 -1.000000
0.000000 0.000000 -1.000000
-1.000000 0.000000 -0.000031
-1.000000 0.000000 -0.000025
-1.000000 0.000000 -0.000046
-1.000000 0.000000 -0.000046
-1.000000 0.000000 -0.000046
-1.000000 0.000000 -0.000031
1.000000 0.000000 0.000046
1.000000 0.000000 0.000025
1.000000 0.000000 0.000030
1.000000 0.000000 0.000030
1.000000 0.000000 0.000046
1.000000 0.000000 0.000046
0.994824 0.000000 -0.101619
0.885101 0.000000 -0.465398
0.885112 -0.000001 -0.465378
0.885112 -0.000001 -0.465378
0.995408 0.000000 -0.095722
0.994824 0.000000 -0.101619
-0.995406 0.000000 -0.095741
-0.884422 0.000000 -0.466689
-0.884421 0.000000 -0.466689
-0.884421 0.000000 -0.466689
-0.994824 0.000000 -0.101609
-0.995406 0.000000 -0.095741
0.885101 0.000000 -0.465398
0.477641 0.000000 -0.878555
0.477629 -0.000001 -0.878562
0.477629 -0.000001 -0.878562
0.885112 -0.000001 -0.465378
0.885101 0.000000 -0.465398
-0.884422 0.000000 -0.466689
-0.476634 0.000000 -0.879102
-0.476637 0.000000 -0.879100
-0.476637 0.000000 -0.879100
-0.884421 0.000000 -0.466689
-0.884422 0.000000 -0.466689
0.477641 0.000000 -0.878555
-0.000330 0.000000 -1.000000
-0.000331 0.000000 -1.000000
-0.000331 0.000000 -1.000000
0.477629 -0.000001 -0.878562
0.477641 0.000000 -0.878555
-0.152997 0.110858 -0.981989
-0.152997 0.110858 -0.981989
-0.152997 0.110858 -0.981989
-0.153033 0.110852 -0.981984
-0.153033 0.110852 -0.981984
-0.153033 0.110852 -0.981984
-0.153033 0.110859 -0.981983
-0.153033 0.110859 -0.981983
-0.153033 0.110859 -0.981983
0.000000 0.000000 -1.000000
0.000000 0.000000 -1.000000
0.000000 0.000000 -1.000000
0.000000 0.000000 -1.000000
0.000000 0.000000 -1.000000
0.000000 0.000000 -1.000000
0.000000 0.000000 -1.000000
0.000000 0.000000 -1.000000
0.000000 0.000000 -1.000000
0.019208 0.995850 -0.088960
0.020506 0.994364 -0.104020
0.000009 1.000000 0.000004
0.000009 1.000000 0.000004
0.000009 1.000000 0.000005
0.019208 0.995850 -0.088960
0.008772 0.511256 -0.859384
0.000005 0.509352 -0.860559
0.046422 0.518960 -0.853537
0.046422 0.518960 -0.853537
0.055046 0.520616 -0.852015
0.008772 0.511256 -0.859384
-0.020464 0.994436 -0.103339
-0.013227 0.980263 -0.197256
-0.016851 0.980362 -0.196483
-0.016851 0.980362 -0.196483
-0.019209 0.995850 -0.088958
-0.020464 0.994436 -0.103339
0.000009 1.000000 0.000005
0.000009 1.000000 0.000004
0.000004 1.000000 0.000008
0.000004 1.000000 0.000008
0.000005 1.000000 0.000008
0.000009 1.000000 0.000005
-0.000009 1.000000 0.000004
-0.000009 1.000000 0.000005
-0.020464 0.994436 -0.103339
-0.020464 0.994436 -0.103339
-0.019209 0.995850 -0.088958
-0.000009 1.000000 0.000004
0.000005 1.000000 0.000008
0.000004 1.000000 0.000008
0.000000 1.000000 0.000010
0.000000 1.000000 0.000010
0.000000 1.000000 0.000010
0.000005 1.000000 0.000008
-0.000005 1.000000 0.000008
-0.000004 1.000000 0.000009
-0.000009 1.000000 0.000005
-0.000009 1.000000 0.000005
-0.000009 1.000000 0.000004
-0.000005 1.000000 0.000008
0.000000 1.000000 0.000010
0.000000 1.000000 0.000010
-0.000004 1.000000 0.000009
-0.000004 1.000000 0.000009
-0.000005 1.000000 0.000008
0.000000 1.000000 0.000010
-0.995406 0.000000 -0.095741
-0.994824 0.000000 -0.101609
-1.000000 0.000000 -0.000025
-1.000000 0.000000 -0.000025
-1.000000 0.000000 -0.000031
-0.995406 0.000000 -0.095741
1.000000 0.000000 0.000025
0.994824 0.000000 -0.101619
0.995408 0.000000 -0.095722
0.995408 0.000000 -0.095722
1.000000 0.000000 0.000030
1.000000 0.000000 0.000025
0.020506 0.994364 -0.104020
0.019208 0.995850 -0.088960
0.016455 0.980352 -0.196568
0.016455 0.980352 -0.196568
0.012766 0.980249 -0.197354
0.020506 0.994364 -0.104020
-0.048543 0.518996 -0.853397
-0.000010 0.509353 -0.860558
-0.008789 0.511191 -0.859422
-0.008789 0.511191 -0.859422
-0.057052 0.520555 -0.851920
-0.048543 0.518996 -0.853397
0.000000 0.000000 -1.000000
0.000000 0.000000 -1.000000
0.000000 0.000000 -1.000000
0.174492 0.984659 0.000002
0.726615 0.687045 0.000004
0.714499 0.699637 0.000003
0.714499 0.699637 0.000003
0.150185 0.988658 0.000002
0.174492 0.984659 0.000002
0.989156 0.146871 0.000004
0.990616 0.136677 0.000002
0.714499 0.699637 0.000003
0.714499 0.699637 0.000003
0.726615 0.687045 0.000004
0.989156 0.146871 0.000004
-0.989156 0.146870 -0.000004
-0.726618 0.687042 -0.000004
-0.721998 0.691896 -0.000002
-0.721998 0.691896 -0.000002
-0.990319 0.138810 -0.000002
-0.989156 0.146870 -0.000004
-0.174493 0.984658 0.000000
-0.160155 0.987092 0.000001
-0.721998 0.691896 -0.000002
-0.721998 0.691896 -0.000002
-0.726618 0.687042 -0.000004
-0.174493 0.984658 0.000000
0.000000 0.282935 0.959139
0.000000 0.282935 0.959139
0.000000 0.680704 0.732558
0.000000 0.680704 0.732558
0.000000 0.680702 0.732561
0.000000 0.282935 0.959139
0.000000 0.935824 0.352468
0.000000 0.935824 0.352468
0.000000 0.680702 0.732561
0.000000 0.680702 0.732561
0.000000 0.680704 0.732558
0.000000 0.935824 0.352468
0.162097 0.920437 0.355698
0.000000 0.935824 0.352468
0.000000 0.680704 0.732558
0.000000 0.680704 0.732558
0.123035 0.692642 0.710711
0.162097 0.920437 0.355698
0.945874 0.000000 0.324534
0.933978 0.139491 0.328979
0.710221 0.105299 0.696059
0.710221 0.105299 0.696059
0.700945 0.000000 0.713215
0.945874 0.000000 0.324534
-0.933979 0.139488 0.328978
-0.945878 0.000000 0.324522
-0.700948 0.000000 0.713213
-0.700948 0.000000 0.713213
-0.710221 0.105297 0.696060
-0.933979 0.139488 0.328978
0.300716 0.043740 0.952710
0.308072 0.000000 0.951363
0.700945 0.000000 0.713215
0.700945 0.000000 0.713215
0.710221 0.105299 0.696059
0.300716 0.043740 0.952710
0.200513 0.176892 0.963589
0.300716 0.043740 0.952710
0.710221 0.105299 0.696059
0.710221 0.105299 0.696059
0.530852 0.496616 0.686708
0.200513 0.176892 0.963589
0.049905 0.275789 0.959922
0.200513 0.176892 0.963589
0.530852 0.496616 0.686708
0.530852 0.496616 0.686708
0.123035 0.692642 0.710711
0.049905 0.275789 0.959922
0.000000 0.282935 0.959139
0.049905 0.275789 0.959922
0.123035 0.692642 0.710711
0.123035 0.692642 0.710711
0.000000 0.680704 0.732558
0.000000 0.282935 0.959139
-0.049904 0.275789 0.959922
0.000000 0.282935 0.959139
0.000000 0.680702 0.732561
0.000000 0.680702 0.732561
-0.123034 0.692642 0.710711
-0.049904 0.275789 0.959922
-0.200512 0.176890 0.963589
-0.049904 0.275789 0.959922
-0.123034 0.692642 0.710711
-0.123034 0.692642 0.710711
-0.530853 0.496616 0.686708
-0.200512 0.176890 0.963589
-0.300716 0.043740 0.952710
-0.200512 0.176890 0.963589
-0.530853 0.496616 0.686708
-0.530853 0.496616 0.686708
-0.710221 0.105297 0.696060
-0.300716 0.043740 0.952710
-0.308068 0.000000 0.951364
-0.300716 0.043740 0.952710
-0.710221 0.105297 0.696060
-0.710221 0.105297 0.696060
-0.700948 0.000000 0.713213
-0.308068 0.000000 0.951364
-0.945878 0.000000 0.324522
-0.945874 0.000000 0.324534
-0.700945 0.000000 0.713215
-0.700945 0.000000 0.713215
-0.700948 0.000000 0.713213
-0.945878 0.000000 0.324522
-0.308072 0.000000 0.951363
-0.308068 0.000000 0.951364
-0.700948 0.000000 0.713213
-0.700948 0.000000 0.713213
-0.700945 0.000000 0.713215
-0.308072 0.000000 0.951363
0.945874 0.000000 0.324534
0.945874 0.000000 0.324534
0.700945 0.000000 0.713215
0.700945 0.000000 0.713215
0.700945 0.000000 0.713215
0.945874 0.000000 0.324534
0.308072 0.000000 0.951363
0.308072 0.000000 0.951363
0.700945 0.000000 0.713215
0.700945 0.000000 0.713215
0.700945 0.000000 0.713215
0.308072 0.000000 0.951363
0.000000 0.935824 0.352468
-0.162097 0.920436 0.355699
-0.123034 0.692642 0.710711
-0.123034 0.692642 0.710711
0.000000 0.680702 0.732561
0.000000 0.935824 0.352468
0.669829 0.642095 0.372884
0.162097 0.920437 0.355698
0.123035 0.692642 0.710711
0.123035 0.692642 0.710711
0.530852 0.496616 0.686708
0.669829 0.642095 0.372884
0.933978 0.139491 0.328979
0.669829 0.642095 0.372884
0.530852 0.496616 0.686708
0.530852 0.496616 0.686708
0.710221 0.105299 0.696059
0.933978 0.139491 0.328979
-0.669829 0.642095 0.372885
-0.933979 0.139488 0.328978
-0.710221 0.105297 0.696060
-0.710221 0.105297 0.696060
-0.530853 0.496616 0.686708
-0.669829 0.642095 0.372885
-0.162097 0.920436 0.355699
-0.669829 0.642095 0.372885
-0.530853 0.496616 0.686708
-0.530853 0.496616 0.686708
-0.123034 0.692642 0.710711
-0.162097 0.920436 0.355699
0.000000 0.000000 1.000000
0.000000 0.000000 1.000000
0.000000 0.000000 1.000000
0.000000 0.000000 1.000000
0.000000 0.000000 1.000000
0.000000 0.000000 1.000000
0.000000 -1.000000 0.000002
0.000000 -1.000000 0.000002
0.000000 -1.000000 0.000002
0.000000 -1.000000 0.000002
0.000000 -1.000000 0.000002
0.000000 -1.000000 0.000002
0.000000 -1.000000 0.000002
0.000000 -1.000000 0.000002
0.150185 -0.988658 0.000002
0.150185 -0.988658 0.000002
0.174492 -0.984659 0.000002
0.000000 -1.000000 0.000002
0.044030 0.000000 -0.999030
-0.044030 0.000000 -0.999030
-0.044030 0.000000 -0.999030
-0.044030 0.000000 -0.999030
0.044030 0.000000 -0.999030
0.044030 0.000000 -0.999030
1.000000 0.000000 0.000000
0.989156 -0.146871 0.000004
0.990616 -0.136677 0.000002
0.990616 -0.136677 0.000002
1.000000 0.000000 0.000000
1.000000 0.000000 0.000000
-1.000000 0.000000 0.000000
-1.000000 0.000000 0.000000
-0.990319 -0.138810 -0.000002
-0.990319 -0.138810 -0.000002
-0.989156 -0.146870 -0.000004
-1.000000 0.000000 0.000000
0.250108 -0.147085 -0.956981
0.250108 -0.147085 -0.956981
0.250108 -0.147085 -0.956981
0.250097 -0.147074 -0.956985
0.250097 -0.147074 -0.956985
0.250097 -0.147074 -0.956985
0.250099 -0.147080 -0.956984
0.250099 -0.147080 -0.956984
0.250099 -0.147080 -0.956984
0.000000 0.000000 -1.000000
0.000000 0.000000 -1.000000
0.000000 0.000000 -1.000000
0.000000 0.000000 1.000000
0.000000 0.000000 1.000000
0.000000 0.000000 1.000000
0.000000 0.000000 1.000000
0.000000 0.000000 1.000000
0.000000 0.000000 1.000000
0.000000 0.000000 1.000000
0.000000 0.000000 1.000000
0.000000 0.000000 1.000000
0.000000 0.000000 1.000000
0.000000 0.000000 1.000000
0.000000 0.000000 1.000000
0.000000 0.000000 1.000000
0.000000 0.000000 1.000000
0.000000 0.000000 1.000000
0.000000 0.000000 1.000000
0.000000 0.000000 1.000000
0.000000 0.000000 1.000000
0.000000 0.000000 1.000000
0.000000 0.000000 1.000000
0.000000 0.000000 1.000000
0.000000 -0.959901 -0.280339
0.000000 -0.891682 -0.452663
0.000000 -0.891682 -0.452663
0.000000 -0.891682 -0.452663
0.000000 -0.959901 -0.280339
0.000000 -0.959901 -0.280339
-1.000000 0.000000 0.000000
-1.000000 0.000000 0.000000
-1.000000 0.000000 0.000000
-1.000000 0.000000 0.000000
-1.000000 0.000000 0.000000
-1.000000 0.000000 0.000000
0.000000 0.967728 0.251998
0.000000 0.905528 0.424287
0.000000 0.905527 0.424290
0.000000 0.905527 0.424290
0.000000 0.967726 0.252003
0.000000 0.967728 0.251998
1.000000 0.000000 0.000000
1.000000 0.000000 0.000000
1.000000 0.000000 0.000000
1.000000 0.000000 0.000000
1.000000 0.000000 0.000000
1.000000 0.000000 0.000000
0.000000 -0.906114 -0.423033
0.000000 -0.993682 -0.112231
0.000000 -0.993682 -0.112231
0.000000 -0.993682 -0.112231
0.000000 -0.906115 -0.423032
0.000000 -0.906114 -0.423033
-1.000000 0.000000 0.000000
-1.000000 0.000000 0.000000
-0.998759 0.000000 -0.049795
-0.998759 0.000000 -0.049795
-0.999049 0.000000 -0.043607
-1.000000 0.000000 0.000000
0.000000 0.916933 0.399040
0.000000 0.980199 0.198017
0.000000 0.980199 0.198014
0.000000 0.980199 0.198014
0.000000 0.916934 0.399038
0.000000 0.916933 0.399040
1.000000 0.000000 0.000000
0.999049 0.000000 -0.043607
0.998759 0.000000 -0.049795
0.998759 0.000000 -0.049795
1.000000 0.000000 0.000000
1.000000 0.000000 0.000000
0.044030 0.000000 -0.999030
0.044030 0.000000 -0.999030
0.199289 0.000000 -0.979941
0.199289 0.000000 -0.979941
0.199289 0.000000 -0.979941
0.044030 0.000000 -0.999030
0.199289 0.000000 -0.979941
0.199289 0.000000 -0.979941
0.443867 0.000000 -0.896093
0.443867 0.000000 -0.896093
0.443867 0.000000 -0.896092
0.199289 0.000000 -0.979941
0.443867 0.000000 -0.896092
0.443867 0.000000 -0.896093
0.697374 0.000000 -0.716708
0.697374 0.000000 -0.716708
0.697374 0.000000 -0.716708
0.443867 0.000000 -0.896092
-0.044030 0.000000 -0.999030
-0.044030 0.000000 -0.999030
-0.199289 0.000000 -0.979941
-0.199289 0.000000 -0.979941
-0.199289 0.000000 -0.979941
-0.044030 0.000000 -0.999030
-0.199289 0.000000 -0.979941
-0.199289 0.000000 -0.979941
-0.443867 0.000000 -0.896092
-0.443867 0.000000 -0.896092
-0.443867 0.000000 -0.896093
-0.199289 0.000000 -0.979941
-0.443867 0.000000 -0.896093
-0.443867 0.000000 -0.896092
-0.697374 0.000000 -0.716708
-0.697374 0.000000 -0.716708
-0.697374 0.000000 -0.716708
-0.443867 0.000000 -0.896093
-0.999049 0.000000 -0.043607
-0.998759 0.000000 -0.049795
-0.977630 0.000000 -0.210332
-0.977630 0.000000 -0.210332
-0.977630 0.000000 -0.210332
-0.999049 0.000000 -0.043607
-0.977630 0.000000 -0.210332
-0.977630 0.000000 -0.210332
-0.885951 0.000000 -0.463778
-0.885951 0.000000 -0.463778
-0.885951 0.000000 -0.463778
-0.977630 0.000000 -0.210332
-0.885951 0.000000 -0.463778
-0.885951 0.000000 -0.463778
-0.697374 0.000000 -0.716708
-0.697374 0.000000 -0.716708
-0.697374 0.000000 -0.716708
-0.885951 0.000000 -0.463778
0.998759 0.000000 -0.049795
0.999049 0.000000 -0.043607
0.977630 0.000000 -0.210332
0.977630 0.000000 -0.210332
0.977630 0.000000 -0.210332
0.998759 0.000000 -0.049795
0.977630 0.000000 -0.210332
0.977630 0.000000 -0.210332
0.885951 0.000000 -0.463778
0.885951 0.000000 -0.463778
0.885951 0.000000 -0.463778
0.977630 0.000000 -0.210332
0.885951 0.000000 -0.463778
0.885951 0.000000 -0.463778
0.697374 0.000000 -0.716708
0.697374 0.000000 -0.716708
0.697374 0.000000 -0.716708
0.885951 0.000000 -0.463778
0.000000 -0.906114 -0.423033
0.000000 -0.906115 -0.423032
0.000000 -0.891682 -0.452663
0.000000 -0.891682 -0.452663
0.000000 -0.891682 -0.452663
0.000000 -0.906114 -0.423033
-1.000000 0.000000 0.000000
-1.000000 0.000000 0.000000
-1.000000 0.000000 0.000000
-1.000000 0.000000 0.000000
-1.000000 0.000000 0.000000
-1.000000 0.000000 0.000000
0.000000 0.916933 0.399040
0.000000 0.916934 0.399038
0.000000 0.905527 0.424290
0.000000 0.905527 0.424290
0.000000 0.905528 0.424287
0.000000 0.916933 0.399040
1.000000 0.000000 0.000000
1.000000 0.000000 0.000000
1.000000 0.000000 0.000000
1.000000 0.000000 0.000000
1.000000 0.000000 0.000000
1.000000 0.000000 0.000000
0.000000 -1.000000 0.000000
-0.000004 -1.000000 -0.000001
0.000000 -1.000000 0.000000
0.000000 -1.000000 0.000000
0.000000 -1.000000 0.000000
0.000000 -1.000000 0.000000
0.000000 -1.000000 0.000000
0.000000 -1.000000 0.000011
0.000000 -1.000000 0.000000
0.000000 -1.000000 0.000000
0.000000 -1.000000 0.000000
0.000000 -1.000000 0.000000
0.000000 -1.000000 0.000000
0.000000 -1.000000 0.000000
0.000000 -1.000000 0.000000
0.000000 -1.000000 0.000000
0.000000 -1.000000 0.000000
0.000000 -1.000000 0.000000
0.000000 -1.000000 0.000000
0.000000 -1.000000 0.000000
0.000000 -1.000000 0.000000
0.000000 -1.000000 0.000000
0.000000 -1.000000 0.000000
0.000000 -0.993682 -0.112231
0.000000 -1.000000 0.000000
0.000000 -1.000000 0.000000
0.000000 -0.993682 -0.112231
0.000000 -1.000000 0.000000
0.000000 -1.000000 0.000000
0.000000 -0.993682 -0.112231
0.000000 -1.000000 0.000000
0.000000 -1.000000 0.000000
0.000000 -0.993682 -0.112231
0.000000 -0.993682 -0.112231
0.000000 -1.000000 0.000000
0.000000 -0.993682 -0.112231
-1.000000 0.000000 0.000000
-1.000000 0.000000 0.000000
-1.000000 0.000000 0.000000
-1.000000 0.000000 0.000000
-1.000000 0.000000 0.000000
-1.000000 0.000000 0.000000
0.000000 0.000000 -1.000000
0.000000 0.000000 -1.000000
0.000000 0.000000 -1.000000
0.000000 0.000000 -1.000000
0.000000 0.000000 -1.000000
0.000000 0.000000 -1.000000
0.000000 0.000000 1.000000
0.000000 0.000000 1.000000
0.000000 0.000000 1.000000
0.000000 0.000000 1.000000
0.000000 0.000000 1.000000
0.000000 0.000000 1.000000
1.000000 0.000000 0.000000
1.000000 0.000000 0.000000
1.000000 0.000000 0.000000
1.000000 0.000000 0.000000
1.000000 0.000000 0.000000
1.000000 0.000000 0.000000
-0.000330 0.000000 -1.000000
-0.000331 0.000000 -1.000000
-0.476634 0.000000 -0.879102
-0.476634 0.000000 -0.879102
-0.476637 0.000000 -0.879100
-0.000330 0.000000 -1.000000
0.000000 0.000000 1.000000
0.000000 0.000000 1.000000
0.000000 0.000000 1.000000
0.000000 0.000000 1.000000
0.000000 0.000000 1.000000
0.000000 0.000000 1.000000
0.000000 0.000000 -1.000000
0.000000 0.000000 -1.000000
0.000000 0.000000 -1.000000
0.000000 0.000000 -1.000000
0.000000 0.000000 -1.000000
0.000000 0.000000 -1.000000
0.000000 0.000000 -1.000000
0.000000 0.000000 -1.000000
0.000000 0.000000 -1.000000
0.000000 0.000000 -1.000000
0.000000 0.000000 -1.000000
0.000000 0.000000 -1.000000
0.000000 -1.000000 0.000002
-0.174493 -0.984658 0.000000
-0.160155 -0.987092 0.000001
-0.160155 -0.987092 0.000001
0.000000 -1.000000 0.000002
0.000000 -1.000000 0.000002
0.000000 0.000000 -1.000000
0.000000 0.000000 -1.000000
0.000000 0.000000 -1.000000
0.000000 0.000000 -1.000000
0.000000 0.000000 -1.000000
0.000000 0.000000 -1.000000
-1.000000 0.000000 -0.000031
-1.000000 0.000000 -0.000046
-1.000000 0.000000 -0.000046
-1.000000 0.000000 -0.000046
-1.000000 0.000000 -0.000025
-1.000000 0.000000 -0.000031
1.000000 0.000000 0.000046
1.000000 0.000000 0.000046
1.000000 0.000000 0.000030
1.000000 0.000000 0.000030
1.000000 0.000000 0.000025
1.000000 0.000000 0.000046
0.994824 0.000000 -0.101619
0.995408 0.000000 -0.095722
0.885112 0.000001 -0.465378
0.885112 0.000001 -0.465378
0.885101 0.000000 -0.465398
0.994824 0.000000 -0.101619
-0.995406 0.000000 -0.095741
-0.994824 0.000000 -0.101609
-0.884421 0.000000 -0.466689
-0.884421 0.000000 -0.466689
-0.884422 0.000000 -0.466689
-0.995406 0.000000 -0.095741
0.885101 0.000000 -0.465398
0.885112 0.000001 -0.465378
0.477629 0.000001 -0.878562
0.477629 0.000001 -0.878562
0.477641 0.000000 -0.878555
0.885101 0.000000 -0.465398
-0.884422 0.000000 -0.466689
-0.884421 0.000000 -0.466689
-0.476637 0.000000 -0.879100
-0.476637 0.000000 -0.879100
-0.476634 0.000000 -0.879102
-0.884422 0.000000 -0.466689
0.477641 0.000000 -0.878555
0.477629 0.000001 -0.878562
-0.000331 0.000000 -1.000000
-0.000331 0.000000 -1.000000
-0.000330 0.000000 -1.000000
0.477641 0.000000 -0.878555
-0.153033 -0.110852 -0.981984
-0.153033 -0.110852 -0.981984
-0.153033 -0.110852 -0.981984
-0.152997 -0.110858 -0.981989
-0.152997 -0.110858 -0.981989
-0.152997 -0.110858 -0.981989
-0.153033 -0.110859 -0.981983
-0.153033 -0.110859 -0.981983
-0.153033 -0.110859 -0.981983
0.000000 0.000000 -1.000000
0.000000 0.000000 -1.000000
0.000000 0.000000 -1.000000
0.000000 0.000000 -1.000000
0.000000 0.000000 -1.000000
0.000000 0.000000 -1.000000
0.000000 0.000000 -1.000000
0.000000 0.000000 -1.000000
0.000000 0.000000 -1.000000
0.019208 -0.995850 -0.088960
0.000009 -1.000000 0.000005
0.000009 -1.000000 0.000004
0.000009 -1.000000 0.000004
0.020506 -0.994364 -0.104020
0.019208 -0.995850 -0.088960
0.008772 -0.511256 -0.859384
0.055046 -0.520616 -0.852015
0.046422 -0.518960 -0.853537
0.046422 -0.518960 -0.853537
0.000005 -0.509352 -0.860559
0.008772 -0.511256 -0.859384
-0.020464 -0.994436 -0.103339
-0.019209 -0.995850 -0.088958
-0.016851 -0.980362 -0.196483
-0.016851 -0.980362 -0.196483
-0.013227 -0.980263 -0.197256
-0.020464 -0.994436 -0.103339
0.000009 -1.000000 0.000005
0.000005 -1.000000 0.000008
0.000004 -1.000000 0.000008
0.000004 -1.000000 0.000008
0.000009 -1.000000 0.000004
0.000009 -1.000000 0.000005
-0.000009 -1.000000 0.000004
-0.019209 -0.995850 -0.088958
-0.020464 -0.994436 -0.103339
-0.020464 -0.994436 -0.103339
-0.000009 -1.000000 0.000005
-0.000009 -1.000000 0.000004
0.000005 -1.000000 0.000008
0.000000 -1.000000 0.000010
0.000000 -1.000000 0.000010
0.000000 -1.000000 0.000010
0.000004 -1.000000 0.000008
0.000005 -1.000000 0.000008
-0.000005 -1.000000 0.000008
-0.000009 -1.000000 0.000004
-0.000009 -1.000000 0.000005
-0.000009 -1.000000 0.000005
-0.000004 -1.000000 0.000009
-0.000005 -1.000000 0.000008
0.000000 -1.000000 0.000010
-0.000005 -1.000000 0.000008
-0.000004 -1.000000 0.000009
-0.000004 -1.000000 0.000009
0.000000 -1.000000 0.000010
0.000000 -1.000000 0.000010
-0.995406 0.000000 -0.095741
-1.000000 0.000000 -0.000031
-1.000000 0.000000 -0.000025
-1.000000 0.000000 -0.000025
-0.994824 0.000000 -0.101609
-0.995406 0.000000 -0.095741
1.000000 0.000000 0.000025
1.000000 0.000000 0.000030
0.995408 0.000000 -0.095722
0.995408 0.000000 -0.095722
0.994824 0.000000 -0.101619
1.000000 0.000000 0.000025
0.020506 -0.994364 -0.104020
0.012766 -0.980249 -0.197354
0.016455 -0.980352 -0.196568
0.016455 -0.980352 -0.196568
0.019208 -0.995850 -0.088960
0.020506 -0.994364 -0.104020
-0.048543 -0.518996 -0.853397
-0.057052 -0.520555 -0.851920
-0.008789 -0.511191 -0.859422
-0.008789 -0.511191 -0.859422
-0.000010 -0.509353 -0.860558
-0.048543 -0.518996 -0.853397
0.000000 0.000000 -1.000000
0.000000 0.000000 -1.000000
0.000000 0.000000 -1.000000
0.174492 -0.984659 0.000002
0.150185 -0.988658 0.000002
0.714499 -0.699637 0.000003
0.714499 -0.699637 0.000003
0.726615 -0.687045 0.000004
0.174492 -0.984659 0.000002
0.989156 -0.146871 0.000004
0.726615 -0.687045 0.000004
0.714499 -0.699637 0.000003
0.714499 -0.699637 0.000003
0.990616 -0.136677 0.000002
0.989156 -0.146871 0.000004
-0.989156 -0.146870 -0.000004
-0.990319 -0.138810 -0.000002
-0.721998 -0.691896 -0.000002
-0.721998 -0.691896 -0.000002
-0.726618 -0.687042 -0.000004
-0.989156 -0.146870 -0.000004
-0.174493 -0.984658 0.000000
-0.726618 -0.687042 -0.000004
-0.721998 -0.691896 -0.000002
-0.721998 -0.691896 -0.000002
-0.160155 -0.987092 0.000001
-0.174493 -0.984658 0.000000
0.000000 -0.282935 0.959139
0.000000 -0.680702 0.732561
0.000000 -0.680704 0.732558
0.000000 -0.680704 0.732558
0.000000 -0.282935 0.959139
0.000000 -0.282935 0.959139
0.000000 -0.935824 0.352468
0.000000 -0.680704 0.732558
0.000000 -0.680702 0.732561
0.000000 -0.680702 0.732561
0.000000 -0.935824 0.352468
0.000000 -0.935824 0.352468
0.162097 -0.920437 0.355698
0.123035 -0.692642 0.710711
0.000000 -0.680704 0.732558
0.000000 -0.680704 0.732558
0.000000 -0.935824 0.352468
0.162097 -0.920437 0.355698
0.945874 0.000000 0.324534
0.700945 0.000000 0.713215
0.710221 -0.105299 0.696059
0.710221 -0.105299 0.696059
0.933978 -0.139491 0.328979
0.945874 0.000000 0.324534
-0.933979 -0.139488 0.328978
-0.710221 -0.105297 0.696060
-0.700948 0.000000 0.713213
-0.700948 0.000000 0.713213
-0.945878 0.000000 0.324523
-0.933979 -0.139488 0.328978
0.300716 -0.043740 0.952710
0.710221 -0.105299 0.696059
0.700945 0.000000 0.713215
0.700945 0.000000 0.713215
0.308072 0.000000 0.951363
0.300716 -0.043740 0.952710
0.200513 -0.176892 0.963589
0.530852 -0.496616 0.686708
0.710221 -0.105299 0.696059
0.710221 -0.105299 0.696059
0.300716 -0.043740 0.952710
0.200513 -0.176892 0.963589
0.049905 -0.275789 0.959922
0.123035 -0.692642 0.710711
0.530852 -0.496616 0.686708
0.530852 -0.496616 0.686708
0.200513 -0.176892 0.963589
0.049905 -0.275789 0.959922
0.000000 -0.282935 0.959139
0.000000 -0.680704 0.732558
0.123035 -0.692642 0.710711
0.123035 -0.692642 0.710711
0.049905 -0.275789 0.959922
0.000000 -0.282935 0.959139
-0.049904 -0.275789 0.959922
-0.123034 -0.692642 0.710711
0.000000 -0.680702 0.732561
0.000000 -0.680702 0.732561
0.000000 -0.282935 0.959139
-0.049904 -0.275789 0.959922
-0.200512 -0.176890 0.963589
-0.530852 -0.496616 0.686708
-0.123034 -0.692642 0.710711
-0.123034 -0.692642 0.710711
-0.049904 -0.275789 0.959922
-0.200512 -0.176890 0.963589
-0.300716 -0.043740 0.952710
-0.710221 -0.105297 0.696060
-0.530852 -0.496616 0.686708
-0.530852 -0.496616 0.686708
-0.200512 -0.176890 0.963589
-0.300716 -0.043740 0.952710
-0.308068 0.000000 0.951364
-0.700948 0.000000 0.713213
-0.710221 -0.105297 0.696060
-0.710221 -0.105297 0.696060
-0.300716 -0.043740 0.952710
-0.308068 0.000000 0.951364
-0.945878 0.000000 0.324523
-0.700948 0.000000 0.713213
-0.700945 0.000000 0.713215
-0.700945 0.000000 0.713215
-0.945874 0.000000 0.324534
-0.945878 0.000000 0.324523
-0.308072 0.000000 0.951363
-0.700945 0.000000 0.713215
-0.700948 0.000000 0.713213
-0.700948 0.000000 0.713213
-0.308068 0.000000 0.951364
-0.308072 0.000000 0.951363
0.945874 0.000000 0.324534
0.700945 0.000000 0.713215
0.700945 0.000000 0.713215
0.700945 0.000000 0.713215
0.945874 0.000000 0.324534
0.945874 0.000000 0.324534
0.308072 0.000000 0.951363
0.700945 0.000000 0.713215
0.700945 0.000000 0.713215
0.700945 0.000000 0.713215
0.308072 0.000000 0.951363
0.308072 0.000000 0.951363
0.000000 -0.935824 0.352468
0.000000 -0.680702 0.732561
-0.123034 -0.692642 0.710711
-0.123034 -0.692642 0.710711
-0.162097 -0.920436 0.355699
0.000000 -0.935824 0.352468
0.669829 -0.642095 0.372884
0.530852 -0.496616 0.686708
0.123035 -0.692642 0.710711
0.123035 -0.692642 0.710711
0.162097 -0.920437 0.355698
0.669829 -0.642095 0.372884
0.933978 -0.139491 0.328979
0.710221 -0.105299 0.696059
0.530852 -0.496616 0.686708
0.530852 -0.496616 0.686708
0.669829 -0.642095 0.372884
0.933978 -0.139491 0.328979
-0.669829 -0.642095 0.372885
-0.530852 -0.496616 0.686708
-0.710221 -0.105297 0.696060
-0.710221 -0.105297 0.696060
-0.933979 -0.139488 0.328978
-0.669829 -0.642095 0.372885
-0.162097 -0.920436 0.355699
-0.123034 -0.692642 0.710711
-0.530852 -0.496616 0.686708
-0.530852 -0.496616 0.686708
-0.669829 -0.642095 0.372885
-0.162097 -0.920436 0.355699
-0.258819 0.965926 0.000001
-0.144247 0.538333 0.830295
0.000000 0.570655 0.821190
0.000000 0.570655 0.821190
0.000000 1.000000 0.000000
-0.258819 0.965926 0.000001
-0.144247 0.538333 0.830295
0.111932 -0.417740 0.901645
-0.000000 -0.444758 0.895651
-0.000000 -0.444758 0.895651
0.000000 0.570655 0.821190
-0.144247 0.538333 0.830295
0.111932 -0.417740 0.901645
0.258820 -0.965926 0.000002
-0.000000 -1.000000 0.000001
-0.000000 -1.000000 0.000001
-0.000000 -0.444758 0.895651
0.111932 -0.417740 0.901645
0.258820 -0.965926 0.000002
0.111933 -0.417741 -0.901645
-0.000000 -0.444758 -0.895651
-0.000000 -0.444758 -0.895651
-0.000000 -1.000000 0.000001
0.258820 -0.965926 0.000002
0.111933 -0.417741 -0.901645
-0.144246 0.538333 -0.830295
0.000000 0.570655 -0.821190
0.000000 0.570655 -0.821190
-0.000000 -0.444758 -0.895651
0.111933 -0.417741 -0.901645
-0.144246 0.538333 -0.830295
-0.258819 0.965926 0.000001
0.000000 1.000000 0.000000
0.000000 1.000000 0.000000
0.000000 0.570655 -0.821190
-0.144246 0.538333 -0.830295
-0.000000 -1.000000 0.000001
-0.000000 -0.570657 0.821189
-0.144246 -0.538334 0.830295
-0.144246 -0.538334 0.830295
-0.258818 -0.965926 0.000000
-0.000000 -1.000000 0.000001
-0.000000 -0.570657 0.821189
0.000000 0.444757 0.895651
0.111933 0.417740 0.901645
0.111933 0.417740 0.901645
-0.144246 -0.538334 0.830295
-0.000000 -0.570657 0.821189
0.000000 0.444757 0.895651
0.000000 1.000000 0.000001
0.258820 0.965926 -0.000000
0.258820 0.965926 -0.000000
0.111933 0.417740 0.901645
0.000000 0.444757 0.895651
0.000000 1.000000 0.000001
0.000000 0.444758 -0.895651
0.111933 0.417741 -0.901645
0.111933 0.417741 -0.901645
0.258820 0.965926 -0.000000
0.000000 1.000000 0.000001
0.000000 0.444758 -0.895651
-0.000000 -0.570657 -0.821188
-0.144247 -0.538334 -0.830295
-0.144247 -0.538334 -0.830295
0.111933 0.417741 -0.901645
0.000000 0.444758 -0.895651
-0.000000 -0.570657 -0.821188
-0.000000 -1.000000 0.000001
-0.258818 -0.965926 0.000000
-0.258818 -0.965926 0.000000
-0.144247 -0.538334 -0.830295
-0.000000 -0.570657 -0.821188
-0.258818 -0.965926 0.000000
-0.144246 -0.538334 0.830295
-0.394089 -0.394088 0.830294
-0.394089 -0.394088 0.830294
-0.707107 -0.707107 0.000001
-0.258818 -0.965926 0.000000
-0.144246 -0.538334 0.830295
0.111933 0.417740 0.901645
0.305806 0.305805 0.901646
0.305806 0.305805 0.901646
-0.394089 -0.394088 0.830294
-0.144246 -0.538334 0.830295
0.111933 0.417740 0.901645
0.258820 0.965926 -0.000000
0.707107 0.707107 0.000001
0.707107 0.707107 0.000001
0.305806 0.305805 0.901646
0.111933 0.417740 0.901645
0.258820 0.965926 -0.000000
0.111933 0.417741 -0.901645
0.305807 0.305805 -0.901646
0.305807 0.305805 -0.901646
0.707107 0.707107 0.000001
0.258820 0.965926 -0.000000
0.111933 0.417741 -0.901645
-0.144247 -0.538334 -0.830295
-0.394089 -0.394089 -0.830294
-0.394089 -0.394089 -0.830294
0.305807 0.305805 -0.901646
0.111933 0.417741 -0.901645
-0.144247 -0.538334 -0.830295
-0.258818 -0.965926 0.000000
-0.707107 -0.707107 0.000001
-0.707107 -0.707107 0.000001
-0.394089 -0.394089 -0.830294
-0.144247 -0.538334 -0.830295
-0.707107 -0.707107 0.000001
-0.394089 -0.394088 0.830294
-0.538333 -0.144246 0.830296
-0.538333 -0.144246 0.830296
-0.965926 -0.258819 0.000001
-0.707107 -0.707107 0.000001
-0.394089 -0.394088 0.830294
0.305806 0.305805 0.901646
0.417742 0.111933 0.901644
0.417742 0.111933 0.901644
-0.538333 -0.144246 0.830296
-0.394089 -0.394088 0.830294
0.305806 0.305805 0.901646
0.707107 0.707107 0.000001
0.965926 0.258818 0.000001
0.965926 0.258818 0.000001
0.417742 0.111933 0.901644
0.305806 0.305805 0.901646
0.707107 0.707107 0.000001
0.305807 0.305805 -0.901646
0.417742 0.111933 -0.901645
0.417742 0.111933 -0.901645
0.965926 0.258818 0.000001
0.707107 0.707107 0.000001
0.305807 0.305805 -0.901646
-0.394089 -0.394089 -0.830294
-0.538333 -0.144246 -0.830296
-0.538333 -0.144246 -0.830296
0.417742 0.111933 -0.901645
0.305807 0.305805 -0.901646
-0.394089 -0.394089 -0.830294
-0.707107 -0.707107 0.000001
-0.965926 -0.258819 0.000001
-0.965926 -0.258819 0.000001
-0.538333 -0.144246 -0.830296
-0.394089 -0.394089 -0.830294
-0.965926 -0.258819 0.000001
-0.538333 -0.144246 0.830296
-0.538333 0.144245 0.830296
-0.538333 0.144245 0.830296
-0.965926 0.258819 0.000000
-0.965926 -0.258819 0.000001
-0.538333 -0.144246 0.830296
0.417742 0.111933 0.901644
0.417741 -0.111933 0.901645
0.417741 -0.111933 0.901645
-0.538333 0.144245 0.830296
-0.538333 -0.144246 0.830296
0.417742 0.111933 0.901644
0.965926 0.258818 0.000001
0.965926 -0.258818 -0.000000
0.965926 -0.258818 -0.000000
0.417741 -0.111933 0.901645
0.417742 0.111933 0.901644
0.965926 0.258818 0.000001
0.417742 0.111933 -0.901645
0.417743 -0.111933 -0.901644
0.417743 -0.111933 -0.901644
0.965926 -0.258818 -0.000000
0.965926 0.258818 0.000001
0.417742 0.111933 -0.901645
-0.538333 -0.144246 -0.830296
-0.538334 0.144246 -0.830295
-0.538334 0.144246 -0.830295
0.417743 -0.111933 -0.901644
0.417742 0.111933 -0.901645
-0.538333 -0.144246 -0.830296
-0.965926 -0.258819 0.000001
-0.965926 0.258819 0.000000
-0.965926 0.258819 0.000000
-0.538334 0.144246 -0.830295
-0.538333 -0.144246 -0.830296
-0.965926 0.258819 0.000000
-0.538333 0.144245 0.830296
-0.394089 0.394088 0.830294
-0.394089 0.394088 0.830294
-0.707107 0.707107 0.000000
-0.965926 0.258819 0.000000
-0.538333 0.144245 0.830296
0.417741 -0.111933 0.901645
0.305806 -0.305804 0.901647
0.305806 -0.305804 0.901647
-0.394089 0.394088 0.830294
-0.538333 0.144245 0.830296
0.417741 -0.111933 0.901645
0.965926 -0.258818 -0.000000
0.707107 -0.707107 0.000001
0.707107 -0.707107 0.000001
0.305806 -0.305804 0.901647
0.417741 -0.111933 0.901645
0.965926 -0.258818 -0.000000
0.417743 -0.111933 -0.901644
0.305805 -0.305805 -0.901646
0.305805 -0.305805 -0.901646
0.707107 -0.707107 0.000001
0.965926 -0.258818 -0.000000
0.417743 -0.111933 -0.901644
-0.538334 0.144246 -0.830295
-0.394090 0.394088 -0.830294
-0.394090 0.394088 -0.830294
0.305805 -0.305805 -0.901646
0.417743 -0.111933 -0.901644
-0.538334 0.144246 -0.830295
-0.965926 0.258819 0.000000
-0.707107 0.707107 0.000000
-0.707107 0.707107 0.000000
-0.394090 0.394088 -0.830294
-0.538334 0.144246 -0.830295
-0.707107 0.707107 0.000000
-0.394089 0.394088 0.830294
-0.144247 0.538333 0.830295
-0.144247 0.538333 0.830295
-0.258819 0.965926 0.000001
-0.707107 0.707107 0.000000
-0.394089 0.394088 0.830294
0.305806 -0.305804 0.901647
0.111932 -0.417740 0.901645
0.111932 -0.417740 0.901645
-0.144247 0.538333 0.830295
-0.394089 0.394088 0.830294
0.305806 -0.305804 0.901647
0.707107 -0.707107 0.000001
0.258820 -0.965926 0.000002
0.258820 -0.965926 0.000002
0.111932 -0.417740 0.901645
0.305806 -0.305804 0.901647
0.707107 -0.707107 0.000001
0.305805 -0.305805 -0.901646
0.111933 -0.417741 -0.901645
0.111933 -0.417741 -0.901645
0.258820 -0.965926 0.000002
0.707107 -0.707107 0.000001
0.305805 -0.305805 -0.901646
-0.394090 0.394088 -0.830294
-0.144246 0.538333 -0.830295
-0.144246 0.538333 -0.830295
0.111933 -0.417741 -0.901645
0.305805 -0.305805 -0.901646
-0.394090 0.394088 -0.830294
-0.707107 0.707107 0.000000
-0.258819 0.965926 0.000001
-0.258819 0.965926 0.000001
-0.144246 0.538333 -0.830295
-0.394090 0.394088 -0.830294
0.258819 0.965926 0.000001
0.000000 1.000000 0.000001
0.000000 0.570655 0.821190
0.000000 0.570655 0.821190
0.144247 0.538333 0.830295
0.258819 0.965926 0.000001
0.144247 0.538333 0.830295
0.000000 0.570655 0.821190
0.000000 -0.444758 0.895651
0.000000 -0.444758 0.895651
-0.111932 -0.417740 0.901645
0.144247 0.538333 0.830295
-0.111932 -0.417740 0.901645
0.000000 -0.444758 0.895651
0.000000 -1.000000 0.000001
0.000000 -1.000000 0.000001
-0.258820 -0.965926 0.000002
-0.111932 -0.417740 0.901645
-0.258820 -0.965926 0.000002
0.000000 -1.000000 0.000001
0.000000 -0.444758 -0.895651
0.000000 -0.444758 -0.895651
-0.111933 -0.417741 -0.901645
-0.258820 -0.965926 0.000002
-0.111933 -0.417741 -0.901645
0.000000 -0.444758 -0.895651
0.000000 0.570655 -0.821190
0.000000 0.570655 -0.821190
0.144246 0.538333 -0.830295
-0.111933 -0.417741 -0.901645
0.144246 0.538333 -0.830295
0.000000 0.570655 -0.821190
0.000000 1.000000 0.000001
0.000000 1.000000 0.000001
0.258819 0.965926 0.000001
0.144246 0.538333 -0.830295
0.000000 -1.000000 0.000001
0.258818 -0.965926 0.000000
0.144246 -0.538334 0.830295
0.144246 -0.538334 0.830295
0.000000 -0.570657 0.821189
0.000000 -1.000000 0.000001
0.000000 -0.570657 0.821189
0.144246 -0.538334 0.830295
-0.111933 0.417740 0.901645
-0.111933 0.417740 0.901645
-0.000000 0.444757 0.895651
0.000000 -0.570657 0.821189
-0.000000 0.444757 0.895651
-0.111933 0.417740 0.901645
-0.258820 0.965926 -0.000000
-0.258820 0.965926 -0.000000
-0.000000 1.000000 0.000001
-0.000000 0.444757 0.895651
-0.000000 1.000000 0.000001
-0.258820 0.965926 -0.000000
-0.111933 0.417741 -0.901645
-0.111933 0.417741 -0.901645
0.000000 0.444758 -0.895651
-0.000000 1.000000 0.000001
0.000000 0.444758 -0.895651
-0.111933 0.417741 -0.901645
0.144247 -0.538334 -0.830295
0.144247 -0.538334 -0.830295
0.000000 -0.570657 -0.821188
0.000000 0.444758 -0.895651
0.000000 -0.570657 -0.821188
0.144247 -0.538334 -0.830295
0.258818 -0.965926 0.000000
0.258818 -0.965926 0.000000
0.000000 -1.000000 0.000001
0.000000 -0.570657 -0.821188
0.258818 -0.965926 0.000000
0.707107 -0.707107 0.000001
0.394089 -0.394088 0.830294
0.394089 -0.394088 0.830294
0.144246 -0.538334 0.830295
0.258818 -0.965926 0.000000
0.144246 -0.538334 0.830295
0.394089 -0.394088 0.830294
-0.305806 0.305805 0.901646
-0.305806 0.305805 0.901646
-0.111933 0.417740 0.901645
0.144246 -0.538334 0.830295
-0.111933 0.417740 0.901645
-0.305806 0.305805 0.901646
-0.707107 0.707107 0.000001
-0.707107 0.707107 0.000001
-0.258820 0.965926 -0.000000
-0.111933 0.417740 0.901645
-0.258820 0.965926 -0.000000
-0.707107 0.707107 0.000001
-0.305807 0.305805 -0.901646
-0.305807 0.305805 -0.901646
-0.111933 0.417741 -0.901645
-0.258820 0.965926 -0.000000
-0.111933 0.417741 -0.901645
-0.305807 0.305805 -0.901646
0.394089 -0.394089 -0.830294
0.394089 -0.394089 -0.830294
0.144247 -0.538334 -0.830295
-0.111933 0.417741 -0.901645
0.144247 -0.538334 -0.830295
0.394089 -0.394089 -0.830294
0.707107 -0.707107 0.000001
0.707107 -0.707107 0.000001
0.258818 -0.965926 0.000000
0.144247 -0.538334 -0.830295
0.707107 -0.707107 0.000001
0.965926 -0.258819 0.000001
0.538333 -0.144246 0.830296
0.538333 -0.144246 0.830296
0.394089 -0.394088 0.830294
0.707107 -0.707107 0.000001
0.394089 -0.394088 0.830294
0.538333 -0.144246 0.830296
-0.417742 0.111933 0.901644
-0.417742 0.111933 0.901644
-0.305806 0.305805 0.901646
0.394089 -0.394088 0.830294
-0.305806 0.305805 0.901646
-0.417742 0.111933 0.901644
-0.965926 0.258818 0.000001
-0.965926 0.258818 0.000001
-0.707107 0.707107 0.000001
-0.305806 0.305805 0.901646
-0.707107 0.707107 0.000001
-0.965926 0.258818 0.000001
-0.417742 0.111933 -0.901645
-0.417742 0.111933 -0.901645
-0.305807 0.305805 -0.901646
-0.707107 0.707107 0.000001
-0.305807 0.305805 -0.901646
-0.417742 0.111933 -0.901645
0.538333 -0.144246 -0.830296
0.538333 -0.144246 -0.830296
0.394089 -0.394089 -0.830294
-0.305807 0.305805 -0.901646
0.394089 -0.394089 -0.830294
0.538333 -0.144246 -0.830296
0.965926 -0.258819 0.000001
0.965926 -0.258819 0.000001
0.707107 -0.707107 0.000001
0.394089 -0.394089 -0.830294
0.965926 -0.258819 0.000001
0.965926 0.258819 0.000000
0.538333 0.144245 0.830296
0.538333 0.144245 0.830296
0.538333 -0.144246 0.830296
0.965926 -0.258819 0.000001
0.538333 -0.144246 0.830296
0.538333 0.144245 0.830296
-0.417741 -0.111933 0.901645
-0.417741 -0.111933 0.901645
-0.417742 0.111933 0.901644
0.538333 -0.144246 0.830296
-0.417742 0.111933 0.901644
-0.417741 -0.111933 0.901645
-0.965926 -0.258818 -0.000000
-0.965926 -0.258818 -0.000000
-0.965926 0.258818 0.000001
-0.417742 0.111933 0.901644
-0.965926 0.258818 0.000001
-0.965926 -0.258818 -0.000000
-0.417743 -0.111933 -0.901644
-0.417743 -0.111933 -0.901644
-0.417742 0.111933 -0.901645
-0.965926 0.258818 0.000001
-0.417742 0.111933 -0.901645
-0.417743 -0.111933 -0.901644
0.538334 0.144246 -0.830295
0.538334 0.144246 -0.830295
0.538333 -0.144246 -0.830296
-0.417742 0.111933 -0.901645
0.538333 -0.144246 -0.830296
0.538334 0.144246 -0.830295
0.965926 0.258819 0.000000
0.965926 0.258819 0.000000
0.965926 -0.258819 0.000001
0.538333 -0.144246 -0.830296
0.965926 0.258819 0.000000
0.707107 0.707107 0.000000
0.394089 0.394088 0.830294
0.394089 0.394088 0.830294
0.538333 0.144245 0.830296
0.965926 0.258819 0.000000
0.538333 0.144245 0.830296
0.394089 0.394088 0.830294
-0.305806 -0.305804 0.901647
-0.305806 -0.305804 0.901647
-0.417741 -0.111933 0.901645
0.538333 0.144245 0.830296
-0.417741 -0.111933 0.901645
-0.305806 -0.305804 0.901647
-0.707107 -0.707107 0.000001
-0.707107 -0.707107 0.000001
-0.965926 -0.258818 -0.000000
-0.417741 -0.111933 0.901645
-0.965926 -0.258818 -0.000000
-0.707107 -0.707107 0.000001
-0.305805 -0.305805 -0.901646
-0.305805 -0.305805 -0.901646
-0.417743 -0.111933 -0.901644
-0.965926 -0.258818 -0.000000
-0.417743 -0.111933 -0.901644
-0.305805 -0.305805 -0.901646
0.394090 0.394088 -0.830294
0.394090 0.394088 -0.830294
0.538334 0.144246 -0.830295
-0.417743 -0.111933 -0.901644
0.538334 0.144246 -0.830295
0.394090 0.394088 -0.830294
0.707107 0.707107 0.000000
0.707107 0.707107 0.000000
0.965926 0.258819 0.000000
0.538334 0.144246 -0.830295
0.707107 0.707107 0.000000
0.258819 0.965926 0.000001
0.144247 0.538333 0.830295
0.144247 0.538333 0.830295
0.394089 0.394088 0.830294
0.707107 0.707107 0.000000
0.394089 0.394088 0.830294
0.144247 0.538333 0.830295
-0.111932 -0.417740 0.901645
-0.111932 -0.417740 0.901645
-0.305806 -0.305804 0.901647
0.394089 0.394088 0.830294
-0.305806 -0.305804 0.901647
-0.111932 -0.417740 0.901645
-0.258820 -0.965926 0.000002
-0.258820 -0.965926 0.000002
-0.707107 -0.707107 0.000001
-0.305806 -0.305804 0.901647
-0.707107 -0.707107 0.000001
-0.258820 -0.965926 0.000002
-0.111933 -0.417741 -0.901645
-0.111933 -0.417741 -0.901645
-0.305805 -0.305805 -0.901646
-0.707107 -0.707107 0.000001
-0.305805 -0.305805 -0.901646
-0.111933 -0.417741 -0.901645
0.144246 0.538333 -0.830295
0.144246 0.538333 -0.830295
0.394090 0.394088 -0.830294
-0.305805 -0.305805 -0.901646
0.394090 0.394088 -0.830294
0.144246 0.538333 -0.830295
0.258819 0.965926 0.000001
0.258819 0.965926 0.000001
0.707107 0.707107 0.000000
0.394090 0.394088 -0.830294
-0.965926 -0.258820 0.000001
-0.538334 -0.144248 0.830295
-0.570654 -0.000000 0.821190
-0.570654 -0.000000 0.821190
-1.000000 -0.000000 0.000000
-0.965926 -0.258820 0.000001
-0.538334 -0.144248 0.830295
0.417740 0.111933 0.901645
0.444757 0.000000 0.895651
0.444757 0.000000 0.895651
-0.570654 -0.000000 0.821190
-0.538334 -0.144248 0.830295
0.417740 0.111933 0.901645
0.965926 0.258819 0.000001
1.000000 0.000000 0.000001
1.000000 0.000000 0.000001
0.444757 0.000000 0.895651
0.417740 0.111933 0.901645
0.965926 0.258819 0.000001
0.417741 0.111933 -0.901645
0.444758 0.000000 -0.895651
0.444758 0.000000 -0.895651
1.000000 0.000000 0.000001
0.965926 0.258819 0.000001
0.417741 0.111933 -0.901645
-0.538334 -0.144247 -0.830295
-0.570655 -0.000000 -0.821190
-0.570655 -0.000000 -0.821190
0.444758 0.000000 -0.895651
0.417741 0.111933 -0.901645
-0.538334 -0.144247 -0.830295
-0.965926 -0.258820 0.000001
-1.000000 -0.000000 0.000000
-1.000000 -0.000000 0.000000
-0.570655 -0.000000 -0.821190
-0.538334 -0.144247 -0.830295
1.000000 0.000000 0.000001
0.570657 0.000000 0.821189
0.538334 -0.144246 0.830295
0.538334 -0.144246 0.830295
0.965926 -0.258819 0.000000
1.000000 0.000000 0.000001
0.570657 0.000000 0.821189
-0.444758 -0.000000 0.895651
-0.417740 0.111933 0.901645
-0.417740 0.111933 0.901645
0.538334 -0.144246 0.830295
0.570657 0.000000 0.821189
-0.444758 -0.000000 0.895651
-1.000000 -0.000000 -0.000000
-0.965926 0.258818 0.000002
-0.965926 0.258818 0.000002
-0.417740 0.111933 0.901645
-0.444758 -0.000000 0.895651
-1.000000 -0.000000 -0.000000
-0.444757 -0.000000 -0.895651
-0.417740 0.111934 -0.901645
-0.417740 0.111934 -0.901645
-0.965926 0.258818 0.000002
-1.000000 -0.000000 -0.000000
-0.444757 -0.000000 -0.895651
0.570658 0.000000 -0.821188
0.538334 -0.144246 -0.830295
0.538334 -0.144246 -0.830295
-0.417740 0.111934 -0.901645
-0.444757 -0.000000 -0.895651
0.570658 0.000000 -0.821188
1.000000 0.000000 0.000001
0.965926 -0.258819 0.000000
0.965926 -0.258819 0.000000
0.538334 -0.144246 -0.830295
0.570658 0.000000 -0.821188
0.965926 -0.258819 0.000000
0.538334 -0.144246 0.830295
0.394088 -0.394088 0.830295
0.394088 -0.394088 0.830295
0.707107 -0.707106 0.000000
0.965926 -0.258819 0.000000
0.538334 -0.144246 0.830295
-0.417740 0.111933 0.901645
-0.305808 0.305808 0.901645
-0.305808 0.305808 0.901645
0.394088 -0.394088 0.830295
0.538334 -0.144246 0.830295
-0.417740 0.111933 0.901645
-0.965926 0.258818 0.000002
-0.707106 0.707107 0.000000
-0.707106 0.707107 0.000000
-0.305808 0.305808 0.901645
-0.417740 0.111933 0.901645
-0.965926 0.258818 0.000002
-0.417740 0.111934 -0.901645
-0.305809 0.305808 -0.901644
-0.305809 0.305808 -0.901644
-0.707106 0.707107 0.000000
-0.965926 0.258818 0.000002
-0.417740 0.111934 -0.901645
0.538334 -0.144246 -0.830295
0.394088 -0.394088 -0.830294
0.394088 -0.394088 -0.830294
-0.305809 0.305808 -0.901644
-0.417740 0.111934 -0.901645
0.538334 -0.144246 -0.830295
0.965926 -0.258819 0.000000
0.707107 -0.707106 0.000000
0.707107 -0.707106 0.000000
0.394088 -0.394088 -0.830294
0.538334 -0.144246 -0.830295
0.707107 -0.707106 0.000000
0.394088 -0.394088 0.830295
0.144247 -0.538335 0.830294
0.144247 -0.538335 0.830294
0.258819 -0.965926 0.000000
0.707107 -0.707106 0.000000
0.394088 -0.394088 0.830295
-0.305808 0.305808 0.901645
-0.111933 0.417739 0.901646
-0.111933 0.417739 0.901646
0.144247 -0.538335 0.830294
0.394088 -0.394088 0.830295
-0.305808 0.305808 0.901645
-0.707106 0.707107 0.000000
-0.258819 0.965926 -0.000000
-0.258819 0.965926 -0.000000
-0.111933 0.417739 0.901646
-0.305808 0.305808 0.901645
-0.707106 0.707107 0.000000
-0.305809 0.305808 -0.901644
-0.111933 0.417740 -0.901645
-0.111933 0.417740 -0.901645
-0.258819 0.965926 -0.000000
-0.707106 0.707107 0.000000
-0.305809 0.305808 -0.901644
0.394088 -0.394088 -0.830294
0.144247 -0.538335 -0.830294
0.144247 -0.538335 -0.830294
-0.111933 0.417740 -0.901645
-0.305809 0.305808 -0.901644
0.394088 -0.394088 -0.830294
0.707107 -0.707106 0.000000
0.258819 -0.965926 0.000000
0.258819 -0.965926 0.000000
0.144247 -0.538335 -0.830294
0.394088 -0.394088 -0.830294
0.258819 -0.965926 0.000000
0.144247 -0.538335 0.830294
-0.144245 -0.538333 0.830296
-0.144245 -0.538333 0.830296
-0.258820 -0.965926 0.000000
0.258819 -0.965926 0.000000
0.144247 -0.538335 0.830294
-0.111933 0.417739 0.901646
0.111933 0.417742 0.901645
0.111933 0.417742 0.901645
-0.144245 -0.538333 0.830296
0.144247 -0.538335 0.830294
-0.111933 0.417739 0.901646
-0.258819 0.965926 -0.000000
0.258818 0.965926 -0.000000
0.258818 0.965926 -0.000000
0.111933 0.417742 0.901645
-0.111933 0.417739 0.901646
-0.258819 0.965926 -0.000000
-0.111933 0.417740 -0.901645
0.111932 0.417743 -0.901644
0.111932 0.417743 -0.901644
0.258818 0.965926 -0.000000
-0.258819 0.965926 -0.000000
-0.111933 0.417740 -0.901645
0.144247 -0.538335 -0.830294
-0.144246 -0.538334 -0.830295
-0.144246 -0.538334 -0.830295
0.111932 0.417743 -0.901644
-0.111933 0.417740 -0.901645
0.144247 -0.538335 -0.830294
0.258819 -0.965926 0.000000
-0.258820 -0.965926 0.000000
-0.258820 -0.965926 0.000000
-0.144246 -0.538334 -0.830295
0.144247 -0.538335 -0.830294
-0.258820 -0.965926 0.000000
-0.144245 -0.538333 0.830296
-0.394089 -0.394089 0.830294
-0.394089 -0.394089 0.830294
-0.707106 -0.707108 0.000000
-0.258820 -0.965926 0.000000
-0.144245 -0.538333 0.830296
0.111933 0.417742 0.901645
0.305804 0.305806 0.901647
0.305804 0.305806 0.901647
-0.394089 -0.394089 0.830294
-0.144245 -0.538333 0.830296
0.111933 0.417742 0.901645
0.258818 0.965926 -0.000000
0.707107 0.707107 0.000000
0.707107 0.707107 0.000000
0.305804 0.305806 0.901647
0.111933 0.417742 0.901645
0.258818 0.965926 -0.000000
0.111932 0.417743 -0.901644
0.305805 0.305806 -0.901646
0.305805 0.305806 -0.901646
0.707107 0.707107 0.000000
0.258818 0.965926 -0.000000
0.111932 0.417743 -0.901644
-0.144246 -0.538334 -0.830295
-0.394089 -0.394091 -0.830293
-0.394089 -0.394091 -0.830293
0.305805 0.305806 -0.901646
0.111932 0.417743 -0.901644
-0.144246 -0.538334 -0.830295
-0.258820 -0.965926 0.000000
-0.707106 -0.707108 0.000000
-0.707106 -0.707108 0.000000
-0.394089 -0.394091 -0.830293
-0.144246 -0.538334 -0.830295
-0.707106 -0.707108 0.000000
-0.394089 -0.394089 0.830294
-0.538334 -0.144248 0.830295
-0.538334 -0.144248 0.830295
-0.965926 -0.258820 0.000001
-0.707106 -0.707108 0.000000
-0.394089 -0.394089 0.830294
0.305804 0.305806 0.901647
0.417740 0.111933 0.901645
0.417740 0.111933 0.901645
-0.538334 -0.144248 0.830295
-0.394089 -0.394089 0.830294
0.305804 0.305806 0.901647
0.707107 0.707107 0.000000
0.965926 0.258819 0.000001
0.965926 0.258819 0.000001
0.417740 0.111933 0.901645
0.305804 0.305806 0.901647
0.707107 0.707107 0.000000
0.305805 0.305806 -0.901646
0.417741 0.111933 -0.901645
0.417741 0.111933 -0.901645
0.965926 0.258819 0.000001
0.707107 0.707107 0.000000
0.305805 0.305806 -0.901646
-0.394089 -0.394091 -0.830293
-0.538334 -0.144247 -0.830295
-0.538334 -0.144247 -0.830295
0.417741 0.111933 -0.901645
0.305805 0.305806 -0.901646
-0.394089 -0.394091 -0.830293
-0.707106 -0.707108 0.000000
-0.965926 -0.258820 0.000001
-0.965926 -0.258820 0.000001
-0.538334 -0.144247 -0.830295
-0.394089 -0.394091 -0.830293
-0.965926 0.258820 0.000001
-1.000000 0.000000 0.000000
-0.570654 0.000000 0.821190
-0.570654 0.000000 0.821190
-0.538334 0.144248 0.830295
-0.965926 0.258820 0.000001
-0.538334 0.144248 0.830295
-0.570654 0.000000 0.821190
0.444757 -0.000000 0.895651
0.444757 -0.000000 0.895651
0.417740 -0.111933 0.901645
-0.538334 0.144248 0.830295
0.417740 -0.111933 0.901645
0.444757 -0.000000 0.895651
1.000000 -0.000000 0.000001
1.000000 -0.000000 0.000001
0.965926 -0.258819 0.000001
0.417740 -0.111933 0.901645
0.965926 -0.258819 0.000001
1.000000 -0.000000 0.000001
0.444758 -0.000000 -0.895651
0.444758 -0.000000 -0.895651
0.417741 -0.111933 -0.901645
0.965926 -0.258819 0.000001
0.417741 -0.111933 -0.901645
0.444758 -0.000000 -0.895651
-0.570655 0.000000 -0.821190
-0.570655 0.000000 -0.821190
-0.538334 0.144247 -0.830295
0.417741 -0.111933 -0.901645
-0.538334 0.144247 -0.830295
-0.570655 0.000000 -0.821190
-1.000000 0.000000 0.000000
-1.000000 0.000000 0.000000
-0.965926 0.258820 0.000001
-0.538334 0.144247 -0.830295
1.000000 -0.000000 0.000001
0.965926 0.258819 0.000000
0.538334 0.144246 0.830295
0.538334 0.144246 0.830295
0.570657 -0.000000 0.821189
1.000000 -0.000000 0.000001
0.570657 -0.000000 0.821189
0.538334 0.144246 0.830295
-0.417740 -0.111933 0.901645
-0.417740 -0.111933 0.901645
-0.444758 0.000000 0.895651
0.570657 -0.000000 0.821189
-0.444758 0.000000 0.895651
-0.417740 -0.111933 0.901645
-0.965926 -0.258818 0.000002
-0.965926 -0.258818 0.000002
-1.000000 0.000000 -0.000000
-0.444758 0.000000 0.895651
-1.000000 0.000000 -0.000000
-0.965926 -0.258818 0.000002
-0.417740 -0.111934 -0.901645
-0.417740 -0.111934 -0.901645
-0.444757 0.000000 -0.895651
-1.000000 0.000000 -0.000000
-0.444757 0.000000 -0.895651
-0.417740 -0.111934 -0.901645
0.538334 0.144246 -0.830295
0.538334 0.144246 -0.830295
0.570658 -0.000000 -0.821188
-0.444757 0.000000 -0.895651
0.570658 -0.000000 -0.821188
0.538334 0.144246 -0.830295
0.965926 0.258819 0.000000
0.965926 0.258819 0.000000
1.000000 -0.000000 0.000001
0.570658 -0.000000 -0.821188
0.965926 0.258819 0.000000
0.707107 0.707106 0.000000
0.394088 0.394088 0.830295
0.394088 0.394088 0.830295
0.538334 0.144246 0.830295
0.965926 0.258819 0.000000
0.538334 0.144246 0.830295
0.394088 0.394088 0.830295
-0.305808 -0.305808 0.901644
-0.305808 -0.305808 0.901644
-0.417740 -0.111933 0.901645
0.538334 0.144246 0.830295
-0.417740 -0.111933 0.901645
-0.305808 -0.305808 0.901644
-0.707106 -0.707107 0.000000
-0.707106 -0.707107 0.000000
-0.965926 -0.258818 0.000002
-0.417740 -0.111933 0.901645
-0.965926 -0.258818 0.000002
-0.707106 -0.707107 0.000000
-0.305809 -0.305808 -0.901644
-0.305809 -0.305808 -0.901644
-0.417740 -0.111934 -0.901645
-0.965926 -0.258818 0.000002
-0.417740 -0.111934 -0.901645
-0.305809 -0.305808 -0.901644
0.394088 0.394088 -0.830294
0.394088 0.394088 -0.830294
0.538334 0.144246 -0.830295
-0.417740 -0.111934 -0.901645
0.538334 0.144246 -0.830295
0.394088 0.394088 -0.830294
0.707107 0.707106 0.000000
0.707107 0.707106 0.000000
0.965926 0.258819 0.000000
0.538334 0.144246 -0.830295
0.707107 0.707106 0.000000
0.258819 0.965926 0.000000
0.144247 0.538335 0.830294
0.144247 0.538335 0.830294
0.394088 0.394088 0.830295
0.707107 0.707106 0.000000
0.394088 0.394088 0.830295
0.144247 0.538335 0.830294
-0.111933 -0.417739 0.901646
-0.111933 -0.417739 0.901646
-0.305808 -0.305808 0.901644
0.394088 0.394088 0.830295
-0.305808 -0.305808 0.901644
-0.111933 -0.417739 0.901646
-0.258819 -0.965926 -0.000000
-0.258819 -0.965926 -0.000000
-0.707106 -0.707107 0.000000
-0.305808 -0.305808 0.901644
-0.707106 -0.707107 0.000000
-0.258819 -0.965926 -0.000000
-0.111933 -0.417740 -0.901645
-0.111933 -0.417740 -0.901645
-0.305809 -0.305808 -0.901644
-0.707106 -0.707107 0.000000
-0.305809 -0.305808 -0.901644
-0.111933 -0.417740 -0.901645
0.144247 0.538335 -0.830294
0.144247 0.538335 -0.830294
0.394088 0.394088 -0.830294
-0.305809 -0.305808 -0.901644
0.394088 0.394088 -0.830294
0.144247 0.538335 -0.830294
0.258819 0.965926 0.000000
0.258819 0.965926 0.000000
0.707107 0.707106 0.000000
0.394088 0.394088 -0.830294
0.258819 0.965926 0.000000
-0.258820 0.965926 0.000000
-0.144245 0.538333 0.830296
-0.144245 0.538333 0.830296
0.144247 0.538335 0.830294
0.258819 0.965926 0.000000
0.144247 0.538335 0.830294
-0.144245 0.538333 0.830296
0.111933 -0.417742 0.901645
0.111933 -0.417742 0.901645
-0.111933 -0.417739 0.901646
0.144247 0.538335 0.830294
-0.111933 -0.417739 0.901646
0.111933 -0.417742 0.901645
0.258818 -0.965926 -0.000000
0.258818 -0.965926 -0.000000
-0.258819 -0.965926 -0.000000
-0.111933 -0.417739 0.901646
-0.258819 -0.965926 -0.000000
0.258818 -0.965926 -0.000000
0.111932 -0.417743 -0.901644
0.111932 -0.417743 -0.901644
-0.111933 -0.417740 -0.901645
-0.258819 -0.965926 -0.000000
-0.111933 -0.417740 -0.901645
0.111932 -0.417743 -0.901644
-0.144246 0.538334 -0.830295
-0.144246 0.538334 -0.830295
0.144247 0.538335 -0.830294
-0.111933 -0.417740 -0.901645
0.144247 0.538335 -0.830294
-0.144246 0.538334 -0.830295
-0.258820 0.965926 0.000000
-0.258820 0.965926 0.000000
0.258819 0.965926 0.000000
0.144247 0.538335 -0.830294
-0.258820 0.965926 0.000000
-0.707106 0.707108 0.000000
-0.394089 0.394089 0.830294
-0.394089 0.394089 0.830294
-0.144245 0.538333 0.830296
-0.258820 0.965926 0.000000
-0.144245 0.538333 0.830296
-0.394089 0.394089 0.830294
0.305804 -0.305806 0.901647
0.305804 -0.305806 0.901647
0.111933 -0.417742 0.901645
-0.144245 0.538333 0.830296
0.111933 -0.417742 0.901645
0.305804 -0.305806 0.901647
0.707107 -0.707107 0.000000
0.707107 -0.707107 0.000000
0.258818 -0.965926 -0.000000
0.111933 -0.417742 0.901645
0.258818 -0.965926 -0.000000
0.707107 -0.707107 0.000000
0.305805 -0.305806 -0.901646
0.305805 -0.305806 -0.901646
0.111932 -0.417743 -0.901644
0.258818 -0.965926 -0.000000
0.111932 -0.417743 -0.901644
0.305805 -0.305806 -0.901646
-0.394089 0.394091 -0.830293
-0.394089 0.394091 -0.830293
-0.144246 0.538334 -0.830295
0.111932 -0.417743 -0.901644
-0.144246 0.538334 -0.830295
-0.394089 0.394091 -0.830293
-0.707106 0.707108 0.000000
-0.707106 0.707108 0.000000
-0.258820 0.965926 0.000000
-0.144246 0.538334 -0.830295
-0.707106 0.707108 0.000000
-0.965926 0.258820 0.000001
-0.538334 0.144248 0.830295
-0.538334 0.144248 0.830295
-0.394089 0.394089 0.830294
-0.707106 0.707108 0.000000
-0.394089 0.394089 0.830294
-0.538334 0.144248 0.830295
0.417740 -0.111933 0.901645
0.417740 -0.111933 0.901645
0.305804 -0.305806 0.901647
-0.394089 0.394089 0.830294
0.305804 -0.305806 0.901647
0.417740 -0.111933 0.901645
0.965926 -0.258819 0.000001
0.965926 -0.258819 0.000001
0.707107 -0.707107 0.000000
0.305804 -0.305806 0.901647
0.707107 -0.707107 0.000000
0.965926 -0.258819 0.000001
0.417741 -0.111933 -0.901645
0.417741 -0.111933 -0.901645
0.305805 -0.305806 -0.901646
0.707107 -0.707107 0.000000
0.305805 -0.305806 -0.901646
0.417741 -0.111933 -0.901645
-0.538334 0.144247 -0.830295
-0.538334 0.144247 -0.830295
-0.394089 0.394091 -0.830293
0.305805 -0.305806 -0.901646
-0.394089 0.394091 -0.830293
-0.538334 0.144247 -0.830295
-0.965926 0.258820 0.000001
-0.965926 0.258820 0.000001
-0.707106 0.707108 0.000000
-0.394089 0.394091 -0.830293
</float_array>
          <technique_common>
            <accessor source="#AmmCanLarge-Normal0-array" count="7872" stride="3">
              <param name="X" type="float"/>
              <param name="Y" type="float"/>
              <param name="Z" type="float"/>
            </accessor>
          </technique_common>
        </source>
        <source id="AmmCanLarge-UV0">
          <float_array id="AmmCanLarge-UV0-array" count="4892">
0.180059 0.005000
0.824179 0.005000
0.824179 0.398847
0.180059 0.398847
0.014466 0.691419
0.843985 0.005000
0.998912 0.005000
0.998912 0.398847
0.843985 0.398847
0.014797 0.688533
0.344845 0.846424
0.160203 0.398847
0.015511 0.686491
0.160203 0.005000
0.016490 0.685125
0.163953 0.005000
0.017849 0.684119
0.163953 0.398847
0.019767 0.682586
0.167180 0.005000
0.023078 0.681760
0.167180 0.398847
0.170113 0.005000
0.666849 0.681657
0.170113 0.398847
0.669941 0.682580
0.827938 0.005000
0.671852 0.684125
0.827938 0.398847
0.673208 0.685136
0.831167 0.005000
0.831167 0.398847
0.674183 0.686504
0.674894 0.688547
0.675240 0.691782
0.675230 0.846318
0.014461 0.846299
0.022635 0.677321
0.667113 0.677276
0.009045 0.846248
0.009052 0.691211
0.680151 0.687267
0.680633 0.691244
0.678963 0.683960
0.677077 0.681336
0.018538 0.677995
0.015241 0.679338
0.012649 0.681294
0.671215 0.677997
0.834093 0.005000
0.834093 0.398847
0.176292 0.398847
0.176292 0.005000
0.173050 0.398847
0.674500 0.679366
0.009546 0.687223
0.173050 0.005000
0.840238 0.398847
0.840238 0.005000
0.837017 0.398847
0.837017 0.005000
0.010747 0.683914
0.680645 0.846272
0.005274 0.005000
0.005274 0.398847
0.338047 0.924716
0.338047 0.922885
0.479747 0.922886
0.479747 0.924716
0.338047 0.921055
0.479747 0.921055
0.338047 0.919225
0.479747 0.919225
0.338047 0.939360
0.479747 0.939360
0.338047 0.937530
0.479747 0.937530
0.338047 0.935699
0.479747 0.935699
0.338047 0.933869
0.479747 0.933869
0.338047 0.932038
0.479747 0.932038
0.338047 0.930208
0.479747 0.930208
0.338047 0.928378
0.479747 0.928378
0.338047 0.926547
0.479747 0.926547
0.338047 0.941190
0.479747 0.941190
0.002887 0.873835
0.001945 0.872266
0.001913 0.870436
0.002800 0.868836
0.004369 0.867893
0.006199 0.867861
0.007799 0.868748
0.008742 0.870317
0.008774 0.872147
0.007887 0.873748
0.006318 0.874691
0.004488 0.874722
1.180059 0.005000
1.824179 0.005000
1.824179 0.398847
1.180059 0.398847
1.843985 0.005000
1.998912 0.005000
1.998912 0.398847
1.843985 0.398847
1.160203 0.398847
1.160203 0.005000
1.163953 0.005000
1.163953 0.398847
1.167180 0.005000
1.167180 0.398847
1.170113 0.005000
1.170113 0.398847
1.827938 0.005000
1.827938 0.398847
1.831167 0.005000
1.831167 0.398847
1.834093 0.005000
1.834093 0.398847
1.176292 0.398847
1.176292 0.005000
1.173050 0.398847
1.173050 0.005000
1.840238 0.398847
1.840238 0.005000
1.837017 0.398847
1.837017 0.005000
1.005274 0.005000
1.005274 0.398847
1.014466 0.691419
1.014797 0.688533
1.344845 0.846424
1.015511 0.686491
1.016490 0.685125
1.017849 0.684119
1.019767 0.682586
1.023078 0.681760
1.666849 0.681657
1.669941 0.682580
1.671852 0.684125
1.673208 0.685136
1.674183 0.686504
1.674894 0.688547
1.675240 0.691782
1.675230 0.846318
1.014461 0.846299
1.022635 0.677321
1.667113 0.677276
1.009045 0.846248
1.009052 0.691211
1.680151 0.687267
1.680633 0.691244
1.678963 0.683960
1.677077 0.681336
1.018538 0.677995
1.015241 0.679338
1.012649 0.681294
1.671215 0.677997
1.674500 0.679366
1.009546 0.687223
1.010747 0.683914
1.680645 0.846272
1.338047 0.924716
1.338047 0.922885
1.479747 0.922886
1.479747 0.924716
1.338047 0.921055
1.479747 0.921055
1.338047 0.919225
1.479747 0.919225
1.338047 0.941190
1.338047 0.939360
1.479747 0.939360
1.479747 0.941190
1.338047 0.937530
1.479747 0.937530
1.338047 0.935699
1.479747 0.935699
1.338047 0.933869
1.479747 0.933869
1.338047 0.932038
1.479747 0.932038
1.338047 0.930208
1.479747 0.930208
1.338047 0.928378
1.479747 0.928378
1.338047 0.926547
1.479747 0.926547
1.002887 0.873835
1.001945 0.872266
1.001913 0.870436
1.002800 0.868836
1.004369 0.867893
1.006199 0.867861
1.007800 0.868748
1.008742 0.870317
1.008774 0.872147
1.007887 0.873748
1.006318 0.874691
1.004488 0.874722
0.943117 0.908036
0.320971 0.971154
0.320161 0.960822
0.322360 0.960748
0.323140 0.970788
0.333043 0.980026
0.338159 0.969769
0.356294 0.968982
0.943117 0.951986
0.941023 0.951986
0.941023 0.908036
0.899928 0.957273
0.855978 0.957273
0.855978 0.955178
0.899928 0.955178
0.938927 0.951986
0.938927 0.908036
0.855978 0.953083
0.899928 0.953083
0.936831 0.951986
0.936831 0.908036
0.486028 0.972964
0.487520 0.971485
0.490491 0.975974
0.489464 0.970690
0.491565 0.970699
0.493502 0.971511
0.494980 0.973003
0.495776 0.974947
0.495767 0.977048
0.494954 0.978985
0.493463 0.980464
0.491518 0.981259
0.855978 0.950987
0.899928 0.950987
0.934734 0.951986
0.934734 0.908036
0.855978 0.948890
0.899928 0.948890
0.932636 0.951986
0.932636 0.908035
0.855978 0.946792
0.899928 0.946792
0.930537 0.951986
0.930537 0.908035
0.855978 0.944694
0.899928 0.944694
0.928437 0.951986
0.928437 0.908035
0.855978 0.942594
0.899928 0.942594
0.926337 0.951986
0.926337 0.908035
0.855978 0.940494
0.899928 0.940494
0.951499 0.908035
0.951499 0.951986
0.949402 0.951986
0.949402 0.908035
0.899928 0.965655
0.532845 0.950134
0.544916 0.956087
0.973329 0.832884
0.855978 0.965655
0.546395 0.957578
0.855978 0.963558
0.899928 0.963558
0.541906 0.960550
0.947306 0.951986
0.947306 0.908036
0.855978 0.961462
0.899928 0.961462
0.945211 0.951986
0.945212 0.908036
0.855978 0.959367
0.899928 0.959367
0.899928 0.967753
0.899928 0.969852
0.855978 0.969852
0.855978 0.967753
0.953597 0.908035
0.489418 0.981250
0.531353 0.951613
0.955695 0.908035
0.547190 0.959523
0.955695 0.951986
0.974821 0.831405
0.953597 0.951986
0.957795 0.951986
0.957795 0.908035
0.479282 0.982670
0.332811 0.982557
0.479283 0.980113
0.459866 0.951541
0.407967 0.950887
0.411405 0.949021
0.455931 0.949529
0.322319 0.955063
0.320227 0.954892
0.320550 0.953260
0.322051 0.953481
0.323757 0.973594
0.321652 0.974285
0.324731 0.975793
0.322791 0.976926
0.326057 0.977495
0.324419 0.979077
0.329358 0.981931
0.330063 0.979647
0.326582 0.980757
0.327792 0.978777
0.380444 0.957350
0.367857 0.951239
0.454861 0.947382
0.412273 0.947405
0.412012 0.946489
0.455229 0.946212
0.364145 0.949536
0.363115 0.947874
0.321833 0.951857
0.321740 0.950882
0.363308 0.946917
0.365082 0.947673
0.368355 0.948751
0.407393 0.948560
0.410386 0.947340
0.457248 0.947450
0.460612 0.948964
0.479619 0.952408
0.479747 0.950134
0.479405 0.958295
0.343083 0.959338
0.320921 0.951692
0.547181 0.961623
0.855979 0.971951
0.899928 0.971951
0.528381 0.947124
0.529409 0.952409
0.527308 0.952399
0.525371 0.951587
0.523892 0.950095
0.523097 0.948151
0.523106 0.946051
0.523918 0.944114
0.525410 0.942635
0.527354 0.941839
0.529454 0.941849
0.531392 0.942661
0.532870 0.944153
0.533666 0.946097
0.533657 0.948197
0.977792 0.835894
0.976765 0.830609
0.978865 0.830619
0.980802 0.831431
0.982281 0.832923
0.983077 0.834867
0.983068 0.836967
0.982255 0.838904
0.980763 0.840383
0.978819 0.841179
0.976719 0.841169
0.974782 0.840357
0.973303 0.838865
0.972508 0.836921
0.972517 0.834821
0.487481 0.980437
0.486002 0.978946
0.485207 0.977002
0.485216 0.974901
0.546369 0.963560
0.544877 0.965039
0.542933 0.965834
0.540832 0.965825
0.538895 0.965013
0.537416 0.963521
0.536621 0.961577
0.536630 0.959477
0.537442 0.957539
0.538934 0.956061
0.540878 0.955265
0.542979 0.955274
0.959895 0.951986
0.959895 0.908035
0.855978 0.974051
0.899928 0.974051
1.943117 0.908036
1.943117 0.951986
1.941023 0.951986
1.941023 0.908036
1.899928 0.957273
1.855978 0.957273
1.855978 0.955178
1.899928 0.955178
1.938927 0.951986
1.938927 0.908036
1.855978 0.953083
1.899928 0.953083
1.936831 0.951986
1.936831 0.908036
1.855978 0.950987
1.899928 0.950987
1.934734 0.951986
1.934734 0.908036
1.855978 0.948890
1.899928 0.948890
1.932636 0.951986
1.932636 0.908035
1.855978 0.946792
1.899928 0.946792
1.930537 0.951986
1.930537 0.908035
1.855978 0.944694
1.899928 0.944694
1.928437 0.951986
1.928437 0.908035
1.855978 0.942594
1.899928 0.942594
1.926337 0.951986
1.926337 0.908035
1.855978 0.940494
1.899928 0.940494
1.951499 0.908035
1.951499 0.951986
1.949402 0.951986
1.949402 0.908035
1.899928 0.965655
1.855978 0.965655
1.855978 0.963558
1.899928 0.963558
1.947306 0.951986
1.947306 0.908036
1.855978 0.961462
1.899928 0.961462
1.945211 0.951986
1.945212 0.908036
1.855978 0.959367
1.899928 0.959367
1.486028 0.972964
1.487520 0.971485
1.490491 0.975974
1.489464 0.970690
1.491565 0.970699
1.493502 0.971511
1.494980 0.973003
1.495776 0.974947
1.495767 0.977048
1.494954 0.978985
1.493463 0.980464
1.491518 0.981259
1.489418 0.981250
1.487481 0.980437
1.486002 0.978946
1.485207 0.977002
1.485216 0.974901
1.532845 0.950134
1.531353 0.951613
1.528381 0.947124
1.529408 0.952409
1.527308 0.952399
1.525371 0.951587
1.523892 0.950095
1.523097 0.948151
1.523106 0.946051
1.523918 0.944114
1.525410 0.942635
1.527354 0.941839
1.529454 0.941849
1.531392 0.942661
1.532870 0.944153
1.533666 0.946097
1.533657 0.948197
1.544916 0.956087
1.546395 0.957578
1.541906 0.960550
1.547190 0.959523
1.547181 0.961623
1.546369 0.963560
1.544877 0.965039
1.542933 0.965834
1.540832 0.965825
1.538895 0.965013
1.537416 0.963521
1.536621 0.961577
1.536630 0.959477
1.537442 0.957539
1.538934 0.956061
1.540878 0.955265
1.542979 0.955274
1.973329 0.832884
1.974821 0.831405
1.977792 0.835894
1.976765 0.830609
1.978865 0.830619
1.980802 0.831431
1.982281 0.832923
1.983077 0.834867
1.983068 0.836967
1.982255 0.838904
1.980763 0.840383
1.978819 0.841179
1.976719 0.841169
1.974782 0.840357
1.973303 0.838865
1.972507 0.836921
1.972517 0.834821
1.899928 0.967753
1.899928 0.969852
1.855978 0.969852
1.855978 0.967753
1.953597 0.908035
1.955695 0.908035
1.955695 0.951986
1.953597 0.951986
1.957795 0.951986
1.957795 0.908035
1.855979 0.971951
1.899928 0.971951
1.899928 0.974051
1.855978 0.974051
1.959895 0.908035
1.959895 0.951986
1.320971 0.971154
1.320161 0.960822
1.322360 0.960748
1.323140 0.970788
1.333043 0.980026
1.338159 0.969769
1.356294 0.968982
1.479282 0.982670
1.332811 0.982557
1.479283 0.980113
1.459866 0.951541
1.407967 0.950887
1.411405 0.949021
1.455931 0.949529
1.322319 0.955063
1.320227 0.954892
1.320550 0.953260
1.322051 0.953481
1.323757 0.973594
1.321652 0.974285
1.324731 0.975793
1.322791 0.976926
1.326057 0.977495
1.324419 0.979077
1.329358 0.981931
1.330063 0.979647
1.326582 0.980757
1.327792 0.978777
1.380444 0.957350
1.367857 0.951239
1.454861 0.947382
1.412273 0.947405
1.412012 0.946489
1.455229 0.946212
1.364145 0.949536
1.363115 0.947874
1.321833 0.951857
1.321740 0.950882
1.363308 0.946917
1.365082 0.947673
1.368355 0.948751
1.407393 0.948560
1.410386 0.947340
1.457248 0.947450
1.460612 0.948964
1.479619 0.952408
1.479747 0.950134
1.320921 0.951692
1.479405 0.958295
1.343083 0.959338
0.031465 0.659211
0.031054 0.661271
0.026083 0.659209
0.848689 0.483125
0.848689 0.515032
0.846588 0.515032
0.846588 0.483125
0.844487 0.515032
0.844487 0.483125
0.029887 0.663017
0.028140 0.664183
0.026083 0.664592
0.024019 0.664182
0.022273 0.663014
0.021107 0.661267
0.020698 0.659206
0.021109 0.657146
0.022277 0.655400
0.024024 0.654234
0.026083 0.653825
0.028144 0.654236
0.029890 0.655404
0.031056 0.657151
0.005274 0.633500
0.005688 0.631441
0.010657 0.633513
0.006859 0.629697
0.842386 0.515032
0.842386 0.483125
0.833982 0.483126
0.833982 0.515034
0.831881 0.515034
0.831880 0.483127
0.829779 0.515034
0.829779 0.483127
0.827677 0.515035
0.827677 0.483127
0.825575 0.515035
0.008608 0.628533
0.010670 0.628129
0.825575 0.483128
0.012730 0.628545
0.836083 0.483126
0.014473 0.629717
0.838184 0.483125
0.838184 0.515033
0.836083 0.515033
0.840285 0.515032
0.840285 0.483125
0.840264 0.427128
0.015636 0.631466
0.016040 0.633528
0.015625 0.635587
0.014453 0.637330
0.012704 0.638492
0.838165 0.427129
0.010643 0.638897
0.838164 0.411175
0.840264 0.411174
0.819650 0.515036
0.819650 0.483128
0.008584 0.638481
0.006840 0.637310
0.005678 0.635561
0.005275 0.565670
0.005679 0.563609
0.518085 0.957555
0.487472 0.957660
0.819648 0.427142
0.819650 0.561776
0.010658 0.565658
0.006842 0.561860
0.487465 0.955371
0.805000 0.561776
0.802806 0.561776
0.800462 0.561776
0.769505 0.561777
0.518422 0.955265
0.768495 0.559757
0.518933 0.957756
0.766205 0.411191
0.768493 0.411191
0.766206 0.559757
0.848665 0.411173
0.848665 0.427126
0.846565 0.427126
0.846565 0.411173
0.844464 0.427126
0.844464 0.411173
0.842364 0.427127
0.842364 0.411174
0.833964 0.411178
0.833966 0.427132
0.831867 0.427134
0.831865 0.411180
0.829767 0.427136
0.829767 0.411182
0.827668 0.427138
0.827668 0.411184
0.825569 0.427140
0.825570 0.411186
0.836066 0.427130
0.836064 0.411177
0.819647 0.411188
0.804998 0.411189
0.802804 0.411190
0.800460 0.411190
0.520585 0.956167
0.519364 0.958467
0.521800 0.957994
0.519412 0.972652
0.008586 0.560689
0.010645 0.560274
0.012706 0.560679
0.014455 0.561841
0.015626 0.563585
0.016041 0.565644
0.015636 0.567705
0.014474 0.569455
0.012730 0.570626
0.010670 0.571041
0.008609 0.570637
0.006860 0.569473
0.005689 0.567729
0.031467 0.653287
0.029029 0.653286
0.005286 0.627577
0.007724 0.627579
0.005286 0.571593
0.007724 0.571591
0.029029 0.606547
0.031467 0.606547
0.521850 0.972644
0.485214 0.957668
0.485207 0.955379
1.848689 0.483125
1.848689 0.515032
1.846588 0.515032
1.846588 0.483125
1.844487 0.515032
1.844487 0.483125
1.842386 0.515032
1.842386 0.483125
1.833982 0.483126
1.833982 0.515034
1.831881 0.515034
1.831880 0.483127
1.829779 0.515034
1.829779 0.483127
1.827677 0.515035
1.827677 0.483127
1.825575 0.515035
1.825575 0.483128
1.031465 0.659211
1.031054 0.661271
1.026083 0.659209
1.029887 0.663017
1.028139 0.664183
1.026083 0.664592
1.024019 0.664182
1.022273 0.663014
1.021107 0.661267
1.020698 0.659206
1.021109 0.657146
1.022277 0.655400
1.024024 0.654234
1.026083 0.653825
1.028144 0.654236
1.029890 0.655404
1.031056 0.657151
1.005274 0.633500
1.005688 0.631441
1.010657 0.633513
1.006859 0.629697
1.008608 0.628533
1.010670 0.628129
1.012730 0.628545
1.014473 0.629717
1.015636 0.631466
1.016040 0.633528
1.015625 0.635587
1.014453 0.637330
1.012704 0.638492
1.010643 0.638897
1.008584 0.638481
1.006840 0.637310
1.005678 0.635561
1.005275 0.565670
1.005679 0.563609
1.010658 0.565658
1.006842 0.561860
1.008586 0.560689
1.010645 0.560274
1.012706 0.560679
1.014455 0.561841
1.015626 0.563585
1.016041 0.565644
1.015636 0.567705
1.014474 0.569455
1.012730 0.570626
1.010670 0.571041
1.008609 0.570637
1.006860 0.569473
1.005689 0.567729
1.836083 0.483126
1.838184 0.483125
1.838184 0.515033
1.836083 0.515033
1.840286 0.515032
1.840286 0.483125
1.840264 0.427128
1.838165 0.427129
1.838164 0.411175
1.840264 0.411174
1.031467 0.653287
1.029029 0.653286
1.005286 0.627577
1.007724 0.627579
1.819650 0.515036
1.819650 0.483128
1.005286 0.571593
1.007724 0.571591
1.029029 0.606547
1.031467 0.606547
1.518085 0.957555
1.487472 0.957660
1.487465 0.955371
1.518422 0.955265
1.518933 0.957756
1.520585 0.956167
1.519364 0.958467
1.521800 0.957994
1.519412 0.972652
1.521850 0.972644
1.766206 0.559757
1.766205 0.411191
1.768493 0.411191
1.768495 0.559757
1.800460 0.411190
1.800462 0.561776
1.769505 0.561777
1.485214 0.957668
1.485207 0.955379
1.848665 0.411173
1.848665 0.427126
1.846565 0.427126
1.846565 0.411173
1.844464 0.427126
1.844464 0.411173
1.842364 0.427127
1.842364 0.411174
1.833964 0.411178
1.833966 0.427132
1.831867 0.427134
1.831865 0.411180
1.829767 0.427136
1.829767 0.411182
1.827668 0.427138
1.827668 0.411184
1.825569 0.427140
1.825570 0.411186
1.836066 0.427130
1.836064 0.411177
1.819648 0.427142
1.819647 0.411188
1.804998 0.411189
1.805000 0.561776
1.802806 0.561776
1.802804 0.411190
1.819650 0.561776
0.757761 0.800452
0.851911 0.805197
0.850230 0.824451
0.759820 0.814921
0.749290 0.803449
0.744987 0.799766
0.740495 0.804900
0.732633 0.669948
0.737203 0.670591
0.745348 0.801850
0.749324 0.801193
0.749080 0.799185
0.757694 0.798494
0.852008 0.803339
0.749322 0.667106
0.788588 0.657442
0.696597 0.684515
0.726358 0.670171
0.733383 0.816689
0.710212 0.825581
0.740820 0.669874
0.793979 0.654277
0.796781 0.649206
0.800389 0.639801
0.856656 0.640410
0.803171 0.635856
0.807407 0.634421
0.849982 0.826784
0.758760 0.817118
0.747393 0.805529
0.732832 0.666918
0.737199 0.667630
0.745793 0.804505
0.748529 0.664329
0.787476 0.654827
0.742735 0.806969
0.695333 0.681859
0.725635 0.667435
0.734965 0.818656
0.711392 0.828495
0.739978 0.667122
0.792008 0.652222
0.794563 0.648084
0.798188 0.638583
0.801496 0.633909
0.806907 0.631695
0.856989 0.637708
0.693827 0.684782
0.707443 0.825849
1.757761 0.800452
1.851911 0.805197
1.850230 0.824451
1.759820 0.814921
1.749290 0.803449
1.744987 0.799766
1.740495 0.804900
1.732633 0.669948
1.737203 0.670591
1.745348 0.801850
1.749324 0.801193
1.749080 0.799185
1.757694 0.798494
1.852008 0.803339
1.749322 0.667106
1.788588 0.657442
1.696597 0.684515
1.726358 0.670171
1.733383 0.816689
1.710212 0.825581
1.740820 0.669874
1.793978 0.654277
1.796781 0.649206
1.800389 0.639801
1.856656 0.640410
1.803171 0.635856
1.807407 0.634421
1.849983 0.826784
1.758760 0.817118
1.747393 0.805529
1.732832 0.666918
1.737200 0.667630
1.745793 0.804505
1.748529 0.664329
1.787476 0.654827
1.742735 0.806969
1.695333 0.681859
1.725635 0.667435
1.734965 0.818656
1.711392 0.828495
1.707443 0.825849
1.693827 0.684782
1.739978 0.667122
1.792008 0.652222
1.794563 0.648084
1.798188 0.638583
1.801496 0.633909
1.806907 0.631695
1.856989 0.637708
0.949449 0.685902
0.950116 0.727631
0.945169 0.728442
0.944753 0.685992
0.940217 0.728444
0.940261 0.686043
0.935465 0.727680
0.935777 0.686042
0.930708 0.726936
0.931091 0.686006
0.954883 0.726865
0.954357 0.685812
0.950540 0.808731
0.946085 0.808972
0.941455 0.809445
0.936507 0.809756
0.931518 0.809457
0.955115 0.808767
0.950686 0.819210
0.946905 0.819185
0.942009 0.819156
0.936347 0.819110
0.930550 0.819039
0.954555 0.819251
0.950452 0.829081
0.945968 0.828781
0.941286 0.828172
0.936247 0.827682
0.931255 0.827886
0.954967 0.829088
0.948207 0.894790
0.943287 0.894614
0.938612 0.894441
0.934051 0.894287
0.929488 0.894155
0.953127 0.894941
0.950359 0.551439
0.950359 0.562749
0.946912 0.562888
0.944378 0.552389
0.942701 0.563596
0.938803 0.554485
0.937472 0.565155
0.933588 0.557086
0.932097 0.567039
0.928355 0.559787
0.963245 0.565156
0.967130 0.557088
0.958016 0.563597
0.961916 0.554486
0.953806 0.562888
0.956341 0.552389
0.950359 0.570213
0.947073 0.570245
0.943246 0.570019
0.938297 0.569676
0.932726 0.570002
0.962420 0.569677
0.957471 0.570019
0.953644 0.570246
0.950359 0.579279
0.946269 0.579094
0.942110 0.578638
0.937702 0.578126
0.932789 0.577934
0.963014 0.578126
0.958607 0.578638
0.954448 0.579094
0.950359 0.652648
0.946422 0.652711
0.942237 0.653010
0.937606 0.653372
0.932661 0.653261
0.963111 0.653372
0.958481 0.653010
0.954295 0.652711
0.950359 0.661928
0.946476 0.661824
0.942053 0.661360
0.936975 0.660461
0.931716 0.659365
0.963743 0.660461
0.958665 0.661360
0.954242 0.661824
0.950359 0.676031
0.944582 0.675474
0.939038 0.674275
0.933734 0.672814
0.928328 0.671277
0.966984 0.672813
0.961681 0.674274
0.956137 0.675474
0.959660 0.726823
0.959048 0.685742
0.960110 0.809071
0.959778 0.819328
0.959815 0.828864
0.957932 0.895078
0.968619 0.567041
0.972363 0.559789
0.967990 0.570003
0.967927 0.577934
0.968056 0.653261
0.969002 0.659365
0.972390 0.671276
1.949449 0.685902
1.950116 0.727631
1.945169 0.728442
1.944753 0.685992
1.940217 0.728444
1.940261 0.686043
1.935465 0.727680
1.935777 0.686042
1.930708 0.726936
1.931092 0.686006
1.959048 0.685742
1.959660 0.726823
1.954883 0.726865
1.954357 0.685812
1.950540 0.808731
1.946085 0.808972
1.941455 0.809445
1.936507 0.809756
1.931518 0.809457
1.960110 0.809071
1.955115 0.808767
1.950686 0.819210
1.946905 0.819185
1.942009 0.819156
1.936347 0.819110
1.930550 0.819039
1.959778 0.819328
1.954555 0.819251
1.950452 0.829081
1.945968 0.828781
1.941286 0.828172
1.936247 0.827682
1.931255 0.827886
1.959815 0.828864
1.954967 0.829088
1.948207 0.894790
1.943287 0.894614
1.938612 0.894441
1.934051 0.894287
1.929488 0.894155
1.957932 0.895078
1.953127 0.894941
1.950359 0.551439
1.950359 0.562749
1.946912 0.562888
1.944378 0.552389
1.942701 0.563596
1.938803 0.554485
1.937472 0.565155
1.933588 0.557086
1.932097 0.567039
1.928355 0.559787
1.972363 0.559789
1.968619 0.567041
1.963245 0.565156
1.967130 0.557088
1.958016 0.563597
1.961916 0.554486
1.953806 0.562888
1.956341 0.552389
1.950359 0.570213
1.947073 0.570245
1.943246 0.570019
1.938297 0.569676
1.932726 0.570002
1.967990 0.570003
1.962420 0.569677
1.957471 0.570019
1.953644 0.570246
1.950359 0.579279
1.946269 0.579094
1.942110 0.578638
1.937702 0.578126
1.932789 0.577934
1.967927 0.577934
1.963014 0.578126
1.958607 0.578638
1.954448 0.579094
1.950359 0.652648
1.946422 0.652711
1.942237 0.653010
1.937606 0.653372
1.932662 0.653261
1.968056 0.653261
1.963111 0.653372
1.958481 0.653010
1.954295 0.652711
1.950359 0.661928
1.946476 0.661824
1.942053 0.661360
1.936975 0.660461
1.931716 0.659365
1.969002 0.659365
1.963743 0.660461
1.958665 0.661360
1.954242 0.661824
1.950359 0.676031
1.944582 0.675474
1.939038 0.674275
1.933734 0.672814
1.928328 0.671277
1.972390 0.671276
1.966985 0.672813
1.961681 0.674274
1.956137 0.675474
0.712249 0.902307
0.712249 0.886074
0.843531 0.886075
0.843530 0.902307
0.712249 0.884277
0.843531 0.884277
0.712250 0.871345
0.843531 0.871345
0.712250 0.865547
0.843532 0.865547
0.712250 0.859450
0.843532 0.859450
0.971169 0.413835
0.971169 0.544389
0.712251 0.843155
0.713447 0.841958
0.843532 0.841959
0.184433 0.934435
0.053152 0.934435
0.053152 0.916728
0.184433 0.916728
0.184433 0.938816
0.053151 0.938816
0.968048 0.544389
0.058929 0.658733
0.046629 0.645996
0.049890 0.644895
0.061166 0.656572
0.047141 0.641644
0.050100 0.643111
0.056913 0.632208
0.059403 0.634127
0.058794 0.628847
0.062235 0.629068
0.057303 0.625134
0.059962 0.623410
0.046405 0.613849
0.048643 0.611688
0.184433 0.952400
0.053151 0.952400
0.184432 0.956251
0.053150 0.956251
0.184432 0.960253
0.053150 0.960252
0.184432 0.977136
0.968048 0.413835
0.968048 0.412634
0.971169 0.412634
0.054346 0.977136
0.053150 0.975940
1.058929 0.658733
1.046629 0.645996
1.049890 0.644895
1.061166 0.656572
1.712249 0.902307
1.712249 0.886074
1.843531 0.886075
1.843530 0.902307
1.047141 0.641644
1.050100 0.643111
1.712249 0.884277
1.843531 0.884277
1.056913 0.632208
1.059403 0.634127
1.712250 0.871345
1.843531 0.871345
1.058794 0.628847
1.062235 0.629068
1.712250 0.865547
1.843532 0.865547
1.057302 0.625134
1.059962 0.623410
1.712250 0.859450
1.843532 0.859450
1.046405 0.613849
1.048643 0.611688
1.712251 0.843155
1.713447 0.841958
1.843532 0.841959
1.971169 0.413835
1.971169 0.544389
1.968048 0.544389
1.968048 0.413835
1.968048 0.412634
1.971169 0.412634
1.184433 0.934435
1.053152 0.934435
1.053152 0.916728
1.184433 0.916728
1.184433 0.938816
1.053151 0.938816
1.184433 0.952400
1.053151 0.952400
1.184432 0.956251
1.053150 0.956251
1.184432 0.960253
1.053150 0.960252
1.184432 0.977136
1.054346 0.977136
1.053150 0.975940
0.688019 0.927481
0.707663 0.927604
0.707517 0.931180
0.687923 0.929832
0.707294 0.934388
0.687663 0.932908
0.707046 0.937827
0.687235 0.936399
0.707378 0.920815
0.687731 0.922051
0.707562 0.924026
0.687952 0.925129
0.683002 0.927450
0.683166 0.930155
0.683650 0.932982
0.684058 0.936333
0.683719 0.921926
0.683200 0.924747
0.608281 0.926984
0.608161 0.929784
0.607885 0.932978
0.607563 0.936213
0.607960 0.920986
0.608196 0.924183
0.601547 0.926941
0.601565 0.929581
0.601874 0.932564
0.602153 0.936028
0.601945 0.921324
0.601599 0.924302
0.582483 0.926804
0.582555 0.930275
0.582689 0.933468
0.582835 0.936839
0.582774 0.920142
0.582599 0.923333
0.901005 0.717593
0.903357 0.717523
0.904485 0.737130
0.900908 0.737236
0.906435 0.717297
0.907696 0.736943
0.909930 0.716908
0.911136 0.736733
0.895578 0.717244
0.894123 0.736876
0.898654 0.717500
0.897332 0.737095
0.901030 0.712576
0.903732 0.712770
0.906554 0.713286
0.909900 0.713732
0.895498 0.713231
0.898325 0.712744
0.901400 0.637855
0.904201 0.637766
0.907398 0.637526
0.910636 0.637241
0.895405 0.637467
0.898599 0.637738
0.901432 0.631120
0.904072 0.631168
0.907052 0.631510
0.910512 0.631829
0.895811 0.631455
0.898793 0.631143
0.901509 0.612055
0.904980 0.612166
0.908170 0.612336
0.911540 0.612520
0.894844 0.612271
0.898037 0.612132
0.687346 0.918555
0.684169 0.918581
0.607679 0.917747
0.602267 0.917865
0.582962 0.916773
0.892086 0.716820
0.892148 0.713644
0.892170 0.637149
0.892349 0.631739
0.891473 0.612422
0.707174 0.917374
0.890685 0.736632
1.688019 0.927481
1.707663 0.927604
1.707517 0.931180
1.687923 0.929832
1.707294 0.934388
1.687663 0.932908
1.707046 0.937827
1.687235 0.936399
1.687346 0.918555
1.707174 0.917374
1.707378 0.920815
1.687731 0.922051
1.707562 0.924026
1.687952 0.925129
1.683002 0.927450
1.683166 0.930155
1.683650 0.932982
1.684058 0.936333
1.684169 0.918581
1.683719 0.921926
1.683200 0.924747
1.608281 0.926984
1.608161 0.929784
1.607885 0.932978
1.607563 0.936213
1.607679 0.917747
1.607960 0.920986
1.608196 0.924183
1.601547 0.926941
1.601565 0.929581
1.601874 0.932564
1.602153 0.936028
1.602267 0.917865
1.601945 0.921324
1.601599 0.924302
1.582483 0.926804
1.582555 0.930275
1.582690 0.933468
1.582835 0.936839
1.582963 0.916773
1.582774 0.920142
1.582599 0.923333
1.901005 0.717593
1.903357 0.717523
1.904485 0.737130
1.900908 0.737236
1.906435 0.717297
1.907696 0.736943
1.909930 0.716908
1.911136 0.736733
1.892086 0.716820
1.895578 0.717244
1.894123 0.736876
1.890685 0.736632
1.898654 0.717500
1.897331 0.737095
1.901030 0.712576
1.903732 0.712770
1.906554 0.713286
1.909900 0.713732
1.892148 0.713644
1.895498 0.713231
1.898325 0.712744
1.901400 0.637855
1.904201 0.637766
1.907398 0.637526
1.910636 0.637241
1.892170 0.637149
1.895405 0.637467
1.898599 0.637738
1.901433 0.631120
1.904072 0.631168
1.907052 0.631510
1.910512 0.631829
1.892349 0.631739
1.895811 0.631455
1.898793 0.631143
1.901509 0.612055
1.904980 0.612166
1.908170 0.612336
1.911540 0.612520
1.891473 0.612422
1.894844 0.612271
1.898037 0.612132
0.865135 0.803141
0.862904 0.798930
0.881176 0.798930
0.881176 0.803141
0.865136 0.930916
0.865136 0.867037
0.881176 0.867037
0.881177 0.930916
0.862904 0.535032
0.881176 0.535032
0.881176 0.539243
0.865136 0.539243
0.865136 0.794719
0.865136 0.666984
0.978927 0.558056
0.881176 0.666984
0.881176 0.794719
0.881176 0.530821
0.865136 0.530821
0.865135 0.466928
0.881176 0.466928
0.983245 0.556042
0.977356 0.621922
0.982286 0.685798
0.987561 0.558063
0.987533 0.685798
0.976470 0.685798
0.978926 0.813547
0.977355 0.749670
0.983245 0.815562
0.987561 0.813541
0.865135 0.403051
0.881175 0.403051
1.865135 0.803141
1.862904 0.798930
1.881176 0.798930
1.881176 0.803141
1.865136 0.930916
1.865136 0.867037
1.881176 0.867037
1.881177 0.930916
1.978927 0.558056
1.983245 0.556042
1.977356 0.621922
1.862904 0.535032
1.881176 0.535032
1.881176 0.539243
1.865136 0.539243
1.982286 0.685798
1.987561 0.558063
1.987533 0.685798
1.976470 0.685798
1.865136 0.794719
1.865136 0.666984
1.881176 0.666984
1.881176 0.794719
1.978926 0.813547
1.977355 0.749670
1.983245 0.815562
1.987561 0.813541
1.881176 0.530821
1.865136 0.530821
1.865135 0.466928
1.881176 0.466928
1.865135 0.403051
1.881175 0.403051
0.559466 0.936241
0.559466 0.917578
0.299253 0.922527
0.306340 0.922527
0.291918 0.982670
0.306340 0.941189
0.299253 0.941190
0.313782 0.922526
0.313782 0.941189
0.330633 0.922526
0.330633 0.941189
0.333025 0.922526
0.333025 0.941189
0.499603 0.936241
0.499603 0.917578
0.230594 0.922527
0.237681 0.922527
0.237681 0.941190
0.230594 0.941190
0.223152 0.922527
0.223152 0.941190
0.206301 0.922527
0.206301 0.941190
0.888382 0.767453
0.907045 0.767453
0.890172 0.553869
0.890172 0.546782
0.908835 0.546782
0.908835 0.553869
0.890172 0.561311
0.908835 0.561311
0.890172 0.578162
0.908835 0.578162
0.888382 0.827316
0.907045 0.827316
0.890172 0.485210
0.890172 0.478123
0.908835 0.478123
0.908835 0.485210
0.890172 0.470681
0.908835 0.470681
0.890172 0.453830
0.908835 0.453830
0.890172 0.451437
0.908835 0.451437
0.564736 0.917578
0.564736 0.936241
0.573337 0.917578
0.573337 0.936241
0.494334 0.936241
0.494334 0.917578
0.485733 0.936241
0.485733 0.917578
0.203908 0.941190
0.203908 0.922527
0.888382 0.762184
0.907045 0.762184
0.888382 0.753583
0.907045 0.753583
0.908835 0.580554
0.890172 0.580554
0.907045 0.832585
0.888382 0.832585
0.291064 0.980277
0.295142 0.976940
0.297403 0.978182
0.296164 0.968400
0.298288 0.970792
0.315139 0.968400
0.315139 0.970792
0.230346 0.982670
0.231201 0.980277
0.227122 0.976940
0.224861 0.978182
0.226100 0.968400
0.223977 0.970792
0.207126 0.968400
0.207126 0.970792
0.907045 0.841187
0.888382 0.841187
0.230347 0.963378
0.231201 0.960985
0.227123 0.957649
0.224862 0.958890
0.226100 0.949108
0.223977 0.951501
0.207126 0.949108
0.207126 0.951501
0.291918 0.963378
0.291064 0.960985
0.295142 0.957649
0.297403 0.958890
0.296164 0.949108
0.298288 0.951501
0.315139 0.949108
0.315139 0.951501
1.559466 0.936241
1.499603 0.936241
1.499603 0.917578
1.559466 0.917578
1.291918 0.982670
1.230346 0.982670
1.231201 0.980277
1.291064 0.980277
1.295142 0.976940
1.297403 0.978182
1.299253 0.922527
1.306340 0.922527
1.306340 0.941189
1.299253 0.941190
1.296164 0.968400
1.298288 0.970792
1.313781 0.922526
1.313782 0.941189
1.315139 0.968400
1.315139 0.970792
1.330633 0.922526
1.330633 0.941189
1.333025 0.922526
1.333025 0.941189
1.227122 0.976940
1.224861 0.978182
1.230594 0.922527
1.237681 0.922527
1.237681 0.941190
1.230594 0.941190
1.226100 0.968400
1.223977 0.970792
1.223152 0.922527
1.223152 0.941190
1.207126 0.968400
1.207126 0.970792
1.206301 0.922527
1.206301 0.941190
1.888382 0.767453
1.907045 0.767453
1.907045 0.827316
1.888382 0.827316
1.230347 0.963378
1.231201 0.960985
1.291064 0.960985
1.291918 0.963378
1.227123 0.957649
1.224862 0.958890
1.890172 0.553869
1.890172 0.546782
1.908835 0.546782
1.908835 0.553869
1.226100 0.949108
1.223977 0.951501
1.890172 0.561311
1.908835 0.561311
1.207126 0.949108
1.207126 0.951501
1.890172 0.578162
1.908835 0.578162
1.295142 0.957649
1.297403 0.958890
1.890172 0.485210
1.890172 0.478123
1.908835 0.478123
1.908835 0.485210
1.296164 0.949108
1.298288 0.951501
1.890172 0.470681
1.908835 0.470681
1.315139 0.949108
1.315139 0.951501
1.890172 0.453830
1.908835 0.453830
1.890172 0.451437
1.908835 0.451437
1.564736 0.917578
1.564736 0.936241
1.573337 0.917578
1.573337 0.936241
1.494334 0.936241
1.494334 0.917578
1.485733 0.936241
1.485733 0.917578
1.203908 0.941190
1.203908 0.922527
1.888382 0.762184
1.907045 0.762184
1.888382 0.753583
1.907045 0.753583
1.908835 0.580554
1.890172 0.580554
1.907045 0.832585
1.888382 0.832585
1.907045 0.841187
1.888382 0.841187
0.711099 0.915514
0.711015 0.922598
0.196902 0.929660
0.193345 0.929755
0.074011 0.593791
0.040486 0.547790
0.716267 0.560628
0.716304 0.593913
0.073669 0.610445
0.073857 0.597553
0.716599 0.597663
0.717223 0.610526
0.732185 0.596430
0.734937 0.604233
0.738781 0.561495
0.925964 0.533407
0.751682 0.562238
0.744612 0.593880
0.918410 0.939342
0.737279 0.591335
0.650107 0.967567
0.024012 0.549247
0.036891 0.548640
0.038830 0.591448
0.031679 0.593882
0.614932 0.987872
0.614757 0.971818
0.616117 0.967938
0.620312 0.966748
0.037693 0.892195
0.735096 0.560707
0.734724 0.590302
0.733911 0.592839
0.731585 0.593630
0.911325 0.939258
0.918879 0.533327
0.044554 0.593821
0.042256 0.592983
0.041458 0.590420
0.716795 0.612936
0.839343 0.945807
0.835487 0.944616
0.836000 0.936101
0.839478 0.937064
0.908536 0.407891
0.074070 0.612850
0.907666 0.404382
0.716779 0.631852
0.899998 0.408172
0.716767 0.634594
0.074043 0.634501
0.898910 0.404280
0.074054 0.631762
0.810694 0.924945
0.715771 0.645176
0.806228 0.923884
0.806334 0.916811
0.712799 0.653833
0.811422 0.917918
0.707847 0.660566
0.700915 0.665375
0.927044 0.438109
0.692002 0.668260
0.926072 0.432988
0.609188 0.962834
0.561701 0.941214
0.775610 0.968750
0.775443 0.989337
0.681110 0.669220
0.109680 0.669136
0.098788 0.668172
0.665393 0.912845
0.037543 0.910630
0.089877 0.665285
0.082946 0.660474
0.077996 0.653739
0.075027 0.645081
0.937220 0.412634
0.939725 0.412635
0.939706 0.545053
0.937199 0.549153
0.023911 0.412409
0.665519 0.897269
0.036819 0.412040
0.040430 0.411293
0.722038 0.963921
0.722211 0.942688
0.716279 0.411173
0.738775 0.411954
0.919961 0.438027
0.919019 0.433528
0.948617 0.412638
0.948605 0.543943
0.919087 0.515003
0.926171 0.515083
0.751686 0.412195
0.609079 0.976126
0.566700 0.976148
0.562533 0.974872
0.919263 0.499306
0.926347 0.499386
0.561202 0.971036
0.609543 0.976122
0.919422 0.485171
0.926506 0.485251
0.729420 0.915738
0.729332 0.922820
0.745110 0.915941
0.609311 0.976126
0.945417 0.543941
0.009136 0.412542
0.745017 0.923020
0.759238 0.916131
0.759141 0.923209
0.788447 0.923623
0.009150 0.543927
0.005274 0.543927
0.005274 0.412542
0.735150 0.411255
0.609308 0.977028
0.041589 0.603947
0.043882 0.596619
0.609078 0.977035
0.193707 0.944313
0.021489 0.545030
0.021409 0.412531
0.197300 0.944340
0.012565 0.543925
0.012525 0.412540
0.015704 0.412537
0.015765 0.543922
0.735503 0.594860
0.740585 0.599983
0.040589 0.595000
0.035685 0.600036
0.716403 0.595848
0.073979 0.595754
0.731813 0.595206
0.736137 0.590744
0.736961 0.560997
0.038649 0.548132
0.040031 0.590847
0.734901 0.594117
0.044284 0.595433
0.041224 0.594248
0.038621 0.411603
0.736971 0.411531
0.788550 0.916548
0.773130 0.923403
0.773230 0.916327
0.926838 0.455914
0.919755 0.455833
0.926663 0.471249
0.919580 0.471168
0.021052 0.875607
0.021245 0.874405
0.024017 0.874986
0.024186 0.876140
0.025937 0.862932
0.025266 0.863955
0.020005 0.861875
0.020505 0.860808
0.026594 0.873876
0.027316 0.874829
0.028622 0.864661
0.027800 0.865503
0.028308 0.871145
0.029368 0.871555
0.030060 0.867736
0.028883 0.867955
0.566806 0.941255
0.635613 0.988039
0.585241 0.941405
0.620037 0.987913
0.016004 0.872357
0.015639 0.873516
0.945433 0.412636
0.952002 0.412639
0.951998 0.543944
0.955879 0.412639
0.955879 0.543944
0.037936 0.881242
0.665762 0.886315
0.038307 0.852437
0.038080 0.863391
0.666133 0.857511
0.665906 0.868465
1.074011 0.593791
1.040486 0.547790
1.716267 0.560628
1.716304 0.593913
1.073669 0.610445
1.073857 0.597553
1.716599 0.597663
1.717223 0.610526
1.732185 0.596430
1.734937 0.604233
1.925964 0.533407
1.918410 0.939342
1.911325 0.939258
1.918879 0.533327
1.738781 0.561495
1.751682 0.562238
1.744612 0.593880
1.737279 0.591335
1.024012 0.549247
1.036891 0.548640
1.038830 0.591448
1.031679 0.593882
1.650107 0.967567
1.614932 0.987872
1.614757 0.971818
1.616117 0.967938
1.620312 0.966748
1.566806 0.941255
1.609188 0.962834
1.561701 0.941214
1.735096 0.560707
1.734724 0.590302
1.733911 0.592839
1.731585 0.593630
1.044554 0.593821
1.042256 0.592983
1.041458 0.590420
1.716795 0.612936
1.074070 0.612850
1.839343 0.945807
1.835487 0.944616
1.836000 0.936101
1.839478 0.937064
1.037693 0.892195
1.037936 0.881242
1.665762 0.886315
1.665519 0.897269
1.907666 0.404382
1.908536 0.407891
1.899998 0.408172
1.898910 0.404280
1.716779 0.631852
1.716767 0.634594
1.074043 0.634501
1.074054 0.631762
1.810694 0.924945
1.806228 0.923884
1.806334 0.916811
1.811422 0.917918
1.038080 0.863391
1.038307 0.852437
1.666133 0.857511
1.665906 0.868465
1.926072 0.432988
1.927044 0.438109
1.919961 0.438027
1.919019 0.433528
1.919086 0.515003
1.926171 0.515083
1.919263 0.499306
1.926347 0.499386
1.919422 0.485171
1.926506 0.485251
1.711099 0.915514
1.729420 0.915738
1.729331 0.922820
1.711015 0.922598
1.745110 0.915941
1.745017 0.923020
1.759238 0.916131
1.759141 0.923209
1.788447 0.923623
1.788550 0.916548
1.773130 0.923403
1.773230 0.916327
1.926838 0.455914
1.919755 0.455833
1.926663 0.471249
1.919580 0.471168
1.715771 0.645176
1.712799 0.653833
1.707847 0.660566
1.700915 0.665375
1.692002 0.668260
1.681110 0.669220
1.109680 0.669136
1.098788 0.668172
1.089877 0.665285
1.082946 0.660474
1.077996 0.653739
1.075027 0.645081
1.023911 0.412409
1.036819 0.412040
1.775609 0.968750
1.775443 0.989337
1.635613 0.988039
1.040429 0.411293
1.716279 0.411173
1.738775 0.411954
1.751686 0.412195
1.009136 0.412542
1.009150 0.543927
1.005274 0.543927
1.005274 0.412542
1.735150 0.411255
1.665393 0.912845
1.037543 0.910630
1.620037 0.987913
1.585241 0.941405
1.041589 0.603947
1.043882 0.596619
1.722038 0.963921
1.722211 0.942688
1.021489 0.545030
1.021409 0.412531
1.937220 0.412634
1.939725 0.412635
1.939706 0.545053
1.937199 0.549153
1.948617 0.412638
1.948605 0.543943
1.945417 0.543941
1.945433 0.412636
1.012565 0.543925
1.012525 0.412540
1.015704 0.412537
1.015765 0.543922
1.952002 0.412639
1.951998 0.543944
1.955879 0.412639
1.955879 0.543944
1.609079 0.976126
1.566700 0.976148
1.562533 0.974872
1.561202 0.971036
1.609543 0.976122
1.609311 0.976126
1.021052 0.875607
1.021245 0.874405
1.024017 0.874986
1.024186 0.876140
1.609308 0.977028
1.609078 0.977035
1.025937 0.862932
1.025266 0.863955
1.020005 0.861875
1.020505 0.860808
1.026595 0.873876
1.027316 0.874829
1.028622 0.864661
1.027800 0.865503
1.028308 0.871145
1.029369 0.871555
1.030060 0.867736
1.028883 0.867955
1.016004 0.872357
1.015639 0.873516
1.193707 0.944313
1.193345 0.929755
1.196902 0.929660
1.197300 0.944340
1.735503 0.594860
1.740585 0.599983
1.040589 0.595000
1.035685 0.600036
1.716403 0.595848
1.073979 0.595754
1.731813 0.595206
1.736137 0.590744
1.736961 0.560997
1.038649 0.548132
1.040031 0.590847
1.734901 0.594117
1.044284 0.595433
1.041224 0.594248
1.038621 0.411603
1.736971 0.411531
0.367953 0.154679
0.367953 0.154679
0.367947 0.154675
0.367947 0.154675
0.367949 0.154675
0.367953 0.154681
0.367953 0.154681
0.367953 0.154679
0.367953 0.154681
0.367949 0.154675
0.367947 0.154675
0.367949 0.154675
0.367953 0.154679
0.367953 0.154679
0.367955 0.154681
0.367955 0.154681
0.367947 0.154675
0.367947 0.154675
0.367949 0.154675
0.367955 0.154678
0.367955 0.154678
0.367955 0.154681
0.367955 0.154678
0.367949 0.154675
0.367947 0.154675
0.367949 0.154675
0.367955 0.154678
0.367955 0.154678
0.367946 0.154673
0.367946 0.154673
0.367949 0.154675
0.367949 0.154675
0.367949 0.154675
0.367947 0.154673
0.367947 0.154673
0.367946 0.154673
0.367947 0.154673
0.367950 0.154675
0.367950 0.154672
0.367954 0.154678
0.367950 0.154673
0.367950 0.154673
0.367950 0.154673
0.367950 0.154673
0.367950 0.154675
0.367950 0.154672
0.367954 0.154678
0.367950 0.154673
0.367950 0.154673
0.367953 0.154679
0.367947 0.154675
0.367947 0.154675
0.367947 0.154675
0.367953 0.154681
0.367953 0.154679
0.367953 0.154679
0.367953 0.154681
0.367953 0.154681
0.367953 0.154681
0.367953 0.154681
0.367953 0.154679
0.367953 0.154679
0.367953 0.154681
0.367953 0.154681
0.367953 0.154681
0.367955 0.154678
0.367955 0.154678
0.367953 0.154679
0.367953 0.154681
0.367953 0.154681
0.367953 0.154679
0.367953 0.154681
0.367953 0.154679
0.367955 0.154678
0.367955 0.154678
0.367954 0.154681
0.367954 0.154681
0.367955 0.154678
0.367955 0.154680
0.367955 0.154680
0.367955 0.154678
0.367949 0.154675
0.367947 0.154675
0.367947 0.154675
0.367949 0.154675
0.367947 0.154675
0.367949 0.154675
0.367955 0.154678
0.367955 0.154680
0.367955 0.154681
0.367955 0.154681
0.367954 0.154678
0.367954 0.154678
0.367947 0.154675
0.367947 0.154675
0.367947 0.154675
0.367954 0.154678
0.367954 0.154678
0.367954 0.154682
0.367954 0.154682
0.367947 0.154673
0.367947 0.154673
0.367947 0.154673
0.367954 0.154681
0.367954 0.154681
0.367954 0.154682
0.367954 0.154682
0.367947 0.154673
0.367947 0.154673
0.367947 0.154673
0.367955 0.154681
0.367955 0.154681
0.367955 0.154681
0.367955 0.154681
0.367953 0.154679
0.367953 0.154679
0.367953 0.154679
0.367956 0.154677
0.367956 0.154677
0.367956 0.154677
0.367956 0.154677
0.367956 0.154671
0.367956 0.154671
0.367951 0.154671
0.367956 0.154672
0.367956 0.154672
0.367952 0.154672
0.367952 0.154672
0.367951 0.154671
0.367952 0.154677
0.367951 0.154671
0.367952 0.154677
0.367952 0.154677
0.367951 0.154672
0.367951 0.154677
0.367951 0.154677
0.367952 0.154677
0.367951 0.154671
0.367952 0.154672
0.367952 0.154672
0.367954 0.154677
0.367951 0.154677
0.367956 0.154677
0.367951 0.154681
0.367951 0.154676
0.367951 0.154676
0.367954 0.154677
0.367954 0.154672
0.367956 0.154677
0.367956 0.154677
0.367951 0.154682
0.367945 0.154676
0.367945 0.154676
0.367954 0.154672
0.367954 0.154677
0.367954 0.154677
0.367956 0.154677
0.367950 0.154682
0.367945 0.154671
0.367954 0.154676
0.367954 0.154676
0.367956 0.154672
0.367956 0.154672
0.367956 0.154677
0.367950 0.154682
0.367945 0.154671
0.367953 0.154679
0.367953 0.154679
0.367953 0.154679
0.367953 0.154679
0.367956 0.154677
0.367950 0.154682
0.367945 0.154671
0.367954 0.154681
0.367954 0.154682
0.367954 0.154682
0.367954 0.154681
0.367956 0.154672
0.367952 0.154672
0.367945 0.154671
0.367951 0.154677
0.367951 0.154672
0.367951 0.154672
0.367951 0.154672
0.367956 0.154672
0.367952 0.154672
0.367945 0.154671
0.367951 0.154677
0.367951 0.154677
0.367951 0.154677
0.367951 0.154677
0.367951 0.154672
0.367951 0.154672
0.367951 0.154677
0.367951 0.154682
0.367946 0.154681
0.367951 0.154681
0.367951 0.154677
0.367956 0.154677
0.367951 0.154677
0.367951 0.154677
0.367951 0.154677
0.367954 0.154672
0.367954 0.154676
0.367954 0.154676
0.367954 0.154672
0.367951 0.154682
0.367951 0.154677
0.367946 0.154681
0.367950 0.154681
0.367956 0.154677
0.367951 0.154677
0.367954 0.154672
0.367954 0.154676
0.367954 0.154677
0.367954 0.154677
0.367954 0.154677
0.367945 0.154682
0.367950 0.154681
0.367956 0.154671
0.367945 0.154677
0.367945 0.154676
0.367945 0.154677
0.367950 0.154677
0.367951 0.154671
0.367951 0.154671
0.367945 0.154676
0.367945 0.154682
0.367945 0.154676
0.367945 0.154677
0.367950 0.154677
0.367956 0.154671
0.367951 0.154671
0.367945 0.154676
0.367945 0.154677
0.367951 0.154681
0.367951 0.154671
0.367945 0.154677
0.367946 0.154681
0.367951 0.154671
0.367950 0.154672
0.367950 0.154672
0.367950 0.154673
0.367950 0.154673
0.367947 0.154672
0.367947 0.154672
0.367947 0.154673
0.367947 0.154672
0.367947 0.154672
0.367947 0.154673
0.367946 0.154682
0.367946 0.154681
0.367951 0.154682
0.367946 0.154682
0.367946 0.154682
0.367946 0.154681
0.367946 0.154682
0.367950 0.154682
0.367950 0.154683
0.367950 0.154683
0.367945 0.154682
0.367945 0.154682
0.367945 0.154683
0.367945 0.154682
0.367945 0.154682
0.367945 0.154683
0.367950 0.154677
0.367950 0.154677
0.367950 0.154677
0.367950 0.154677
0.367945 0.154677
0.367945 0.154677
0.367945 0.154677
0.367945 0.154677
0.367945 0.154677
0.367945 0.154677
0.367950 0.154673
0.367950 0.154673
0.367946 0.154673
0.367946 0.154673
0.367946 0.154675
0.367946 0.154675
0.367946 0.154676
0.367946 0.154676
0.367947 0.154676
0.367947 0.154676
0.367950 0.154676
0.367950 0.154676
0.367950 0.154676
0.367950 0.154676
0.367956 0.154678
0.367956 0.154678
0.367956 0.154682
0.367956 0.154682
0.367954 0.154682
0.367954 0.154682
0.367954 0.154682
0.367954 0.154682
0.367954 0.154682
0.367954 0.154682
0.367954 0.154678
0.367954 0.154678
0.367954 0.154678
0.367954 0.154678
0.367952 0.154677
0.367952 0.154672
0.367952 0.154677
0.367952 0.154677
0.367952 0.154677
0.367946 0.154681
0.367950 0.154681
0.367946 0.154681
0.367951 0.154681
0.367951 0.154681
0.367951 0.154681
0.367955 0.154678
0.367951 0.154678
0.367954 0.154678
0.367954 0.154678
0.367951 0.154678
0.367954 0.154682
0.367951 0.154682
0.367951 0.154682
0.367954 0.154682
0.367951 0.154682
0.367951 0.154682
0.367951 0.154682
0.367951 0.154682
0.367951 0.154678
0.367951 0.154678
0.367951 0.154678
0.367951 0.154678
0.367947 0.154679
0.367947 0.154681
0.367946 0.154681
0.367946 0.154679
0.367950 0.154681
0.367950 0.154679
0.367951 0.154679
0.367951 0.154681
0.367950 0.154679
0.367950 0.154678
0.367950 0.154678
0.367950 0.154678
0.367947 0.154678
0.367947 0.154678
0.367947 0.154679
0.367946 0.154678
0.367954 0.154677
0.367954 0.154672
0.367954 0.154672
0.367954 0.154672
0.367954 0.154672
0.367950 0.154673
0.367950 0.154673
0.367950 0.154673
0.367950 0.154673
0.367950 0.154673
0.367950 0.154673
0.367956 0.154671
0.367956 0.154671
0.367945 0.154671
0.367950 0.154671
0.367950 0.154671
0.367951 0.154671
0.367951 0.154671
0.367951 0.154681
0.367946 0.154681
0.367946 0.154681
0.367946 0.154681
0.367946 0.154681
0.367945 0.154676
0.367945 0.154676
0.367950 0.154676
0.367950 0.154676
0.367950 0.154676
0.367951 0.154676
0.367951 0.154676
0.367951 0.154676
0.367955 0.154681
0.367945 0.154677
0.367951 0.154677
0.367951 0.154677
0.367951 0.154677
0.367951 0.154677
0.367951 0.154671
0.367951 0.154677
0.367951 0.154677
0.367951 0.154677
0.367951 0.154677
</float_array>
          <technique_common>
            <accessor source="#AmmCanLarge-UV0-array" count="2446" stride="2">
              <param name="S" type="float"/>
              <param name="T" type="float"/>
            </accessor>
          </technique_common>
        </source>
        <vertices id="AmmCanLarge-VERTEX">
          <input semantic="POSITION" source="#AmmCanLarge-POSITION"/>
        </vertices>
        <triangles count="2624" material="FBXASC0481FBXASC032-FBXASC032Default">
          <input semantic="VERTEX" offset="0" source="#AmmCanLarge-VERTEX"/>
          <input semantic="NORMAL" offset="1" source="#AmmCanLarge-Normal0"/>
          <input semantic="TEXCOORD" offset="2" set="0" source="#AmmCanLarge-UV0"/>
          <p> 28 0 1 8 1 2 4 2 3 4 3 3 30 4 0 28 5 1 43 6 6 74 7 7 11 8 8 11 9 8 15 10 5 43 11 6 42 12 13 40 13 15 2 14 17 2 15 17 1 16 11 42 17 13 40 18 15 38 19 19 3 20 21 3 21 21 2 22 17 40 23 15 38 24 19 36 25 22 0 26 24 0 27 24 3 28 21 38 29 19 28 30 1 26 31 26 9 32 28 9 33 28 8 34 2 28 35 1 26 36 26 24 37 30 10 38 31 10 39 31 9 40 28 26 41 26 24 42 30 22 43 49 7 44 50 7 45 50 10 46 31 24 47 30 4 48 3 5 49 51 32 50 52 32 51 52 30 52 0 4 53 3 5 54 51 6 55 53 34 56 56 34 57 56 32 58 52 5 59 51 6 60 53 0 61 24 36 62 22 36 63 22 34 64 56 6 65 53 11 66 8 12 67 57 18 68 58 18 69 58 15 70 5 11 71 8 12 72 57 13 73 59 20 74 60 20 75 60 18 76 58 12 77 57 13 78 59 7 79 50 22 80 49 22 81 49 20 82 60 13 83 59 42 84 13 1 85 11 14 86 64 14 87 64 98 88 63 42 89 13 16 90 4 17 91 9 101 92 10 17 93 9 19 94 12 101 95 10 19 96 12 21 97 14 101 98 10 21 99 14 23 100 16 101 101 10 23 102 16 25 103 18 101 104 10 25 105 18 27 106 20 101 107 10 27 108 20 29 109 23 101 110 10 29 111 23 31 112 25 101 113 10 31 114 25 33 115 27 101 116 10 33 117 27 35 118 29 101 119 10 35 120 29 37 121 32 101 122 10 37 123 32 39 124 33 101 125 10 39 126 33 41 127 34 101 128 10 41 129 34 44 130 35 101 131 10 114 132 36 16 133 4 101 134 10 28 135 37 30 136 38 29 137 23 29 138 23 27 139 20 28 140 37 43 141 39 15 142 40 16 143 4 16 144 4 114 145 36 43 146 39 40 147 41 42 148 42 41 149 34 41 150 34 39 151 33 40 152 41 38 153 43 40 154 41 39 155 33 39 156 33 37 157 32 38 158 43 36 159 44 38 160 43 37 161 32 37 162 32 35 163 29 36 164 44 26 165 45 28 166 37 27 167 20 27 168 20 25 169 18 26 170 45 24 171 46 26 172 45 25 173 18 25 174 18 23 175 16 24 176 46 22 177 47 24 178 46 23 179 16 23 180 16 21 181 14 22 182 47 30 183 38 32 184 48 31 185 25 31 186 25 29 187 23 30 188 38 32 189 48 34 190 54 33 191 27 33 192 27 31 193 25 32 194 48 34 195 54 36 196 44 35 197 29 35 198 29 33 199 27 34 200 54 15 201 40 18 202 55 17 203 9 17 204 9 16 205 4 15 206 40 18 207 55 20 208 61 19 209 12 19 210 12 17 211 9 18 212 55 20 213 61 22 214 47 21 215 14 21 216 14 19 217 12 20 218 61 42 219 42 98 220 62 44 221 35 44 222 35 41 223 34 42 224 42 45 225 65 46 226 66 58 227 67 58 228 67 57 229 68 45 230 65 46 231 66 47 232 69 59 233 70 59 234 70 58 235 67 46 236 66 47 237 69 48 238 71 60 239 72 60 240 72 59 241 70 47 242 69 48 243 89 49 244 73 61 245 74 61 246 74 60 247 90 48 248 89 49 249 73 50 250 75 62 251 76 62 252 76 61 253 74 49 254 73 50 255 75 51 256 77 63 257 78 63 258 78 62 259 76 50 260 75 51 261 77 52 262 79 64 263 80 64 264 80 63 265 78 51 266 77 52 267 79 53 268 81 65 269 82 65 270 82 64 271 80 52 272 79 53 273 81 54 274 83 66 275 84 66 276 84 65 277 82 53 278 81 54 279 83 55 280 85 67 281 86 67 282 86 66 283 84 54 284 83 55 285 85 56 286 87 68 287 88 68 288 88 67 289 86 55 290 85 56 291 87 45 292 65 57 293 68 57 294 68 68 295 88 56 296 87 57 297 92 58 298 93 59 299 94 59 300 94 60 301 95 61 302 96 61 303 96 62 304 97 63 305 98 59 306 94 61 307 96 63 308 98 63 309 98 64 310 99 65 311 100 65 312 100 66 313 101 67 314 102 63 315 98 65 316 100 67 317 102 59 318 94 63 319 98 67 320 102 57 321 92 59 322 94 67 323 102 68 324 91 57 325 92 67 326 102 70 327 104 69 328 103 72 329 106 72 330 106 71 331 105 70 332 104 43 333 108 73 334 107 75 335 110 75 336 110 74 337 109 43 338 108 77 339 112 76 340 111 79 341 114 79 342 114 78 343 113 77 344 112 78 345 113 79 346 114 81 347 116 81 348 116 80 349 115 78 350 113 80 351 115 81 352 116 83 353 118 83 354 118 82 355 117 80 356 115 70 357 104 71 358 105 85 359 120 85 360 120 84 361 119 70 362 104 84 363 119 85 364 120 87 365 122 87 366 122 86 367 121 84 368 119 86 369 121 87 370 122 89 371 124 89 372 124 88 373 123 86 374 121 72 375 106 69 376 103 91 377 126 91 378 126 90 379 125 72 380 106 90 381 125 91 382 126 93 383 128 93 384 128 92 385 127 90 386 125 92 387 127 93 388 128 82 389 117 82 390 117 83 391 118 92 392 127 75 393 110 73 394 107 95 395 130 95 396 130 94 397 129 75 398 110 94 399 129 95 400 130 97 401 132 97 402 132 96 403 131 94 404 129 96 405 131 97 406 132 88 407 123 88 408 123 89 409 124 96 410 131 77 411 112 98 412 133 14 413 134 14 414 134 76 415 111 77 416 112 99 417 135 101 418 137 100 419 136 100 420 136 101 421 137 102 422 138 102 423 138 101 424 137 103 425 139 103 426 139 101 427 137 104 428 140 104 429 140 101 430 137 105 431 141 105 432 141 101 433 137 106 434 142 106 435 142 101 436 137 107 437 143 107 438 143 101 439 137 108 440 144 108 441 144 101 442 137 109 443 145 109 444 145 101 445 137 110 446 146 110 447 146 101 448 137 111 449 147 111 450 147 101 451 137 112 452 148 112 453 148 101 454 137 113 455 149 113 456 149 101 457 137 44 458 150 114 459 151 101 460 137 99 461 135 70 462 152 106 463 142 107 464 143 107 465 143 69 466 153 70 467 152 43 468 154 114 469 151 99 470 135 99 471 135 73 472 155 43 473 154 78 474 156 112 475 148 113 476 149 113 477 149 77 478 157 78 479 156 80 480 158 111 481 147 112 482 148 112 483 148 78 484 156 80 485 158 82 486 159 110 487 146 111 488 147 111 489 147 80 490 158 82 491 159 84 492 160 105 493 141 106 494 142 106 495 142 70 496 152 84 497 160 86 498 161 104 499 140 105 500 141 105 501 141 84 502 160 86 503 161 88 504 162 103 505 139 104 506 140 104 507 140 86 508 161 88 509 162 69 510 153 107 511 143 108 512 144 108 513 144 91 514 163 69 515 153 91 516 163 108 517 144 109 518 145 109 519 145 93 520 164 91 521 163 93 522 164 109 523 145 110 524 146 110 525 146 82 526 159 93 527 164 73 528 155 99 529 135 100 530 136 100 531 136 95 532 165 73 533 155 95 534 165 100 535 136 102 536 138 102 537 138 97 538 166 95 539 165 97 540 166 102 541 138 103 542 139 103 543 139 88 544 162 97 545 166 77 546 157 113 547 149 44 548 150 44 549 150 98 550 167 77 551 157 115 552 168 118 553 171 117 554 170 117 555 170 116 556 169 115 557 168 116 558 169 117 559 170 120 560 173 120 561 173 119 562 172 116 563 169 119 564 172 120 565 173 122 566 175 122 567 175 121 568 174 119 569 172 121 570 176 122 571 179 124 572 178 124 573 178 123 574 177 121 575 176 123 576 177 124 577 178 126 578 181 126 579 181 125 580 180 123 581 177 125 582 180 126 583 181 128 584 183 128 585 183 127 586 182 125 587 180 127 588 182 128 589 183 130 590 185 130 591 185 129 592 184 127 593 182 129 594 184 130 595 185 132 596 187 132 597 187 131 598 186 129 599 184 131 600 186 132 601 187 134 602 189 134 603 189 133 604 188 131 605 186 133 606 188 134 607 189 136 608 191 136 609 191 135 610 190 133 611 188 135 612 190 136 613 191 138 614 193 138 615 193 137 616 192 135 617 190 137 618 192 138 619 193 118 620 171 118 621 171 115 622 168 137 623 192 136 624 205 134 625 204 132 626 203 132 627 203 130 628 202 128 629 201 136 630 205 132 631 203 128 632 201 128 633 201 126 634 200 124 635 199 124 636 199 122 637 198 120 638 197 128 639 201 124 640 199 120 641 197 136 642 205 128 643 201 120 644 197 120 645 197 117 646 196 118 647 195 136 648 205 120 649 197 118 650 195 138 651 194 136 652 205 118 653 195 139 654 214 140 655 215 155 656 216 155 657 216 154 658 206 139 659 214 153 660 218 156 661 219 157 662 220 157 663 220 152 664 217 153 665 218 140 666 215 141 667 221 158 668 222 158 669 222 155 670 216 140 671 215 156 672 219 159 673 223 160 674 224 160 675 224 157 676 220 156 677 219 141 678 221 142 679 225 161 680 226 161 681 226 158 682 222 141 683 221 159 684 223 162 685 239 163 686 240 163 687 240 160 688 224 159 689 223 142 690 225 143 691 241 164 692 242 164 693 242 161 694 226 142 695 225 162 696 239 165 697 243 166 698 244 166 699 244 163 700 240 162 701 239 143 702 241 144 703 245 167 704 246 167 705 246 164 706 242 143 707 241 165 708 243 168 709 247 169 710 248 169 711 248 166 712 244 165 713 243 144 714 245 145 715 249 170 716 250 170 717 250 167 718 246 144 719 245 168 720 247 171 721 251 172 722 252 172 723 252 169 724 248 168 725 247 145 726 249 146 727 253 173 728 254 173 729 254 170 730 250 145 731 249 171 732 251 174 733 255 175 734 256 175 735 256 172 736 252 171 737 251 146 738 253 147 739 257 176 740 258 176 741 258 173 742 254 146 743 253 174 744 255 177 745 259 178 746 260 178 747 260 175 748 256 174 749 255 206 750 262 149 751 263 188 752 264 188 753 264 186 754 261 206 755 262 203 756 269 189 757 271 190 758 272 190 759 272 187 760 265 203 761 269 149 762 263 150 763 274 191 764 275 191 765 275 188 766 264 149 767 263 189 768 271 192 769 276 193 770 277 193 771 277 190 772 272 189 773 271 150 774 274 151 775 278 194 776 279 194 777 279 191 778 275 150 779 274 192 780 276 195 781 280 196 782 281 196 783 281 193 784 277 192 785 276 151 786 278 139 787 214 154 788 206 154 789 206 194 790 279 151 791 278 195 792 280 153 793 218 152 794 217 152 795 217 196 796 281 195 797 280 139 798 227 151 799 228 197 800 229 151 801 228 150 802 230 197 803 229 150 804 230 149 805 231 197 806 229 149 807 231 206 808 232 197 809 229 206 810 232 205 811 233 197 812 229 205 813 233 204 814 234 197 815 229 204 816 234 148 817 235 197 818 229 148 819 235 147 820 236 197 821 229 147 822 236 146 823 237 197 824 229 146 825 237 145 826 238 197 827 229 145 828 238 144 829 287 197 830 229 144 831 287 143 832 372 197 833 229 143 834 372 142 835 373 197 836 229 142 837 373 141 838 374 197 839 229 141 840 374 140 841 375 197 842 229 140 843 375 139 844 227 197 845 229 154 846 266 155 847 288 198 848 342 155 849 288 158 850 343 198 851 342 158 852 343 161 853 344 198 854 342 161 855 344 164 856 345 198 857 342 164 858 345 167 859 346 198 860 342 167 861 346 170 862 347 198 863 342 170 864 347 173 865 348 198 866 342 173 867 348 176 868 349 198 869 342 176 870 349 179 871 350 198 872 342 179 873 350 182 874 351 198 875 342 182 876 351 184 877 352 198 878 342 184 879 352 186 880 353 198 881 342 186 882 353 188 883 354 198 884 342 188 885 354 191 886 355 198 887 342 191 888 355 194 889 356 198 890 342 194 891 356 154 892 266 198 893 342 153 894 267 195 895 270 199 896 273 195 897 270 192 898 290 199 899 273 192 900 290 189 901 339 199 902 273 189 903 339 203 904 376 199 905 273 203 906 376 202 907 377 199 908 273 202 909 377 201 910 378 199 911 273 201 912 378 180 913 379 199 914 273 180 915 379 177 916 380 199 917 273 177 918 380 174 919 381 199 920 273 174 921 381 171 922 382 199 923 273 171 924 382 168 925 383 199 926 273 168 927 383 165 928 384 199 929 273 165 930 384 162 931 385 199 932 273 162 933 385 159 934 386 199 935 273 159 936 386 156 937 387 199 938 273 156 939 387 153 940 267 199 941 273 152 942 268 157 943 292 200 944 357 157 945 292 160 946 358 200 947 357 160 948 358 163 949 359 200 950 357 163 951 359 166 952 360 200 953 357 166 954 360 169 955 361 200 956 357 169 957 361 172 958 362 200 959 357 172 960 362 175 961 363 200 962 357 175 963 363 178 964 364 200 965 357 178 966 364 181 967 365 200 968 357 181 969 365 183 970 366 200 971 357 183 972 366 185 973 367 200 974 357 185 975 367 187 976 368 200 977 357 187 978 368 190 979 369 200 980 357 190 981 369 193 982 370 200 983 357 193 984 370 196 985 371 200 986 357 196 987 371 152 988 268 200 989 357 185 990 282 183 991 283 201 992 284 201 993 284 202 994 285 185 995 282 187 996 265 185 997 282 202 998 285 202 999 285 203 1000 269 187 1001 265 184 1002 286 182 1003 289 204 1004 291 204 1005 291 205 1006 293 184 1007 286 186 1008 261 184 1009 286 205 1010 293 205 1011 293 206 1012 262 186 1013 261 204 1014 291 182 1015 289 179 1016 295 179 1017 295 148 1018 294 204 1019 291 201 1020 284 183 1021 283 181 1022 341 181 1023 341 180 1024 340 201 1025 284 178 1026 391 177 1027 390 180 1028 340 180 1029 340 181 1030 341 178 1031 391 176 1032 389 147 1033 388 148 1034 294 148 1035 294 179 1036 295 176 1037 389 225 1038 208 226 1039 209 222 1040 210 222 1041 210 212 1042 207 225 1043 208 219 1044 211 250 1045 212 251 1046 213 215 1047 297 219 1048 211 252 1049 298 252 1050 298 253 1051 296 215 1052 297 235 1053 300 243 1054 301 244 1055 302 244 1056 302 234 1057 299 235 1058 300 207 1059 304 241 1060 305 240 1061 306 240 1062 306 208 1063 303 207 1064 304 212 1065 207 222 1066 210 223 1067 307 223 1068 307 213 1069 308 212 1070 207 213 1071 308 223 1072 307 224 1073 309 224 1074 309 214 1075 310 213 1076 308 214 1077 310 224 1078 309 218 1079 311 218 1080 311 211 1081 312 214 1082 310 219 1083 211 215 1084 297 216 1085 313 216 1086 313 220 1087 314 219 1088 211 220 1089 314 216 1090 313 217 1091 315 217 1092 315 221 1093 316 220 1094 314 221 1095 316 217 1096 315 211 1097 312 211 1098 312 218 1099 311 221 1100 316 207 1101 304 208 1102 303 226 1103 209 226 1104 209 225 1105 208 207 1106 304 248 1107 317 236 1108 318 235 1109 300 229 1110 320 238 1111 321 237 1112 322 237 1113 322 230 1114 319 229 1115 320 208 1116 303 240 1117 306 242 1118 323 242 1119 323 236 1120 318 208 1121 303 209 1122 325 210 1123 326 239 1124 327 239 1125 327 228 1126 324 209 1127 325 242 1128 323 247 1129 328 233 1130 329 233 1131 329 236 1132 318 242 1133 323 236 1134 318 233 1135 329 232 1136 330 232 1137 330 235 1138 300 236 1139 318 229 1140 320 243 1141 301 246 1142 331 246 1143 331 238 1144 321 229 1145 320 244 1146 302 245 1147 332 231 1148 333 231 1149 333 234 1150 299 244 1151 302 234 1152 299 231 1153 333 366 1154 335 366 1155 335 365 1156 334 234 1157 299 229 1158 320 230 1159 319 244 1160 302 244 1161 302 243 1162 301 229 1163 320 241 1164 305 210 1165 338 209 1166 325 209 1167 325 240 1168 306 241 1169 305 209 1170 325 228 1171 324 242 1172 323 242 1173 323 240 1174 306 209 1175 325 228 1176 324 239 1177 327 247 1178 328 247 1179 328 242 1180 323 228 1181 324 243 1182 301 235 1183 300 232 1184 330 232 1185 330 246 1186 331 243 1187 301 230 1188 319 237 1189 322 245 1190 332 245 1191 332 244 1192 302 230 1193 319 234 1194 299 365 1195 334 227 1196 336 235 1197 300 234 1198 299 227 1199 336 227 1200 336 248 1201 317 235 1202 300 248 1203 317 249 1204 337 236 1205 318 252 1206 298 219 1207 211 251 1208 213 223 1209 307 222 1210 210 250 1211 212 249 1212 337 208 1213 303 236 1214 318 249 1215 337 226 1216 209 208 1217 303 226 1218 209 249 1219 337 250 1220 212 250 1221 212 222 1222 210 226 1223 209 250 1224 212 218 1225 311 224 1226 309 224 1227 309 223 1228 307 250 1229 212 250 1230 212 220 1231 314 221 1232 316 221 1233 316 218 1234 311 250 1235 212 250 1236 212 219 1237 211 220 1238 314 248 1239 317 251 1240 213 250 1241 212 250 1242 212 249 1243 337 248 1244 317 248 1245 317 227 1246 336 252 1247 298 252 1248 298 251 1249 213 248 1250 317 255 1251 393 254 1252 392 257 1253 395 257 1254 395 256 1255 394 255 1256 393 259 1257 397 258 1258 396 261 1259 399 261 1260 399 260 1261 398 259 1262 397 256 1263 394 257 1264 395 263 1265 401 263 1266 401 262 1267 400 256 1268 394 260 1269 398 261 1270 399 265 1271 403 265 1272 403 264 1273 402 260 1274 398 262 1275 400 263 1276 401 267 1277 405 267 1278 405 266 1279 404 262 1280 400 264 1281 402 265 1282 403 269 1283 407 269 1284 407 268 1285 406 264 1286 402 266 1287 404 267 1288 405 271 1289 409 271 1290 409 270 1291 408 266 1292 404 268 1293 406 269 1294 407 273 1295 411 273 1296 411 272 1297 410 268 1298 406 270 1299 408 271 1300 409 275 1301 413 275 1302 413 274 1303 412 270 1304 408 272 1305 410 273 1306 411 277 1307 415 277 1308 415 276 1309 414 272 1310 410 274 1311 412 275 1312 413 279 1313 417 279 1314 417 278 1315 416 274 1316 412 276 1317 414 277 1318 415 281 1319 419 281 1320 419 280 1321 418 276 1322 414 278 1323 416 279 1324 417 283 1325 421 283 1326 421 282 1327 420 278 1328 416 280 1329 418 281 1330 419 285 1331 423 285 1332 423 284 1333 422 280 1334 418 282 1335 420 283 1336 421 287 1337 425 287 1338 425 286 1339 424 282 1340 420 284 1341 422 285 1342 423 289 1343 427 289 1344 427 288 1345 426 284 1346 422 291 1347 429 290 1348 428 293 1349 431 293 1350 431 292 1351 430 291 1352 429 295 1353 433 294 1354 432 297 1355 435 297 1356 435 296 1357 434 295 1358 433 292 1359 430 293 1360 431 299 1361 437 299 1362 437 298 1363 436 292 1364 430 296 1365 434 297 1366 435 301 1367 439 301 1368 439 300 1369 438 296 1370 434 298 1371 436 299 1372 437 303 1373 441 303 1374 441 302 1375 440 298 1376 436 300 1377 438 301 1378 439 305 1379 443 305 1380 443 304 1381 442 300 1382 438 302 1383 440 303 1384 441 254 1385 392 254 1386 392 255 1387 393 302 1388 440 304 1389 442 305 1390 443 258 1391 396 258 1392 396 259 1393 397 304 1394 442 255 1395 444 306 1396 446 302 1397 445 302 1398 445 306 1399 446 298 1400 447 298 1401 447 306 1402 446 292 1403 448 292 1404 448 306 1405 446 291 1406 449 291 1407 449 306 1408 446 307 1409 450 307 1410 450 306 1411 446 308 1412 451 308 1413 451 306 1414 446 309 1415 452 309 1416 452 306 1417 446 286 1418 453 286 1419 453 306 1420 446 282 1421 454 282 1422 454 306 1423 446 278 1424 455 278 1425 455 306 1426 446 274 1427 456 274 1428 456 306 1429 446 270 1430 457 270 1431 457 306 1432 446 266 1433 458 266 1434 458 306 1435 446 262 1436 459 262 1437 459 306 1438 446 256 1439 460 256 1440 460 306 1441 446 255 1442 444 254 1443 461 310 1444 463 257 1445 462 257 1446 462 310 1447 463 263 1448 464 263 1449 464 310 1450 463 267 1451 465 267 1452 465 310 1453 463 271 1454 466 271 1455 466 310 1456 463 275 1457 467 275 1458 467 310 1459 463 279 1460 468 279 1461 468 310 1462 463 283 1463 469 283 1464 469 310 1465 463 287 1466 470 287 1467 470 310 1468 463 311 1469 471 311 1470 471 310 1471 463 312 1472 472 312 1473 472 310 1474 463 313 1475 473 313 1476 473 310 1477 463 290 1478 474 290 1479 474 310 1480 463 293 1481 475 293 1482 475 310 1483 463 299 1484 476 299 1485 476 310 1486 463 303 1487 477 303 1488 477 310 1489 463 254 1490 461 259 1491 478 314 1492 480 304 1493 479 304 1494 479 314 1495 480 300 1496 481 300 1497 481 314 1498 480 296 1499 482 296 1500 482 314 1501 480 295 1502 483 295 1503 483 314 1504 480 315 1505 484 315 1506 484 314 1507 480 316 1508 485 316 1509 485 314 1510 480 317 1511 486 317 1512 486 314 1513 480 288 1514 487 288 1515 487 314 1516 480 284 1517 488 284 1518 488 314 1519 480 280 1520 489 280 1521 489 314 1522 480 276 1523 490 276 1524 490 314 1525 480 272 1526 491 272 1527 491 314 1528 480 268 1529 492 268 1530 492 314 1531 480 264 1532 493 264 1533 493 314 1534 480 260 1535 494 260 1536 494 314 1537 480 259 1538 478 258 1539 495 318 1540 497 261 1541 496 261 1542 496 318 1543 497 265 1544 498 265 1545 498 318 1546 497 269 1547 499 269 1548 499 318 1549 497 273 1550 500 273 1551 500 318 1552 497 277 1553 501 277 1554 501 318 1555 497 281 1556 502 281 1557 502 318 1558 497 285 1559 503 285 1560 503 318 1561 497 289 1562 504 289 1563 504 318 1564 497 319 1565 505 319 1566 505 318 1567 497 320 1568 506 320 1569 506 318 1570 497 321 1571 507 321 1572 507 318 1573 497 294 1574 508 294 1575 508 318 1576 497 297 1577 509 297 1578 509 318 1579 497 301 1580 510 301 1581 510 318 1582 497 305 1583 511 305 1584 511 318 1585 497 258 1586 495 321 1587 512 315 1588 515 316 1589 514 316 1590 514 320 1591 513 321 1592 512 294 1593 432 295 1594 433 315 1595 515 315 1596 515 321 1597 512 294 1598 432 313 1599 516 307 1600 519 308 1601 518 308 1602 518 312 1603 517 313 1604 516 290 1605 428 291 1606 429 307 1607 519 307 1608 519 313 1609 516 290 1610 428 308 1611 518 309 1612 520 311 1613 521 311 1614 521 312 1615 517 308 1616 518 316 1617 514 317 1618 522 319 1619 523 319 1620 523 320 1621 513 316 1622 514 289 1623 524 319 1624 523 317 1625 522 317 1626 522 288 1627 525 289 1628 524 287 1629 526 311 1630 521 309 1631 520 309 1632 520 286 1633 527 287 1634 526 323 1635 529 322 1636 528 325 1637 531 325 1638 531 324 1639 530 323 1640 529 326 1641 532 328 1642 534 327 1643 533 329 1644 536 253 1645 535 252 1646 537 252 1647 537 326 1648 532 329 1649 536 331 1650 539 330 1651 538 333 1652 541 333 1653 541 332 1654 540 331 1655 539 335 1656 543 334 1657 542 337 1658 545 337 1659 545 336 1660 544 335 1661 543 322 1662 528 339 1663 547 338 1664 546 338 1665 546 325 1666 531 322 1667 528 339 1668 547 341 1669 549 340 1670 548 340 1671 548 338 1672 546 339 1673 547 341 1674 549 343 1675 551 342 1676 550 342 1677 550 340 1678 548 341 1679 549 326 1680 532 345 1681 553 344 1682 552 344 1683 552 329 1684 536 326 1685 532 345 1686 553 347 1687 555 346 1688 554 346 1689 554 344 1690 552 345 1691 553 347 1692 555 342 1693 550 343 1694 551 343 1695 551 346 1696 554 347 1697 555 335 1698 543 323 1699 529 324 1700 530 324 1701 530 334 1702 542 335 1703 543 348 1704 556 331 1705 539 349 1706 557 351 1707 559 350 1708 558 353 1709 561 353 1710 561 352 1711 560 351 1712 559 334 1713 542 349 1714 557 354 1715 562 354 1716 562 337 1717 545 334 1718 542 356 1719 564 355 1720 563 358 1721 566 358 1722 566 357 1723 565 356 1724 564 354 1725 562 349 1726 557 360 1727 568 360 1728 568 359 1729 567 354 1730 562 349 1731 557 331 1732 539 361 1733 569 361 1734 569 360 1735 568 349 1736 557 351 1737 559 352 1738 560 362 1739 570 362 1740 570 332 1741 540 351 1742 559 333 1743 541 330 1744 538 364 1745 572 364 1746 572 363 1747 571 333 1748 541 330 1749 538 365 1750 573 366 1751 574 366 1752 574 364 1753 572 330 1754 538 351 1755 559 332 1756 540 333 1757 541 333 1758 541 350 1759 558 351 1760 559 336 1761 544 337 1762 545 356 1763 564 356 1764 564 357 1765 575 336 1766 544 356 1767 564 337 1768 545 354 1769 562 354 1770 562 355 1771 563 356 1772 564 355 1773 563 354 1774 562 359 1775 567 359 1776 567 358 1777 566 355 1778 563 332 1779 540 362 1780 570 361 1781 569 361 1782 569 331 1783 539 332 1784 540 350 1785 558 333 1786 541 363 1787 571 363 1788 571 353 1789 561 350 1790 558 330 1791 538 227 1792 576 365 1793 573 331 1794 539 348 1795 556 227 1796 576 227 1797 576 330 1798 538 331 1799 539 348 1800 556 349 1801 557 367 1802 577 252 1803 537 328 1804 534 326 1805 532 338 1806 546 327 1807 533 325 1808 531 367 1809 577 349 1810 557 334 1811 542 367 1812 577 334 1813 542 324 1814 530 324 1815 530 325 1816 531 327 1817 533 327 1818 533 367 1819 577 324 1820 530 327 1821 533 340 1822 548 342 1823 550 340 1824 548 327 1825 533 338 1826 546 327 1827 533 347 1828 555 345 1829 553 347 1830 555 327 1831 533 342 1832 550 327 1833 533 345 1834 553 326 1835 532 348 1836 556 367 1837 577 327 1838 533 327 1839 533 328 1840 534 348 1841 556 348 1842 556 328 1843 534 252 1844 537 252 1845 537 227 1846 576 348 1847 556 373 1848 582 374 1849 583 393 1850 584 393 1851 584 391 1852 581 373 1853 582 374 1854 583 375 1855 585 395 1856 586 395 1857 586 393 1858 584 374 1859 583 375 1860 585 376 1861 605 397 1862 606 397 1863 606 395 1864 586 375 1865 585 418 1866 608 378 1867 609 404 1868 610 404 1869 610 403 1870 607 418 1871 608 378 1872 609 379 1873 611 406 1874 612 406 1875 612 404 1876 610 378 1877 609 379 1878 611 380 1879 613 408 1880 614 408 1881 614 406 1882 612 379 1883 611 380 1884 613 368 1885 615 382 1886 618 382 1887 618 408 1888 614 380 1889 613 368 1890 578 380 1891 579 410 1892 580 380 1893 579 379 1894 587 410 1895 580 379 1896 587 378 1897 588 410 1898 580 378 1899 588 418 1900 589 410 1901 580 418 1902 589 417 1903 590 410 1904 580 417 1905 590 416 1906 591 410 1907 580 416 1908 591 377 1909 592 410 1910 580 377 1911 592 376 1912 593 410 1913 580 376 1914 593 375 1915 594 410 1916 580 375 1917 594 374 1918 595 410 1919 580 374 1920 595 373 1921 596 410 1922 580 373 1923 596 372 1924 597 410 1925 580 372 1926 597 371 1927 598 410 1928 580 371 1929 598 370 1930 599 410 1931 580 370 1932 599 369 1933 600 410 1934 580 369 1935 600 368 1936 578 410 1937 580 382 1938 601 383 1939 602 411 1940 603 383 1941 602 385 1942 604 411 1943 603 385 1944 604 387 1945 616 411 1946 603 387 1947 616 389 1948 617 411 1949 603 389 1950 617 391 1951 619 411 1952 603 391 1953 619 393 1954 621 411 1955 603 393 1956 621 395 1957 628 411 1958 603 395 1959 628 397 1960 629 411 1961 603 397 1962 629 399 1963 630 411 1964 603 399 1965 630 401 1966 631 411 1967 603 401 1968 631 402 1969 632 411 1970 603 402 1971 632 403 1972 634 411 1973 603 403 1974 634 404 1975 639 411 1976 603 404 1977 639 406 1978 640 411 1979 603 406 1980 640 408 1981 641 411 1982 603 408 1983 641 382 1984 601 411 1985 603 381 1986 642 409 1987 643 412 1988 648 409 1989 643 407 1990 649 412 1991 648 407 1992 649 405 1993 689 412 1994 648 405 1995 689 415 1996 690 412 1997 648 415 1998 690 414 1999 691 412 2000 648 414 2001 691 413 2002 692 412 2003 648 413 2004 692 400 2005 693 412 2006 648 400 2007 693 398 2008 694 412 2009 648 398 2010 694 396 2011 695 412 2012 648 396 2013 695 394 2014 696 412 2015 648 394 2016 696 392 2017 697 412 2018 648 392 2019 697 390 2020 698 412 2021 648 390 2022 698 388 2023 699 412 2024 648 388 2025 699 386 2026 700 412 2027 648 386 2028 700 384 2029 701 412 2030 648 384 2031 701 381 2032 642 412 2033 648 402 2034 620 401 2035 622 416 2036 623 416 2037 623 417 2038 624 402 2039 620 403 2040 607 402 2041 620 417 2042 624 417 2043 624 418 2044 608 403 2045 607 416 2046 623 401 2047 622 399 2048 626 399 2049 626 377 2050 625 416 2051 623 413 2052 633 499 2053 635 441 2054 636 441 2055 636 400 2056 627 413 2057 633 397 2058 606 376 2059 605 377 2060 625 377 2061 625 399 2062 626 397 2063 606 368 2064 578 369 2065 600 419 2066 702 369 2067 600 370 2068 599 419 2069 702 370 2070 599 371 2071 598 420 2072 703 420 2073 703 419 2074 702 370 2075 599 387 2076 616 385 2077 604 422 2078 704 422 2079 704 421 2080 705 387 2081 616 385 2082 604 383 2083 602 422 2084 704 383 2085 602 382 2086 601 422 2087 704 382 2088 618 368 2089 615 419 2090 637 419 2091 637 422 2092 638 382 2093 618 381 2094 642 384 2095 701 423 2096 706 384 2097 701 386 2098 700 423 2099 706 386 2100 700 388 2101 699 424 2102 707 424 2103 707 423 2104 706 386 2105 700 424 2106 707 421 2107 705 422 2108 704 422 2109 704 423 2110 706 424 2111 707 419 2112 702 420 2113 703 426 2114 708 426 2115 708 425 2116 709 419 2117 702 432 2118 644 434 2119 645 435 2120 650 435 2121 650 431 2122 655 432 2123 644 430 2124 657 432 2125 644 431 2126 655 431 2127 655 429 2128 685 430 2129 657 428 2130 686 430 2131 657 429 2132 685 429 2133 685 427 2134 687 428 2135 686 428 2136 686 427 2137 687 425 2138 710 425 2139 710 426 2140 688 428 2141 686 517 2142 658 518 2143 659 436 2144 656 436 2145 656 433 2146 660 517 2147 658 447 2148 684 431 2149 653 435 2150 654 447 2151 684 435 2152 654 436 2153 656 518 2154 659 447 2155 684 436 2156 656 435 2157 650 434 2158 645 433 2159 711 433 2160 711 436 2161 712 435 2162 650 392 2163 662 394 2164 663 521 2165 664 521 2166 664 520 2167 661 392 2168 662 394 2169 663 396 2170 665 440 2171 666 440 2172 666 521 2173 664 394 2174 663 396 2175 665 398 2176 667 442 2177 668 442 2178 668 440 2179 666 396 2180 665 415 2181 670 405 2182 671 443 2183 672 443 2184 672 437 2185 669 415 2186 670 405 2187 671 407 2188 673 438 2189 674 438 2190 674 443 2191 672 405 2192 671 407 2193 673 409 2194 675 444 2195 676 444 2196 676 438 2197 674 407 2198 673 409 2199 675 381 2200 677 439 2201 678 439 2202 678 444 2203 676 409 2204 675 413 2205 633 414 2206 679 445 2207 680 445 2208 680 499 2209 635 413 2210 633 414 2211 679 415 2212 670 437 2213 669 437 2214 669 445 2215 680 414 2216 679 398 2217 667 400 2218 627 441 2219 636 441 2220 636 442 2221 668 398 2222 667 381 2223 677 423 2224 646 522 2225 681 522 2226 681 439 2227 678 381 2228 677 522 2229 681 423 2230 646 523 2231 682 523 2232 682 427 2233 651 429 2234 652 429 2235 652 446 2236 683 523 2237 682 446 2238 683 429 2239 652 431 2240 653 431 2241 653 447 2242 684 446 2243 683 423 2244 646 422 2245 638 523 2246 682 422 2247 638 427 2248 651 523 2249 682 419 2250 637 425 2251 647 427 2252 651 427 2253 651 422 2254 638 419 2255 637 449 2256 714 448 2257 713 451 2258 716 451 2259 716 450 2260 715 449 2261 714 450 2262 715 451 2263 716 453 2264 718 453 2265 718 452 2266 717 450 2267 715 452 2268 717 453 2269 718 455 2270 720 455 2271 720 454 2272 719 452 2273 717 457 2274 722 456 2275 721 459 2276 724 459 2277 724 458 2278 723 457 2279 722 458 2280 723 459 2281 724 461 2282 726 461 2283 726 460 2284 725 458 2285 723 460 2286 725 461 2287 726 463 2288 728 463 2289 728 462 2290 727 460 2291 725 462 2292 727 463 2293 728 465 2294 730 465 2295 730 464 2296 729 462 2297 727 464 2298 731 466 2299 733 462 2300 732 462 2301 732 466 2302 733 460 2303 734 460 2304 734 466 2305 733 458 2306 735 458 2307 735 466 2308 733 457 2309 736 457 2310 736 466 2311 733 467 2312 737 467 2313 737 466 2314 733 468 2315 738 468 2316 738 466 2317 733 469 2318 739 469 2319 739 466 2320 733 454 2321 740 454 2322 740 466 2323 733 452 2324 741 452 2325 741 466 2326 733 450 2327 742 450 2328 742 466 2329 733 449 2330 743 449 2331 743 466 2332 733 470 2333 744 470 2334 744 466 2335 733 471 2336 745 471 2337 745 466 2338 733 472 2339 746 472 2340 746 466 2341 733 473 2342 747 473 2343 747 466 2344 733 464 2345 731 465 2346 748 475 2347 750 474 2348 749 474 2349 749 475 2350 750 476 2351 751 476 2352 751 475 2353 750 477 2354 752 477 2355 752 475 2356 750 478 2357 753 478 2358 753 475 2359 750 448 2360 754 448 2361 754 475 2362 750 451 2363 755 451 2364 755 475 2365 750 453 2366 756 453 2367 756 475 2368 750 455 2369 757 455 2370 757 475 2371 750 479 2372 758 479 2373 758 475 2374 750 480 2375 759 480 2376 759 475 2377 750 481 2378 760 481 2379 760 475 2380 750 456 2381 761 456 2382 761 475 2383 750 459 2384 762 459 2385 762 475 2386 750 461 2387 763 461 2388 763 475 2389 750 463 2390 764 463 2391 764 475 2392 750 465 2393 748 482 2394 765 484 2395 767 483 2396 766 483 2397 766 484 2398 767 485 2399 768 485 2400 768 484 2401 767 486 2402 769 486 2403 769 484 2404 767 487 2405 770 487 2406 770 484 2407 767 488 2408 771 488 2409 771 484 2410 767 489 2411 772 489 2412 772 484 2413 767 490 2414 773 490 2415 773 484 2416 767 491 2417 774 491 2418 774 484 2419 767 492 2420 775 492 2421 775 484 2422 767 493 2423 776 493 2424 776 484 2425 767 494 2426 777 494 2427 777 484 2428 767 495 2429 778 495 2430 778 484 2431 767 496 2432 779 496 2433 779 484 2434 767 497 2435 780 497 2436 780 484 2437 767 498 2438 781 498 2439 781 484 2440 767 482 2441 765 481 2442 782 467 2443 785 468 2444 784 468 2445 784 480 2446 783 481 2447 782 456 2448 721 457 2449 722 467 2450 785 467 2451 785 481 2452 782 456 2453 721 468 2454 784 469 2455 786 479 2456 787 479 2457 787 480 2458 783 468 2459 784 489 2460 789 490 2461 788 441 2462 791 441 2463 791 499 2464 790 489 2465 789 455 2466 720 479 2467 787 469 2468 786 469 2469 786 454 2470 719 455 2471 720 464 2472 731 500 2473 792 473 2474 747 473 2475 747 500 2476 792 472 2477 746 472 2478 746 500 2479 792 501 2480 793 501 2481 793 471 2482 745 472 2483 746 477 2484 752 503 2485 795 502 2486 794 502 2487 794 476 2488 751 477 2489 752 476 2490 751 502 2491 794 474 2492 749 474 2493 749 502 2494 794 465 2495 748 465 2496 730 502 2497 797 500 2498 796 500 2499 796 464 2500 729 465 2501 730 482 2502 765 504 2503 798 498 2504 781 498 2505 781 504 2506 798 497 2507 780 497 2508 780 504 2509 798 505 2510 799 505 2511 799 496 2512 779 497 2513 780 505 2514 799 504 2515 798 502 2516 794 502 2517 794 503 2518 795 505 2519 799 500 2520 792 507 2521 801 506 2522 800 506 2523 800 501 2524 793 500 2525 792 508 2526 802 511 2527 805 510 2528 804 510 2529 804 509 2530 803 508 2531 802 512 2532 806 513 2533 807 511 2534 805 511 2535 805 508 2536 802 512 2537 806 514 2538 808 515 2539 809 513 2540 807 513 2541 807 512 2542 806 514 2543 808 514 2544 808 506 2545 810 507 2546 811 507 2547 811 515 2548 809 514 2549 808 517 2550 813 516 2551 812 519 2552 815 519 2553 815 518 2554 814 517 2555 813 510 2556 818 511 2557 817 447 2558 816 519 2559 815 510 2560 818 447 2561 816 518 2562 814 519 2563 815 447 2564 816 510 2565 804 519 2566 820 516 2567 819 516 2568 819 509 2569 803 510 2570 804 494 2571 822 520 2572 821 521 2573 824 521 2574 824 493 2575 823 494 2576 822 493 2577 823 521 2578 824 440 2579 826 440 2580 826 492 2581 825 493 2582 823 492 2583 825 440 2584 826 442 2585 828 442 2586 828 491 2587 827 492 2588 825 487 2589 830 437 2590 829 443 2591 832 443 2592 832 486 2593 831 487 2594 830 486 2595 831 443 2596 832 438 2597 834 438 2598 834 485 2599 833 486 2600 831 485 2601 833 438 2602 834 444 2603 836 444 2604 836 483 2605 835 485 2606 833 483 2607 835 444 2608 836 439 2609 838 439 2610 838 482 2611 837 483 2612 835 489 2613 789 499 2614 790 445 2615 840 445 2616 840 488 2617 839 489 2618 789 488 2619 839 445 2620 840 437 2621 829 437 2622 829 487 2623 830 488 2624 839 491 2625 827 442 2626 828 441 2627 791 441 2628 791 490 2629 788 491 2630 827 482 2631 837 439 2632 838 522 2633 842 522 2634 842 504 2635 841 482 2636 837 522 2637 842 523 2638 843 504 2639 841 523 2640 843 446 2641 846 513 2642 845 513 2643 845 515 2644 844 523 2645 843 446 2646 846 447 2647 816 511 2648 817 511 2649 817 513 2650 845 446 2651 846 504 2652 841 523 2653 843 502 2654 797 502 2655 797 523 2656 843 515 2657 844 500 2658 796 515 2659 844 507 2660 847 515 2661 844 500 2662 796 502 2663 797 569 2664 850 525 2665 851 537 2666 848 537 2667 848 568 2668 849 569 2669 850 537 2670 848 525 2671 851 533 2672 852 535 2673 855 526 2674 856 538 2675 853 538 2676 853 534 2677 854 535 2678 855 533 2679 852 527 2680 857 536 2681 858 536 2682 858 527 2683 857 538 2684 853 538 2685 853 539 2686 859 536 2687 858 537 2688 848 536 2689 858 539 2690 859 539 2691 859 540 2692 860 537 2693 848 568 2694 849 537 2695 848 540 2696 860 540 2697 860 547 2698 861 568 2699 849 533 2700 852 536 2701 858 537 2702 848 524 2703 862 545 2704 863 547 2705 861 547 2706 861 540 2707 860 524 2708 862 538 2709 853 527 2710 857 534 2711 854 531 2712 866 529 2713 867 528 2714 864 528 2715 864 530 2716 865 531 2717 866 534 2718 854 531 2719 866 530 2720 865 530 2721 865 535 2722 855 534 2723 854 539 2724 859 538 2725 853 526 2726 856 526 2727 856 532 2728 868 539 2729 859 540 2730 860 539 2731 859 532 2732 868 532 2733 868 524 2734 862 540 2735 860 546 2736 869 544 2737 870 547 2738 861 547 2739 861 545 2740 863 546 2741 869 590 2742 872 547 2743 861 544 2744 870 544 2745 870 542 2746 871 590 2747 872 543 2748 873 541 2749 874 590 2750 872 590 2751 872 542 2752 871 543 2753 873 566 2754 875 549 2755 876 525 2756 851 525 2757 851 569 2758 850 566 2759 875 549 2760 876 557 2761 877 533 2762 852 533 2763 852 525 2764 851 549 2765 876 559 2766 878 550 2767 879 526 2768 856 526 2769 856 535 2770 855 559 2771 878 557 2772 877 551 2773 880 527 2774 857 527 2775 857 533 2776 852 557 2777 877 548 2778 881 564 2779 882 545 2780 863 545 2781 863 524 2782 862 548 2783 881 551 2784 880 558 2785 883 534 2786 854 534 2787 854 527 2788 857 551 2789 880 552 2790 884 554 2791 885 530 2792 865 530 2793 865 528 2794 864 552 2795 884 555 2796 886 553 2797 887 529 2798 867 529 2799 867 531 2800 866 555 2801 886 553 2802 896 552 2803 895 528 2804 864 528 2805 864 529 2806 867 553 2807 896 554 2808 885 559 2809 878 535 2810 855 535 2811 855 530 2812 865 554 2813 885 558 2814 883 555 2815 886 531 2816 866 531 2817 866 534 2818 854 558 2819 883 550 2820 879 556 2821 888 532 2822 868 532 2823 868 526 2824 856 550 2825 879 556 2826 888 548 2827 881 524 2828 862 524 2829 862 532 2830 868 556 2831 888 565 2832 889 563 2833 890 544 2834 870 544 2835 870 546 2836 869 565 2837 889 564 2838 882 565 2839 889 546 2840 869 546 2841 869 545 2842 863 564 2843 882 563 2844 890 561 2845 891 542 2846 871 542 2847 871 544 2848 870 563 2849 890 562 2850 892 560 2851 893 541 2852 874 541 2853 874 543 2854 873 562 2855 892 560 2856 893 611 2857 894 590 2858 872 590 2859 872 541 2860 874 560 2861 893 561 2862 891 562 2863 892 543 2864 873 543 2865 873 542 2866 871 561 2867 891 569 2868 899 568 2869 898 567 2870 897 567 2871 897 570 2872 900 569 2873 899 567 2874 897 571 2875 901 570 2876 900 574 2877 904 573 2878 903 572 2879 902 572 2880 902 575 2881 905 574 2882 904 571 2883 901 577 2884 907 576 2885 906 577 2886 907 578 2887 908 572 2888 902 572 2889 902 576 2890 906 577 2891 907 567 2892 897 579 2893 909 578 2894 908 578 2895 908 577 2896 907 567 2897 897 568 2898 898 547 2899 910 579 2900 909 579 2901 909 567 2902 897 568 2903 898 571 2904 901 567 2905 897 577 2906 907 580 2907 911 579 2908 909 547 2909 910 547 2910 910 581 2911 912 580 2912 911 572 2913 902 573 2914 903 576 2915 906 584 2916 915 583 2917 914 582 2918 913 582 2919 913 585 2920 916 584 2921 915 573 2922 903 574 2923 904 583 2924 914 583 2925 914 584 2926 915 573 2927 903 578 2928 908 586 2929 917 575 2930 905 575 2931 905 572 2932 902 578 2933 908 579 2934 909 580 2935 911 586 2936 917 586 2937 917 578 2938 908 579 2939 909 587 2940 918 547 2941 910 588 2942 919 547 2943 910 587 2944 918 581 2945 912 590 2946 921 589 2947 920 588 2948 919 588 2949 919 547 2950 910 590 2951 921 591 2952 922 590 2953 921 592 2954 923 590 2955 921 591 2956 922 589 2957 920 566 2958 924 569 2959 899 570 2960 900 570 2961 900 593 2962 925 566 2963 924 593 2964 925 570 2965 900 571 2966 901 571 2967 901 594 2968 926 593 2969 925 595 2970 927 574 2971 904 575 2972 905 575 2973 905 596 2974 928 595 2975 927 594 2976 926 571 2977 901 576 2978 906 576 2979 906 597 2980 929 594 2981 926 598 2982 930 580 2983 911 581 2984 912 581 2985 912 599 2986 931 598 2987 930 597 2988 929 576 2989 906 573 2990 903 573 2991 903 600 2992 932 597 2993 929 601 2994 933 582 2995 913 583 2996 914 583 2997 914 602 2998 934 601 2999 933 603 3000 935 584 3001 915 585 3002 916 585 3003 916 604 3004 936 603 3005 935 604 3006 937 585 3007 916 582 3008 913 582 3009 913 601 3010 938 604 3011 937 602 3012 934 583 3013 914 574 3014 904 574 3015 904 595 3016 927 602 3017 934 600 3018 932 573 3019 903 584 3020 915 584 3021 915 603 3022 935 600 3023 932 596 3024 928 575 3025 905 586 3026 917 586 3027 917 605 3028 939 596 3029 928 605 3030 939 586 3031 917 580 3032 911 580 3033 911 598 3034 930 605 3035 939 606 3036 940 587 3037 918 588 3038 919 588 3039 919 607 3040 941 606 3041 940 599 3042 931 581 3043 912 587 3044 918 587 3045 918 606 3046 940 599 3047 931 607 3048 941 588 3049 919 589 3050 920 589 3051 920 608 3052 942 607 3053 941 609 3054 943 591 3055 922 592 3056 923 592 3057 923 610 3058 944 609 3059 943 610 3060 944 592 3061 923 590 3062 921 590 3063 921 611 3064 945 610 3065 944 608 3066 942 589 3067 920 591 3068 922 591 3069 922 609 3070 943 608 3071 942 619 3072 948 613 3073 949 612 3074 946 612 3075 946 618 3076 947 619 3077 948 620 3078 950 614 3079 951 613 3080 949 613 3081 949 619 3082 948 620 3083 950 621 3084 952 615 3085 953 614 3086 951 614 3087 951 620 3088 950 621 3089 952 622 3090 954 616 3091 955 615 3092 953 615 3093 953 621 3094 952 622 3095 954 623 3096 956 617 3097 957 616 3098 1039 616 3099 1039 622 3100 1038 623 3101 956 618 3102 947 612 3103 946 617 3104 957 617 3105 957 623 3106 956 618 3107 947 625 3108 959 619 3109 948 618 3110 947 618 3111 947 624 3112 958 625 3113 959 626 3114 960 620 3115 950 619 3116 948 619 3117 948 625 3118 959 626 3119 960 627 3120 961 621 3121 952 620 3122 950 620 3123 950 626 3124 960 627 3125 961 628 3126 962 622 3127 954 621 3128 952 621 3129 952 627 3130 961 628 3131 962 629 3132 963 623 3133 956 622 3134 1038 622 3135 1038 628 3136 1040 629 3137 963 624 3138 958 618 3139 947 623 3140 956 623 3141 956 629 3142 963 624 3143 958 631 3144 965 625 3145 959 624 3146 958 624 3147 958 630 3148 964 631 3149 965 632 3150 966 626 3151 960 625 3152 959 625 3153 959 631 3154 965 632 3155 966 633 3156 967 627 3157 961 626 3158 960 626 3159 960 632 3160 966 633 3161 967 634 3162 968 628 3163 962 627 3164 961 627 3165 961 633 3166 967 634 3167 968 635 3168 969 629 3169 963 628 3170 1040 628 3171 1040 634 3172 1041 635 3173 969 630 3174 964 624 3175 958 629 3176 963 629 3177 963 635 3178 969 630 3179 964 637 3180 971 631 3181 965 630 3182 964 630 3183 964 636 3184 970 637 3185 971 638 3186 972 632 3187 966 631 3188 965 631 3189 965 637 3190 971 638 3191 972 639 3192 973 633 3193 967 632 3194 966 632 3195 966 638 3196 972 639 3197 973 640 3198 974 634 3199 968 633 3200 967 633 3201 967 639 3202 973 640 3203 974 641 3204 975 635 3205 969 634 3206 1041 634 3207 1041 640 3208 1042 641 3209 975 636 3210 970 630 3211 964 635 3212 969 635 3213 969 641 3214 975 636 3215 970 730 3216 977 637 3217 971 636 3218 970 636 3219 970 729 3220 976 730 3221 977 731 3222 978 638 3223 972 637 3224 971 637 3225 971 730 3226 977 731 3227 978 732 3228 979 639 3229 973 638 3230 972 638 3231 972 731 3232 978 732 3233 979 733 3234 980 640 3235 974 639 3236 973 639 3237 973 732 3238 979 733 3239 980 698 3240 981 641 3241 975 640 3242 1042 640 3243 1042 733 3244 1043 698 3245 981 729 3246 976 636 3247 970 641 3248 975 641 3249 975 698 3250 981 729 3251 976 651 3252 984 643 3253 985 642 3254 982 642 3255 982 650 3256 983 651 3257 984 652 3258 986 644 3259 987 643 3260 985 643 3261 985 651 3262 984 652 3263 986 653 3264 988 645 3265 989 644 3266 987 644 3267 987 652 3268 986 653 3269 988 654 3270 990 646 3271 991 645 3272 989 645 3273 989 653 3274 988 654 3275 990 655 3276 992 647 3277 993 646 3278 1045 646 3279 1045 654 3280 1044 655 3281 992 656 3282 994 648 3283 995 647 3284 993 647 3285 993 655 3286 992 656 3287 994 657 3288 996 649 3289 997 648 3290 995 648 3291 995 656 3292 994 657 3293 996 650 3294 983 642 3295 982 649 3296 997 649 3297 997 657 3298 996 650 3299 983 659 3300 999 651 3301 984 650 3302 983 650 3303 983 658 3304 998 659 3305 999 660 3306 1000 652 3307 986 651 3308 984 651 3309 984 659 3310 999 660 3311 1000 661 3312 1001 653 3313 988 652 3314 986 652 3315 986 660 3316 1000 661 3317 1001 662 3318 1002 654 3319 990 653 3320 988 653 3321 988 661 3322 1001 662 3323 1002 663 3324 1003 655 3325 992 654 3326 1044 654 3327 1044 662 3328 1046 663 3329 1003 664 3330 1004 656 3331 994 655 3332 992 655 3333 992 663 3334 1003 664 3335 1004 665 3336 1005 657 3337 996 656 3338 994 656 3339 994 664 3340 1004 665 3341 1005 658 3342 998 650 3343 983 657 3344 996 657 3345 996 665 3346 1005 658 3347 998 667 3348 1007 659 3349 999 658 3350 998 658 3351 998 666 3352 1006 667 3353 1007 668 3354 1008 660 3355 1000 659 3356 999 659 3357 999 667 3358 1007 668 3359 1008 669 3360 1009 661 3361 1001 660 3362 1000 660 3363 1000 668 3364 1008 669 3365 1009 670 3366 1010 662 3367 1002 661 3368 1001 661 3369 1001 669 3370 1009 670 3371 1010 671 3372 1011 663 3373 1003 662 3374 1046 662 3375 1046 670 3376 1047 671 3377 1011 672 3378 1012 664 3379 1004 663 3380 1003 663 3381 1003 671 3382 1011 672 3383 1012 673 3384 1013 665 3385 1005 664 3386 1004 664 3387 1004 672 3388 1012 673 3389 1013 666 3390 1006 658 3391 998 665 3392 1005 665 3393 1005 673 3394 1013 666 3395 1006 675 3396 1015 667 3397 1007 666 3398 1006 666 3399 1006 674 3400 1014 675 3401 1015 676 3402 1016 668 3403 1008 667 3404 1007 667 3405 1007 675 3406 1015 676 3407 1016 677 3408 1017 669 3409 1009 668 3410 1008 668 3411 1008 676 3412 1016 677 3413 1017 678 3414 1018 670 3415 1010 669 3416 1009 669 3417 1009 677 3418 1017 678 3419 1018 679 3420 1019 671 3421 1011 670 3422 1047 670 3423 1047 678 3424 1048 679 3425 1019 680 3426 1020 672 3427 1012 671 3428 1011 671 3429 1011 679 3430 1019 680 3431 1020 681 3432 1021 673 3433 1013 672 3434 1012 672 3435 1012 680 3436 1020 681 3437 1021 674 3438 1014 666 3439 1006 673 3440 1013 673 3441 1013 681 3442 1021 674 3443 1014 683 3444 1023 675 3445 1015 674 3446 1014 674 3447 1014 682 3448 1022 683 3449 1023 684 3450 1024 676 3451 1016 675 3452 1015 675 3453 1015 683 3454 1023 684 3455 1024 685 3456 1025 677 3457 1017 676 3458 1016 676 3459 1016 684 3460 1024 685 3461 1025 686 3462 1026 678 3463 1018 677 3464 1017 677 3465 1017 685 3466 1025 686 3467 1026 687 3468 1027 679 3469 1019 678 3470 1048 678 3471 1048 686 3472 1049 687 3473 1027 688 3474 1028 680 3475 1020 679 3476 1019 679 3477 1019 687 3478 1027 688 3479 1028 689 3480 1029 681 3481 1021 680 3482 1020 680 3483 1020 688 3484 1028 689 3485 1029 682 3486 1022 674 3487 1014 681 3488 1021 681 3489 1021 689 3490 1029 682 3491 1022 691 3492 1031 683 3493 1023 682 3494 1022 682 3495 1022 690 3496 1030 691 3497 1031 692 3498 1032 684 3499 1024 683 3500 1023 683 3501 1023 691 3502 1031 692 3503 1032 693 3504 1033 685 3505 1025 684 3506 1024 684 3507 1024 692 3508 1032 693 3509 1033 694 3510 1034 686 3511 1026 685 3512 1025 685 3513 1025 693 3514 1033 694 3515 1034 695 3516 1035 687 3517 1027 686 3518 1049 686 3519 1049 694 3520 1050 695 3521 1035 696 3522 1036 688 3523 1028 687 3524 1027 687 3525 1027 695 3526 1035 696 3527 1036 697 3528 1037 689 3529 1029 688 3530 1028 688 3531 1028 696 3532 1036 697 3533 1037 690 3534 1030 682 3535 1022 689 3536 1029 689 3537 1029 697 3538 1037 690 3539 1030 701 3540 1053 700 3541 1052 699 3542 1051 699 3543 1051 702 3544 1054 701 3545 1053 703 3546 1055 701 3547 1053 702 3548 1054 702 3549 1054 704 3550 1056 703 3551 1055 705 3552 1057 703 3553 1055 704 3554 1056 704 3555 1056 706 3556 1058 705 3557 1057 707 3558 1059 705 3559 1057 706 3560 1058 706 3561 1058 708 3562 1060 707 3563 1059 709 3564 1063 707 3565 1062 708 3566 1061 708 3567 1061 710 3568 1064 709 3569 1063 700 3570 1052 709 3571 1063 710 3572 1064 710 3573 1064 699 3574 1051 700 3575 1052 712 3576 1066 711 3577 1065 700 3578 1052 700 3579 1052 701 3580 1053 712 3581 1066 713 3582 1067 712 3583 1066 701 3584 1053 701 3585 1053 703 3586 1055 713 3587 1067 714 3588 1068 713 3589 1067 703 3590 1055 703 3591 1055 705 3592 1057 714 3593 1068 715 3594 1069 714 3595 1068 705 3596 1057 705 3597 1057 707 3598 1059 715 3599 1069 716 3600 1071 715 3601 1070 707 3602 1062 707 3603 1062 709 3604 1063 716 3605 1071 711 3606 1065 716 3607 1071 709 3608 1063 709 3609 1063 700 3610 1052 711 3611 1065 718 3612 1073 717 3613 1072 711 3614 1065 711 3615 1065 712 3616 1066 718 3617 1073 719 3618 1074 718 3619 1073 712 3620 1066 712 3621 1066 713 3622 1067 719 3623 1074 720 3624 1075 719 3625 1074 713 3626 1067 713 3627 1067 714 3628 1068 720 3629 1075 721 3630 1076 720 3631 1075 714 3632 1068 714 3633 1068 715 3634 1069 721 3635 1076 722 3636 1078 721 3637 1077 715 3638 1070 715 3639 1070 716 3640 1071 722 3641 1078 717 3642 1072 722 3643 1078 716 3644 1071 716 3645 1071 711 3646 1065 717 3647 1072 724 3648 1080 723 3649 1079 717 3650 1072 717 3651 1072 718 3652 1073 724 3653 1080 725 3654 1081 724 3655 1080 718 3656 1073 718 3657 1073 719 3658 1074 725 3659 1081 726 3660 1082 725 3661 1081 719 3662 1074 719 3663 1074 720 3664 1075 726 3665 1082 727 3666 1083 726 3667 1082 720 3668 1075 720 3669 1075 721 3670 1076 727 3671 1083 728 3672 1085 727 3673 1084 721 3674 1077 721 3675 1077 722 3676 1078 728 3677 1085 723 3678 1079 728 3679 1085 722 3680 1078 722 3681 1078 717 3682 1072 723 3683 1079 730 3684 1087 729 3685 1086 723 3686 1079 723 3687 1079 724 3688 1080 730 3689 1087 731 3690 1088 730 3691 1087 724 3692 1080 724 3693 1080 725 3694 1081 731 3695 1088 732 3696 1089 731 3697 1088 725 3698 1081 725 3699 1081 726 3700 1082 732 3701 1089 733 3702 1090 732 3703 1089 726 3704 1082 726 3705 1082 727 3706 1083 733 3707 1090 698 3708 1092 733 3709 1091 727 3710 1084 727 3711 1084 728 3712 1085 698 3713 1092 729 3714 1086 698 3715 1092 728 3716 1085 728 3717 1085 723 3718 1079 729 3719 1086 736 3720 1095 735 3721 1094 734 3722 1093 734 3723 1093 737 3724 1096 736 3725 1095 738 3726 1097 736 3727 1095 737 3728 1096 737 3729 1096 739 3730 1098 738 3731 1097 740 3732 1099 738 3733 1097 739 3734 1098 739 3735 1098 741 3736 1100 740 3737 1099 742 3738 1101 740 3739 1099 741 3740 1100 741 3741 1100 743 3742 1102 742 3743 1101 744 3744 1105 742 3745 1104 743 3746 1103 743 3747 1103 745 3748 1106 744 3749 1105 746 3750 1107 744 3751 1105 745 3752 1106 745 3753 1106 747 3754 1108 746 3755 1107 748 3756 1109 746 3757 1107 747 3758 1108 747 3759 1108 749 3760 1110 748 3761 1109 735 3762 1094 748 3763 1109 749 3764 1110 749 3765 1110 734 3766 1093 735 3767 1094 751 3768 1112 750 3769 1111 735 3770 1094 735 3771 1094 736 3772 1095 751 3773 1112 752 3774 1113 751 3775 1112 736 3776 1095 736 3777 1095 738 3778 1097 752 3779 1113 753 3780 1114 752 3781 1113 738 3782 1097 738 3783 1097 740 3784 1099 753 3785 1114 754 3786 1115 753 3787 1114 740 3788 1099 740 3789 1099 742 3790 1101 754 3791 1115 755 3792 1117 754 3793 1116 742 3794 1104 742 3795 1104 744 3796 1105 755 3797 1117 756 3798 1118 755 3799 1117 744 3800 1105 744 3801 1105 746 3802 1107 756 3803 1118 757 3804 1119 756 3805 1118 746 3806 1107 746 3807 1107 748 3808 1109 757 3809 1119 750 3810 1111 757 3811 1119 748 3812 1109 748 3813 1109 735 3814 1094 750 3815 1111 759 3816 1121 758 3817 1120 750 3818 1111 750 3819 1111 751 3820 1112 759 3821 1121 760 3822 1122 759 3823 1121 751 3824 1112 751 3825 1112 752 3826 1113 760 3827 1122 761 3828 1123 760 3829 1122 752 3830 1113 752 3831 1113 753 3832 1114 761 3833 1123 762 3834 1124 761 3835 1123 753 3836 1114 753 3837 1114 754 3838 1115 762 3839 1124 763 3840 1126 762 3841 1125 754 3842 1116 754 3843 1116 755 3844 1117 763 3845 1126 764 3846 1127 763 3847 1126 755 3848 1117 755 3849 1117 756 3850 1118 764 3851 1127 765 3852 1128 764 3853 1127 756 3854 1118 756 3855 1118 757 3856 1119 765 3857 1128 758 3858 1120 765 3859 1128 757 3860 1119 757 3861 1119 750 3862 1111 758 3863 1120 767 3864 1130 766 3865 1129 758 3866 1120 758 3867 1120 759 3868 1121 767 3869 1130 768 3870 1131 767 3871 1130 759 3872 1121 759 3873 1121 760 3874 1122 768 3875 1131 769 3876 1132 768 3877 1131 760 3878 1122 760 3879 1122 761 3880 1123 769 3881 1132 770 3882 1133 769 3883 1132 761 3884 1123 761 3885 1123 762 3886 1124 770 3887 1133 771 3888 1135 770 3889 1134 762 3890 1125 762 3891 1125 763 3892 1126 771 3893 1135 772 3894 1136 771 3895 1135 763 3896 1126 763 3897 1126 764 3898 1127 772 3899 1136 773 3900 1137 772 3901 1136 764 3902 1127 764 3903 1127 765 3904 1128 773 3905 1137 766 3906 1129 773 3907 1137 765 3908 1128 765 3909 1128 758 3910 1120 766 3911 1129 775 3912 1139 774 3913 1138 766 3914 1129 766 3915 1129 767 3916 1130 775 3917 1139 776 3918 1140 775 3919 1139 767 3920 1130 767 3921 1130 768 3922 1131 776 3923 1140 777 3924 1141 776 3925 1140 768 3926 1131 768 3927 1131 769 3928 1132 777 3929 1141 778 3930 1142 777 3931 1141 769 3932 1132 769 3933 1132 770 3934 1133 778 3935 1142 779 3936 1144 778 3937 1143 770 3938 1134 770 3939 1134 771 3940 1135 779 3941 1144 780 3942 1145 779 3943 1144 771 3944 1135 771 3945 1135 772 3946 1136 780 3947 1145 781 3948 1146 780 3949 1145 772 3950 1136 772 3951 1136 773 3952 1137 781 3953 1146 774 3954 1138 781 3955 1146 773 3956 1137 773 3957 1137 766 3958 1129 774 3959 1138 783 3960 1148 782 3961 1147 774 3962 1138 774 3963 1138 775 3964 1139 783 3965 1148 784 3966 1149 783 3967 1148 775 3968 1139 775 3969 1139 776 3970 1140 784 3971 1149 785 3972 1150 784 3973 1149 776 3974 1140 776 3975 1140 777 3976 1141 785 3977 1150 786 3978 1151 785 3979 1150 777 3980 1141 777 3981 1141 778 3982 1142 786 3983 1151 787 3984 1153 786 3985 1152 778 3986 1143 778 3987 1143 779 3988 1144 787 3989 1153 788 3990 1154 787 3991 1153 779 3992 1144 779 3993 1144 780 3994 1145 788 3995 1154 789 3996 1155 788 3997 1154 780 3998 1145 780 3999 1145 781 4000 1146 789 4001 1155 782 4002 1147 789 4003 1155 781 4004 1146 781 4005 1146 774 4006 1138 782 4007 1147 793 4008 1182 791 4009 1183 790 4010 1180 790 4011 1180 792 4012 1181 793 4013 1182 793 4014 1157 818 4015 1158 808 4016 1159 808 4017 1159 791 4018 1156 793 4019 1157 795 4020 1185 793 4021 1182 792 4022 1181 792 4023 1181 794 4024 1184 795 4025 1185 795 4026 1160 809 4027 1161 818 4028 1158 818 4029 1158 793 4030 1157 795 4031 1160 797 4032 1187 795 4033 1185 794 4034 1184 794 4035 1184 796 4036 1186 797 4037 1187 797 4038 1162 807 4039 1163 809 4040 1161 809 4041 1161 795 4042 1160 797 4043 1162 799 4044 1189 797 4045 1187 796 4046 1186 796 4047 1186 798 4048 1188 799 4049 1189 799 4050 1164 810 4051 1165 807 4052 1163 807 4053 1163 797 4054 1162 799 4055 1164 801 4056 1191 799 4057 1189 798 4058 1188 798 4059 1188 800 4060 1190 801 4061 1191 801 4062 1166 827 4063 1167 810 4064 1165 810 4065 1165 799 4066 1164 801 4067 1166 800 4068 1190 803 4069 1192 804 4070 1193 804 4071 1193 801 4072 1191 800 4073 1190 805 4074 1171 831 4075 1172 827 4076 1167 804 4077 1170 805 4078 1171 827 4079 1167 801 4080 1166 804 4081 1170 827 4082 1167 811 4083 1169 831 4084 1179 805 4085 1201 805 4086 1201 802 4087 1168 811 4088 1169 804 4089 1202 803 4090 1203 802 4091 1168 802 4092 1168 805 4093 1201 804 4094 1202 792 4095 1174 790 4096 1175 812 4097 1176 812 4098 1176 833 4099 1173 792 4100 1174 794 4101 1178 792 4102 1174 833 4103 1173 833 4104 1173 806 4105 1177 794 4106 1178 796 4107 1195 794 4108 1178 806 4109 1177 806 4110 1177 834 4111 1194 796 4112 1195 798 4113 1197 796 4114 1195 834 4115 1194 834 4116 1194 813 4117 1196 798 4118 1197 800 4119 1199 798 4120 1197 813 4121 1196 813 4122 1196 835 4123 1198 800 4124 1199 802 4125 1204 803 4126 1205 800 4127 1199 802 4128 1204 800 4129 1199 835 4130 1198 811 4131 1200 802 4132 1204 835 4133 1198 816 4134 1208 815 4135 1207 814 4136 1206 814 4137 1206 817 4138 1209 816 4139 1208 816 4140 1211 817 4141 1210 808 4142 1213 808 4143 1213 818 4144 1212 816 4145 1211 820 4146 1215 819 4147 1214 815 4148 1207 815 4149 1207 816 4150 1208 820 4151 1215 820 4152 1216 816 4153 1211 818 4154 1212 818 4155 1212 809 4156 1217 820 4157 1216 822 4158 1219 821 4159 1218 819 4160 1214 819 4161 1214 820 4162 1215 822 4163 1219 822 4164 1220 820 4165 1216 809 4166 1217 809 4167 1217 807 4168 1221 822 4169 1220 824 4170 1223 823 4171 1222 821 4172 1218 821 4173 1218 822 4174 1219 824 4175 1223 824 4176 1224 822 4177 1220 807 4178 1221 807 4179 1221 810 4180 1225 824 4181 1224 826 4182 1227 825 4183 1226 823 4184 1222 823 4185 1222 824 4186 1223 826 4187 1227 826 4188 1228 824 4189 1224 810 4190 1225 810 4191 1225 827 4192 1229 826 4193 1228 825 4194 1226 826 4195 1227 829 4196 1231 829 4197 1231 828 4198 1230 825 4199 1226 827 4200 1229 831 4201 1234 830 4202 1233 827 4203 1229 830 4204 1233 829 4205 1232 826 4206 1228 827 4207 1229 829 4208 1232 811 4209 1236 832 4210 1235 830 4211 1238 830 4212 1238 831 4213 1237 811 4214 1236 829 4215 1239 830 4216 1238 832 4217 1235 832 4218 1235 828 4219 1240 829 4220 1239 815 4221 1242 833 4222 1241 812 4223 1244 812 4224 1244 814 4225 1243 815 4226 1242 819 4227 1246 806 4228 1245 833 4229 1241 833 4230 1241 815 4231 1242 819 4232 1246 821 4233 1248 834 4234 1247 806 4235 1245 806 4236 1245 819 4237 1246 821 4238 1248 823 4239 1250 813 4240 1249 834 4241 1247 834 4242 1247 821 4243 1248 823 4244 1250 825 4245 1252 835 4246 1251 813 4247 1249 813 4248 1249 823 4249 1250 825 4250 1252 825 4251 1252 828 4252 1255 832 4253 1254 835 4254 1251 825 4255 1252 832 4256 1254 811 4257 1253 835 4258 1251 832 4259 1254 838 4260 1257 841 4261 1258 840 4262 1259 840 4263 1259 839 4264 1256 838 4265 1257 841 4266 1258 843 4267 1260 842 4268 1261 842 4269 1261 840 4270 1259 841 4271 1258 843 4272 1260 845 4273 1262 844 4274 1263 844 4275 1263 842 4276 1261 843 4277 1260 845 4278 1338 847 4279 1264 846 4280 1265 846 4281 1265 844 4282 1328 845 4283 1338 847 4284 1264 849 4285 1266 848 4286 1267 848 4287 1267 846 4288 1265 847 4289 1264 849 4290 1266 838 4291 1257 839 4292 1256 839 4293 1256 848 4294 1267 849 4295 1266 839 4296 1256 840 4297 1259 851 4298 1269 851 4299 1269 850 4300 1268 839 4301 1256 840 4302 1259 842 4303 1261 852 4304 1270 852 4305 1270 851 4306 1269 840 4307 1259 842 4308 1261 844 4309 1263 853 4310 1271 853 4311 1271 852 4312 1270 842 4313 1261 844 4314 1328 846 4315 1265 854 4316 1272 854 4317 1272 853 4318 1329 844 4319 1328 846 4320 1265 848 4321 1267 855 4322 1273 855 4323 1273 854 4324 1272 846 4325 1265 848 4326 1267 839 4327 1256 850 4328 1268 850 4329 1268 855 4330 1273 848 4331 1267 850 4332 1268 851 4333 1269 857 4334 1275 857 4335 1275 856 4336 1274 850 4337 1268 851 4338 1269 852 4339 1270 858 4340 1276 858 4341 1276 857 4342 1275 851 4343 1269 852 4344 1270 853 4345 1271 859 4346 1277 859 4347 1277 858 4348 1276 852 4349 1270 853 4350 1329 854 4351 1272 860 4352 1278 860 4353 1278 859 4354 1330 853 4355 1329 854 4356 1272 855 4357 1273 861 4358 1279 861 4359 1279 860 4360 1278 854 4361 1272 855 4362 1273 850 4363 1268 856 4364 1274 856 4365 1274 861 4366 1279 855 4367 1273 856 4368 1274 857 4369 1275 863 4370 1281 863 4371 1281 862 4372 1280 856 4373 1274 857 4374 1275 858 4375 1276 864 4376 1282 864 4377 1282 863 4378 1281 857 4379 1275 858 4380 1276 859 4381 1277 865 4382 1283 865 4383 1283 864 4384 1282 858 4385 1276 859 4386 1330 860 4387 1278 866 4388 1284 866 4389 1284 865 4390 1331 859 4391 1330 860 4392 1278 861 4393 1279 867 4394 1285 867 4395 1285 866 4396 1284 860 4397 1278 861 4398 1279 856 4399 1274 862 4400 1280 862 4401 1280 867 4402 1285 861 4403 1279 862 4404 1280 863 4405 1281 933 4406 1287 933 4407 1287 898 4408 1286 862 4409 1280 863 4410 1281 864 4411 1282 934 4412 1288 934 4413 1288 933 4414 1287 863 4415 1281 864 4416 1282 865 4417 1283 899 4418 1289 899 4419 1289 934 4420 1288 864 4421 1282 865 4422 1331 866 4423 1284 836 4424 1290 836 4425 1290 899 4426 1332 865 4427 1331 866 4428 1284 867 4429 1285 837 4430 1291 837 4431 1291 836 4432 1290 866 4433 1284 867 4434 1285 862 4435 1280 898 4436 1286 898 4437 1286 837 4438 1291 867 4439 1285 869 4440 1295 868 4441 1292 871 4442 1293 871 4443 1293 870 4444 1294 869 4445 1295 870 4446 1294 871 4447 1293 873 4448 1296 873 4449 1296 872 4450 1297 870 4451 1294 872 4452 1297 873 4453 1296 875 4454 1298 875 4455 1298 874 4456 1299 872 4457 1297 874 4458 1339 875 4459 1333 877 4460 1300 877 4461 1300 876 4462 1301 874 4463 1339 876 4464 1301 877 4465 1300 879 4466 1302 879 4467 1302 878 4468 1303 876 4469 1301 878 4470 1303 879 4471 1302 868 4472 1292 868 4473 1292 869 4474 1295 878 4475 1303 868 4476 1292 880 4477 1304 881 4478 1305 881 4479 1305 871 4480 1293 868 4481 1292 871 4482 1293 881 4483 1305 882 4484 1306 882 4485 1306 873 4486 1296 871 4487 1293 873 4488 1296 882 4489 1306 883 4490 1307 883 4491 1307 875 4492 1298 873 4493 1296 875 4494 1333 883 4495 1334 884 4496 1308 884 4497 1308 877 4498 1300 875 4499 1333 877 4500 1300 884 4501 1308 885 4502 1309 885 4503 1309 879 4504 1302 877 4505 1300 879 4506 1302 885 4507 1309 880 4508 1304 880 4509 1304 868 4510 1292 879 4511 1302 880 4512 1304 886 4513 1310 887 4514 1311 887 4515 1311 881 4516 1305 880 4517 1304 881 4518 1305 887 4519 1311 888 4520 1312 888 4521 1312 882 4522 1306 881 4523 1305 882 4524 1306 888 4525 1312 889 4526 1313 889 4527 1313 883 4528 1307 882 4529 1306 883 4530 1334 889 4531 1335 890 4532 1314 890 4533 1314 884 4534 1308 883 4535 1334 884 4536 1308 890 4537 1314 891 4538 1315 891 4539 1315 885 4540 1309 884 4541 1308 885 4542 1309 891 4543 1315 886 4544 1310 886 4545 1310 880 4546 1304 885 4547 1309 886 4548 1310 892 4549 1316 893 4550 1317 893 4551 1317 887 4552 1311 886 4553 1310 887 4554 1311 893 4555 1317 894 4556 1318 894 4557 1318 888 4558 1312 887 4559 1311 888 4560 1312 894 4561 1318 895 4562 1319 895 4563 1319 889 4564 1313 888 4565 1312 889 4566 1335 895 4567 1336 896 4568 1320 896 4569 1320 890 4570 1314 889 4571 1335 890 4572 1314 896 4573 1320 897 4574 1321 897 4575 1321 891 4576 1315 890 4577 1314 891 4578 1315 897 4579 1321 892 4580 1316 892 4581 1316 886 4582 1310 891 4583 1315 965 4584 1323 893 4585 1317 892 4586 1316 892 4587 1316 900 4588 1322 965 4589 1323 901 4590 1324 894 4591 1318 893 4592 1317 893 4593 1317 965 4594 1323 901 4595 1324 966 4596 1325 895 4597 1319 894 4598 1318 894 4599 1318 901 4600 1324 966 4601 1325 967 4602 1326 896 4603 1320 895 4604 1336 895 4605 1336 966 4606 1337 967 4607 1326 902 4608 1327 897 4609 1321 896 4610 1320 896 4611 1320 967 4612 1326 902 4613 1327 900 4614 1322 892 4615 1316 897 4616 1321 897 4617 1321 902 4618 1327 900 4619 1322 904 4620 1341 903 4621 1340 906 4622 1343 906 4623 1343 905 4624 1342 904 4625 1341 905 4626 1342 906 4627 1343 908 4628 1345 908 4629 1345 907 4630 1344 905 4631 1342 907 4632 1344 908 4633 1345 910 4634 1347 910 4635 1347 909 4636 1346 907 4637 1344 909 4638 1349 910 4639 1348 912 4640 1351 912 4641 1351 911 4642 1350 909 4643 1349 911 4644 1350 912 4645 1351 914 4646 1353 914 4647 1353 913 4648 1352 911 4649 1350 913 4650 1352 914 4651 1353 903 4652 1340 903 4653 1340 904 4654 1341 913 4655 1352 903 4656 1340 915 4657 1354 916 4658 1355 916 4659 1355 906 4660 1343 903 4661 1340 906 4662 1343 916 4663 1355 917 4664 1356 917 4665 1356 908 4666 1345 906 4667 1343 908 4668 1345 917 4669 1356 918 4670 1357 918 4671 1357 910 4672 1347 908 4673 1345 910 4674 1348 918 4675 1358 919 4676 1359 919 4677 1359 912 4678 1351 910 4679 1348 912 4680 1351 919 4681 1359 920 4682 1360 920 4683 1360 914 4684 1353 912 4685 1351 914 4686 1353 920 4687 1360 915 4688 1354 915 4689 1354 903 4690 1340 914 4691 1353 915 4692 1354 921 4693 1361 922 4694 1362 922 4695 1362 916 4696 1355 915 4697 1354 916 4698 1355 922 4699 1362 923 4700 1363 923 4701 1363 917 4702 1356 916 4703 1355 917 4704 1356 923 4705 1363 924 4706 1364 924 4707 1364 918 4708 1357 917 4709 1356 918 4710 1358 924 4711 1365 925 4712 1366 925 4713 1366 919 4714 1359 918 4715 1358 919 4716 1359 925 4717 1366 926 4718 1367 926 4719 1367 920 4720 1360 919 4721 1359 920 4722 1360 926 4723 1367 921 4724 1361 921 4725 1361 915 4726 1354 920 4727 1360 921 4728 1361 927 4729 1368 928 4730 1369 928 4731 1369 922 4732 1362 921 4733 1361 922 4734 1362 928 4735 1369 929 4736 1370 929 4737 1370 923 4738 1363 922 4739 1362 923 4740 1363 929 4741 1370 930 4742 1371 930 4743 1371 924 4744 1364 923 4745 1363 924 4746 1365 930 4747 1372 931 4748 1373 931 4749 1373 925 4750 1366 924 4751 1365 925 4752 1366 931 4753 1373 932 4754 1374 932 4755 1374 926 4756 1367 925 4757 1366 926 4758 1367 932 4759 1374 927 4760 1368 927 4761 1368 921 4762 1361 926 4763 1367 927 4764 1368 898 4765 1375 933 4766 1376 933 4767 1376 928 4768 1369 927 4769 1368 928 4770 1369 933 4771 1376 934 4772 1377 934 4773 1377 929 4774 1370 928 4775 1369 929 4776 1370 934 4777 1377 899 4778 1378 899 4779 1378 930 4780 1371 929 4781 1370 930 4782 1372 899 4783 1379 836 4784 1380 836 4785 1380 931 4786 1373 930 4787 1372 931 4788 1373 836 4789 1380 837 4790 1381 837 4791 1381 932 4792 1374 931 4793 1373 932 4794 1374 837 4795 1381 898 4796 1375 898 4797 1375 927 4798 1368 932 4799 1374 938 4800 1385 937 4801 1384 936 4802 1383 936 4803 1383 935 4804 1382 938 4805 1385 937 4806 1384 940 4807 1387 939 4808 1386 939 4809 1386 936 4810 1383 937 4811 1384 940 4812 1387 942 4813 1389 941 4814 1388 941 4815 1388 939 4816 1386 940 4817 1387 942 4818 1393 944 4819 1392 943 4820 1391 943 4821 1391 941 4822 1390 942 4823 1393 944 4824 1392 946 4825 1395 945 4826 1394 945 4827 1394 943 4828 1391 944 4829 1392 946 4830 1395 938 4831 1385 935 4832 1382 935 4833 1382 945 4834 1394 946 4835 1395 935 4836 1382 936 4837 1383 948 4838 1397 948 4839 1397 947 4840 1396 935 4841 1382 936 4842 1383 939 4843 1386 949 4844 1398 949 4845 1398 948 4846 1397 936 4847 1383 939 4848 1386 941 4849 1388 950 4850 1399 950 4851 1399 949 4852 1398 939 4853 1386 941 4854 1390 943 4855 1391 951 4856 1401 951 4857 1401 950 4858 1400 941 4859 1390 943 4860 1391 945 4861 1394 952 4862 1402 952 4863 1402 951 4864 1401 943 4865 1391 945 4866 1394 935 4867 1382 947 4868 1396 947 4869 1396 952 4870 1402 945 4871 1394 947 4872 1396 948 4873 1397 954 4874 1404 954 4875 1404 953 4876 1403 947 4877 1396 948 4878 1397 949 4879 1398 955 4880 1405 955 4881 1405 954 4882 1404 948 4883 1397 949 4884 1398 950 4885 1399 956 4886 1406 956 4887 1406 955 4888 1405 949 4889 1398 950 4890 1400 951 4891 1401 957 4892 1408 957 4893 1408 956 4894 1407 950 4895 1400 951 4896 1401 952 4897 1402 958 4898 1409 958 4899 1409 957 4900 1408 951 4901 1401 952 4902 1402 947 4903 1396 953 4904 1403 953 4905 1403 958 4906 1409 952 4907 1402 953 4908 1403 954 4909 1404 960 4910 1411 960 4911 1411 959 4912 1410 953 4913 1403 954 4914 1404 955 4915 1405 961 4916 1412 961 4917 1412 960 4918 1411 954 4919 1404 955 4920 1405 956 4921 1406 962 4922 1413 962 4923 1413 961 4924 1412 955 4925 1405 956 4926 1407 957 4927 1408 963 4928 1415 963 4929 1415 962 4930 1414 956 4931 1407 957 4932 1408 958 4933 1409 964 4934 1416 964 4935 1416 963 4936 1415 957 4937 1408 958 4938 1409 953 4939 1403 959 4940 1410 959 4941 1410 964 4942 1416 958 4943 1409 965 4944 1418 900 4945 1417 959 4946 1410 959 4947 1410 960 4948 1411 965 4949 1418 901 4950 1419 965 4951 1418 960 4952 1411 960 4953 1411 961 4954 1412 901 4955 1419 966 4956 1420 901 4957 1419 961 4958 1412 961 4959 1412 962 4960 1413 966 4961 1420 967 4962 1422 966 4963 1421 962 4964 1414 962 4965 1414 963 4966 1415 967 4967 1422 902 4968 1423 967 4969 1422 963 4970 1415 963 4971 1415 964 4972 1416 902 4973 1423 900 4974 1417 902 4975 1423 964 4976 1416 964 4977 1416 959 4978 1410 900 4979 1417 975 4980 1424 978 4981 1425 980 4982 1426 980 4983 1426 987 4984 1427 975 4985 1424 976 4986 1429 990 4987 1430 982 4988 1431 982 4989 1431 974 4990 1428 976 4991 1429 968 4992 1438 972 4993 1445 969 4994 1446 994 4995 1433 981 4996 1434 970 4997 1435 970 4998 1435 972 4999 1432 994 5000 1433 973 5001 1447 972 5002 1445 970 5003 1448 970 5004 1448 971 5005 1449 973 5006 1447 969 5007 1446 973 5008 1447 974 5009 1450 969 5010 1446 972 5011 1445 973 5012 1447 987 5013 1427 990 5014 1430 976 5015 1429 976 5016 1429 975 5017 1424 987 5018 1427 971 5019 1437 983 5020 1439 984 5021 1440 984 5022 1440 977 5023 1436 971 5024 1437 975 5025 1451 976 5026 1452 978 5027 1453 977 5028 1436 984 5029 1440 980 5030 1426 980 5031 1426 978 5032 1425 977 5033 1436 973 5034 1447 971 5035 1449 977 5036 1454 977 5037 1454 978 5038 1453 973 5039 1447 976 5040 1452 974 5041 1450 973 5042 1447 976 5043 1452 973 5044 1447 978 5045 1453 968 5046 1442 969 5047 1443 999 5048 1444 999 5049 1444 979 5050 1441 968 5051 1442 971 5052 1437 970 5053 1435 981 5054 1434 981 5055 1434 983 5056 1439 971 5057 1437 994 5058 1433 972 5059 1432 968 5060 1442 968 5061 1442 979 5062 1441 994 5063 1433 969 5064 1443 974 5065 1455 982 5066 1456 982 5067 1456 999 5068 1444 969 5069 1443 985 5070 1457 987 5071 1460 980 5072 1459 980 5073 1459 986 5074 1458 985 5075 1457 989 5076 1462 988 5077 1461 982 5078 1464 982 5079 1464 990 5080 1463 989 5081 1462 991 5082 1465 993 5083 1467 992 5084 1466 994 5085 1469 992 5086 1468 995 5087 1471 995 5088 1471 981 5089 1470 994 5090 1469 996 5091 1472 997 5092 1474 995 5093 1473 995 5094 1473 992 5095 1466 996 5096 1472 993 5097 1467 988 5098 1475 996 5099 1472 993 5100 1467 996 5101 1472 992 5102 1466 987 5103 1460 985 5104 1457 989 5105 1462 989 5106 1462 990 5107 1463 987 5108 1460 997 5109 1477 998 5110 1476 984 5111 1479 984 5112 1479 983 5113 1478 997 5114 1477 985 5115 1480 986 5116 1482 989 5117 1481 998 5118 1476 986 5119 1458 980 5120 1459 980 5121 1459 984 5122 1479 998 5123 1476 996 5124 1472 986 5125 1482 998 5126 1483 998 5127 1483 997 5128 1474 996 5129 1472 989 5130 1481 996 5131 1472 988 5132 1475 989 5133 1481 986 5134 1482 996 5135 1472 991 5136 1485 979 5137 1484 999 5138 1487 999 5139 1487 993 5140 1486 991 5141 1485 997 5142 1477 983 5143 1478 981 5144 1470 981 5145 1470 995 5146 1471 997 5147 1477 994 5148 1469 979 5149 1484 991 5150 1485 991 5151 1485 992 5152 1468 994 5153 1469 993 5154 1486 999 5155 1487 982 5156 1489 982 5157 1489 988 5158 1488 993 5159 1486 1008 5160 1503 1056 5161 1504 1032 5162 1491 1032 5163 1491 1000 5164 1490 1008 5165 1503 1001 5166 1494 1009 5167 1560 1008 5168 1561 1008 5169 1561 1000 5170 1553 1001 5171 1494 1003 5172 1555 1001 5173 1494 1000 5174 1553 1000 5175 1553 1002 5176 1554 1003 5177 1555 1003 5178 1493 1041 5179 1495 1033 5180 1496 1033 5181 1496 1001 5182 1492 1003 5183 1493 1005 5184 1557 1003 5185 1555 1002 5186 1554 1002 5187 1554 1004 5188 1556 1005 5189 1557 1005 5190 1497 1042 5191 1498 1041 5192 1495 1041 5193 1495 1003 5194 1493 1005 5195 1497 1007 5196 1559 1005 5197 1557 1004 5198 1556 1004 5199 1556 1006 5200 1558 1007 5201 1559 1007 5202 1499 1035 5203 1500 1042 5204 1498 1042 5205 1498 1005 5206 1497 1007 5207 1499 1034 5208 1502 1035 5209 1500 1007 5210 1499 1007 5211 1499 1006 5212 1501 1034 5213 1502 1008 5214 1561 1009 5215 1560 1011 5216 1563 1011 5217 1563 1010 5218 1562 1008 5219 1561 1009 5220 1506 1043 5221 1507 1067 5222 1508 1067 5223 1508 1011 5224 1505 1009 5225 1506 1010 5226 1562 1011 5227 1563 1013 5228 1565 1013 5229 1565 1012 5230 1564 1010 5231 1562 1011 5232 1505 1067 5233 1508 1036 5234 1510 1036 5235 1510 1013 5236 1509 1011 5237 1505 1012 5238 1564 1013 5239 1565 1015 5240 1567 1015 5241 1567 1014 5242 1566 1012 5243 1564 1013 5244 1509 1036 5245 1510 1044 5246 1512 1044 5247 1512 1015 5248 1511 1013 5249 1509 1016 5250 1513 1045 5251 1514 1073 5252 1524 1073 5253 1524 1024 5254 1523 1016 5255 1513 1017 5256 1570 1016 5257 1571 1024 5258 1579 1024 5259 1579 1025 5260 1578 1017 5261 1570 1016 5262 1571 1017 5263 1570 1019 5264 1573 1019 5265 1573 1018 5266 1572 1016 5267 1571 1017 5268 1516 1079 5269 1517 1046 5270 1518 1046 5271 1518 1019 5272 1515 1017 5273 1516 1018 5274 1572 1019 5275 1573 1021 5276 1575 1021 5277 1575 1020 5278 1574 1018 5279 1572 1019 5280 1515 1046 5281 1518 1082 5282 1520 1082 5283 1520 1021 5284 1519 1019 5285 1515 1020 5286 1574 1021 5287 1575 1023 5288 1577 1023 5289 1577 1022 5290 1576 1020 5291 1574 1021 5292 1519 1082 5293 1520 1037 5294 1522 1037 5295 1522 1023 5296 1521 1021 5297 1519 1027 5298 1581 1025 5299 1578 1024 5300 1579 1024 5301 1579 1026 5302 1580 1027 5303 1581 1027 5304 1526 1087 5305 1527 1038 5306 1528 1038 5307 1528 1025 5308 1525 1027 5309 1526 1029 5310 1583 1027 5311 1581 1026 5312 1580 1026 5313 1580 1028 5314 1582 1029 5315 1583 1029 5316 1529 1040 5317 1530 1087 5318 1527 1087 5319 1527 1027 5320 1526 1029 5321 1529 1031 5322 1585 1029 5323 1583 1028 5324 1582 1028 5325 1582 1030 5326 1584 1031 5327 1585 1031 5328 1531 1047 5329 1532 1040 5330 1530 1040 5331 1530 1029 5332 1529 1031 5333 1531 1092 5334 1534 1047 5335 1532 1031 5336 1531 1031 5337 1531 1030 5338 1533 1092 5339 1534 1043 5340 1507 1009 5341 1506 1001 5342 1492 1001 5343 1492 1033 5344 1496 1043 5345 1507 1002 5346 1536 1000 5347 1490 1032 5348 1491 1032 5349 1491 1048 5350 1535 1002 5351 1536 1004 5352 1538 1002 5353 1536 1048 5354 1535 1048 5355 1535 1049 5356 1537 1004 5357 1538 1008 5358 1503 1010 5359 1539 1050 5360 1540 1050 5361 1540 1056 5362 1504 1008 5363 1503 1010 5364 1539 1012 5365 1541 1093 5366 1542 1093 5367 1542 1050 5368 1540 1010 5369 1539 1014 5370 1544 1015 5371 1511 1044 5372 1512 1044 5373 1512 1094 5374 1543 1014 5375 1544 1079 5376 1517 1017 5377 1516 1025 5378 1525 1025 5379 1525 1038 5380 1528 1079 5381 1517 1016 5382 1513 1018 5383 1545 1051 5384 1546 1051 5385 1546 1045 5386 1514 1016 5387 1513 1018 5388 1545 1020 5389 1547 1052 5390 1548 1052 5391 1548 1051 5392 1546 1018 5393 1545 1022 5394 1550 1023 5395 1521 1037 5396 1522 1037 5397 1522 1053 5398 1549 1022 5399 1550 1026 5400 1552 1024 5401 1523 1073 5402 1524 1073 5403 1524 1095 5404 1551 1026 5405 1552 1028 5406 1569 1026 5407 1552 1095 5408 1551 1095 5409 1551 1039 5410 1568 1028 5411 1569 1055 5412 1587 1054 5413 1586 1032 5414 1589 1032 5415 1589 1056 5416 1588 1055 5417 1587 1057 5418 1590 1054 5419 1593 1055 5420 1592 1055 5421 1592 1058 5422 1591 1057 5423 1590 1060 5424 1595 1059 5425 1594 1054 5426 1593 1054 5427 1593 1057 5428 1590 1060 5429 1595 1060 5430 1597 1057 5431 1596 1033 5432 1599 1033 5433 1599 1041 5434 1598 1060 5435 1597 1062 5436 1601 1061 5437 1600 1059 5438 1594 1059 5439 1594 1060 5440 1595 1062 5441 1601 1062 5442 1602 1060 5443 1597 1041 5444 1598 1041 5445 1598 1042 5446 1603 1062 5447 1602 1064 5448 1605 1063 5449 1604 1061 5450 1600 1061 5451 1600 1062 5452 1601 1064 5453 1605 1064 5454 1606 1062 5455 1602 1042 5456 1603 1042 5457 1603 1035 5458 1607 1064 5459 1606 1034 5460 1609 1063 5461 1608 1064 5462 1606 1064 5463 1606 1035 5464 1607 1034 5465 1609 1055 5466 1592 1065 5467 1610 1066 5468 1611 1066 5469 1611 1058 5470 1591 1055 5471 1592 1058 5472 1613 1066 5473 1612 1067 5474 1615 1067 5475 1615 1043 5476 1614 1058 5477 1613 1065 5478 1610 1068 5479 1616 1069 5480 1617 1069 5481 1617 1066 5482 1611 1065 5483 1610 1066 5484 1612 1069 5485 1618 1036 5486 1619 1036 5487 1619 1067 5488 1615 1066 5489 1612 1068 5490 1616 1070 5491 1620 1071 5492 1621 1071 5493 1621 1069 5494 1617 1068 5495 1616 1069 5496 1618 1071 5497 1622 1044 5498 1623 1044 5499 1623 1036 5500 1619 1069 5501 1618 1072 5502 1624 1074 5503 1627 1073 5504 1626 1073 5505 1626 1045 5506 1625 1072 5507 1624 1075 5508 1628 1076 5509 1631 1074 5510 1630 1074 5511 1630 1072 5512 1629 1075 5513 1628 1072 5514 1629 1077 5515 1632 1078 5516 1633 1078 5517 1633 1075 5518 1628 1072 5519 1629 1075 5520 1635 1078 5521 1634 1046 5522 1637 1046 5523 1637 1079 5524 1636 1075 5525 1635 1077 5526 1632 1080 5527 1638 1081 5528 1639 1081 5529 1639 1078 5530 1633 1077 5531 1632 1078 5532 1634 1081 5533 1640 1082 5534 1641 1082 5535 1641 1046 5536 1637 1078 5537 1634 1080 5538 1638 1083 5539 1642 1084 5540 1643 1084 5541 1643 1081 5542 1639 1080 5543 1638 1081 5544 1640 1084 5545 1644 1037 5546 1645 1037 5547 1645 1082 5548 1641 1081 5549 1640 1086 5550 1647 1085 5551 1646 1074 5552 1630 1074 5553 1630 1076 5554 1631 1086 5555 1647 1086 5556 1649 1076 5557 1648 1038 5558 1651 1038 5559 1651 1087 5560 1650 1086 5561 1649 1089 5562 1653 1088 5563 1652 1085 5564 1646 1085 5565 1646 1086 5566 1647 1089 5567 1653 1089 5568 1654 1086 5569 1649 1087 5570 1650 1087 5571 1650 1040 5572 1655 1089 5573 1654 1091 5574 1657 1090 5575 1656 1088 5576 1652 1088 5577 1652 1089 5578 1653 1091 5579 1657 1091 5580 1658 1089 5581 1654 1040 5582 1655 1040 5583 1655 1047 5584 1659 1091 5585 1658 1092 5586 1661 1090 5587 1660 1091 5588 1658 1091 5589 1658 1047 5590 1659 1092 5591 1661 1043 5592 1614 1033 5593 1599 1057 5594 1596 1057 5595 1596 1058 5596 1613 1043 5597 1614 1059 5598 1663 1048 5599 1662 1032 5600 1589 1032 5601 1589 1054 5602 1586 1059 5603 1663 1061 5604 1665 1049 5605 1664 1048 5606 1662 1048 5607 1662 1059 5608 1663 1061 5609 1665 1055 5610 1587 1056 5611 1588 1050 5612 1667 1050 5613 1667 1065 5614 1666 1055 5615 1587 1065 5616 1666 1050 5617 1667 1093 5618 1669 1093 5619 1669 1068 5620 1668 1065 5621 1666 1070 5622 1671 1094 5623 1670 1044 5624 1623 1044 5625 1623 1071 5626 1622 1070 5627 1671 1079 5628 1636 1038 5629 1651 1076 5630 1648 1076 5631 1648 1075 5632 1635 1079 5633 1636 1072 5634 1624 1045 5635 1625 1051 5636 1673 1051 5637 1673 1077 5638 1672 1072 5639 1624 1077 5640 1672 1051 5641 1673 1052 5642 1675 1052 5643 1675 1080 5644 1674 1077 5645 1672 1083 5646 1677 1053 5647 1676 1037 5648 1645 1037 5649 1645 1084 5650 1644 1083 5651 1677 1085 5652 1679 1095 5653 1678 1073 5654 1626 1073 5655 1626 1074 5656 1627 1085 5657 1679 1088 5658 1681 1039 5659 1680 1095 5660 1678 1095 5661 1678 1085 5662 1679 1088 5663 1681 1174 5664 1686 1184 5665 1687 1097 5666 1688 1097 5667 1688 1172 5668 1689 1174 5669 1686 1175 5670 1691 1171 5671 1692 1099 5672 1693 1099 5673 1693 1098 5674 1690 1175 5675 1691 1171 5676 1692 1177 5677 1694 1165 5678 1695 1165 5679 1695 1099 5680 1693 1171 5681 1692 1102 5682 1717 1101 5683 1697 1104 5684 1700 1104 5685 1700 1103 5686 1716 1102 5687 1717 1181 5688 1696 1100 5689 1698 1166 5690 1699 1166 5691 1699 1179 5692 1701 1181 5693 1696 1185 5694 1704 1187 5695 1705 1168 5696 1706 1168 5697 1706 1105 5698 1703 1185 5699 1704 1165 5700 1708 1164 5701 1709 1166 5702 1710 1099 5703 1707 1165 5704 1708 1166 5705 1710 1100 5706 1702 1099 5707 1707 1166 5708 1710 1107 5709 1852 1144 5710 1746 1098 5711 1747 1182 5712 1712 1194 5713 1713 1195 5714 1714 1195 5715 1714 1196 5716 1715 1172 5717 1689 1182 5718 1712 1195 5719 1714 1172 5720 1689 1097 5721 1688 1182 5722 1712 1172 5723 1689 1197 5724 1718 1198 5725 1719 1199 5726 1720 1174 5727 1686 1197 5728 1718 1199 5729 1720 1184 5730 1687 1174 5731 1686 1199 5732 1720 1098 5733 1690 1099 5734 1693 1109 5735 1721 1109 5736 1721 1108 5737 1727 1098 5738 1690 1107 5739 1725 1098 5740 1722 1108 5741 1723 1108 5742 1723 1110 5743 1724 1107 5744 1725 1106 5745 1764 1107 5746 1711 1110 5747 1863 1110 5748 1863 1111 5749 1864 1106 5750 1764 1106 5751 1728 1111 5752 1726 1109 5753 1730 1109 5754 1730 1099 5755 1733 1106 5756 1728 1113 5757 1734 1112 5758 1729 1115 5759 1731 1115 5760 1731 1114 5761 1732 1113 5762 1734 1113 5763 1735 1114 5764 1737 1117 5765 1738 1117 5766 1738 1116 5767 1740 1113 5768 1735 1118 5769 1868 1116 5770 1866 1117 5771 1865 1117 5772 1865 1119 5773 1867 1118 5774 1868 1112 5775 1772 1118 5776 1745 1119 5777 1743 1119 5778 1743 1115 5779 1771 1112 5780 1772 1102 5781 1717 1121 5782 1775 1120 5783 1776 1120 5784 1776 1101 5785 1697 1102 5786 1717 1121 5787 1775 1123 5788 1781 1122 5789 1782 1122 5790 1782 1120 5791 1776 1121 5792 1775 1123 5793 1781 1125 5794 1785 1124 5795 1786 1124 5796 1786 1122 5797 1782 1123 5798 1781 1104 5799 1682 1127 5800 1787 1126 5801 1788 1126 5802 1788 1103 5803 1683 1104 5804 1682 1127 5805 1787 1129 5806 1789 1128 5807 1793 1128 5808 1793 1126 5809 1788 1127 5810 1787 1129 5811 1789 1131 5812 1794 1130 5813 1795 1130 5814 1795 1128 5815 1793 1129 5816 1789 1114 5817 1737 1133 5818 1796 1132 5819 1829 1132 5820 1829 1117 5821 1738 1114 5822 1737 1133 5823 1796 1135 5824 1830 1134 5825 1831 1134 5826 1831 1132 5827 1829 1133 5828 1796 1135 5829 1830 1130 5830 1795 1131 5831 1794 1131 5832 1794 1134 5833 1831 1135 5834 1830 1119 5835 1743 1137 5836 1832 1136 5837 1833 1136 5838 1833 1115 5839 1771 1119 5840 1743 1137 5841 1832 1139 5842 1834 1138 5843 1835 1138 5844 1835 1136 5845 1833 1137 5846 1832 1139 5847 1834 1124 5848 1786 1125 5849 1785 1125 5850 1785 1138 5851 1835 1139 5852 1834 1113 5853 1734 1108 5854 1727 1109 5855 1721 1109 5856 1721 1112 5857 1729 1113 5858 1734 1110 5859 1724 1108 5860 1723 1113 5861 1735 1113 5862 1735 1116 5863 1740 1110 5864 1724 1118 5865 1868 1111 5866 1864 1110 5867 1863 1110 5868 1863 1116 5869 1866 1118 5870 1868 1112 5871 1772 1109 5872 1730 1111 5873 1726 1111 5874 1726 1118 5875 1745 1112 5876 1772 1115 5877 1731 1136 5878 1736 1138 5879 1739 1138 5880 1739 1125 5881 1741 1123 5882 1742 1123 5883 1742 1121 5884 1744 1102 5885 1750 1138 5886 1739 1123 5887 1742 1102 5888 1750 1115 5889 1731 1138 5890 1739 1102 5891 1750 1102 5892 1750 1103 5893 1751 1126 5894 1752 1126 5895 1752 1128 5896 1755 1130 5897 1756 1102 5898 1750 1126 5899 1752 1130 5900 1756 1115 5901 1731 1102 5902 1750 1130 5903 1756 1130 5904 1756 1135 5905 1757 1133 5906 1758 1115 5907 1731 1130 5908 1756 1133 5909 1758 1114 5910 1732 1115 5911 1731 1133 5912 1758 1274 5913 1765 1185 5914 1704 1105 5915 1703 1105 5916 1703 1273 5917 1763 1274 5918 1765 1100 5919 1702 1096 5920 1748 1275 5921 1749 1275 5922 1749 1140 5923 1853 1100 5924 1702 1184 5925 1687 1200 5926 1766 1277 5927 1769 1277 5928 1769 1097 5929 1688 1184 5930 1687 1181 5931 1696 1201 5932 1770 1096 5933 1777 1096 5934 1777 1100 5935 1698 1181 5936 1696 1281 5937 1799 1278 5938 1792 1143 5939 1797 1143 5940 1797 1142 5941 1798 1281 5942 1799 1097 5943 1688 1277 5944 1769 1203 5945 1800 1203 5946 1800 1182 5947 1712 1097 5948 1688 1106 5949 1764 1140 5950 1753 1141 5951 1754 1141 5952 1754 1107 5953 1711 1106 5954 1764 1100 5955 1702 1140 5956 1853 1106 5957 1855 1144 5958 1746 1107 5959 1852 1141 5960 1854 1175 5961 1691 1098 5962 1690 1169 5963 1802 1169 5964 1802 1191 5965 1803 1175 5966 1691 1285 5967 1768 1204 5968 1767 1144 5969 1746 1144 5970 1746 1141 5971 1854 1285 5972 1768 1160 5973 1806 1205 5974 1807 1273 5975 1763 1273 5976 1763 1105 5977 1703 1160 5978 1806 1204 5979 1759 1206 5980 1760 1161 5981 1761 1161 5982 1761 1144 5983 1762 1204 5984 1759 1290 5985 1858 1207 5986 1773 1148 5987 1774 1148 5988 1774 1147 5989 1791 1290 5990 1858 1146 5991 1812 1149 5992 1809 1292 5993 1810 1292 5994 1810 1145 5995 1811 1146 5996 1812 1207 5997 1773 1202 5998 1859 1150 5999 1860 1150 6000 1860 1148 6001 1774 1207 6002 1773 1149 6003 1809 1143 6004 1797 1278 6005 1792 1278 6006 1792 1292 6007 1810 1149 6008 1809 1202 6009 1859 1281 6010 1861 1142 6011 1862 1142 6012 1862 1150 6013 1860 1202 6014 1859 1105 6015 1778 1168 6016 1779 1167 6017 1780 1167 6018 1780 1169 6019 1783 1098 6020 1747 1105 6021 1778 1167 6022 1780 1098 6023 1747 1144 6024 1746 1105 6025 1778 1098 6026 1747 1144 6027 1746 1152 6028 1784 1151 6029 1790 1151 6030 1790 1105 6031 1778 1144 6032 1746 1146 6033 1836 1154 6034 1837 1153 6035 1838 1153 6036 1838 1149 6037 1839 1146 6038 1836 1105 6039 1778 1151 6040 1790 1162 6041 1801 1162 6042 1801 1160 6043 1804 1105 6044 1778 1155 6045 1841 1163 6046 1842 1161 6047 1843 1161 6048 1843 1147 6049 1840 1155 6050 1841 1149 6051 1839 1153 6052 1838 1156 6053 1844 1156 6054 1844 1143 6055 1845 1149 6056 1839 1148 6057 1846 1157 6058 1847 1155 6059 1841 1155 6060 1841 1147 6061 1840 1148 6062 1846 1143 6063 1845 1156 6064 1844 1158 6065 1848 1158 6066 1848 1142 6067 1849 1143 6068 1845 1150 6069 1850 1159 6070 1851 1157 6071 1847 1157 6072 1847 1148 6073 1846 1150 6074 1850 1142 6075 1849 1158 6076 1848 1159 6077 1851 1159 6078 1851 1150 6079 1850 1142 6080 1849 1146 6081 1812 1145 6082 1811 1205 6083 1807 1205 6084 1807 1160 6085 1806 1146 6086 1812 1206 6087 1760 1290 6088 1858 1147 6089 1791 1147 6090 1791 1161 6091 1761 1206 6092 1760 1154 6093 1837 1146 6094 1836 1160 6095 1857 1160 6096 1857 1162 6097 1856 1154 6098 1837 1163 6099 1805 1152 6100 1685 1144 6101 1684 1144 6102 1684 1161 6103 1808 1163 6104 1805 1100 6105 1702 1106 6106 1855 1099 6107 1707 1177 6108 1694 1189 6109 1813 1164 6110 1814 1164 6111 1814 1165 6112 1695 1177 6113 1694 1179 6114 1701 1166 6115 1699 1164 6116 1814 1164 6117 1814 1189 6118 1813 1179 6119 1701 1187 6120 1705 1193 6121 1815 1167 6122 1816 1167 6123 1816 1168 6124 1706 1187 6125 1705 1191 6126 1803 1169 6127 1802 1167 6128 1816 1167 6129 1816 1193 6130 1815 1191 6131 1803 1174 6132 1686 1172 6133 1689 1170 6134 1817 1170 6135 1817 1173 6136 1818 1174 6137 1686 1171 6138 1692 1175 6139 1691 1173 6140 1818 1173 6141 1818 1170 6142 1817 1171 6143 1692 1177 6144 1694 1171 6145 1692 1170 6146 1817 1170 6147 1817 1176 6148 1819 1177 6149 1694 1181 6150 1696 1179 6151 1701 1178 6152 1820 1178 6153 1820 1180 6154 1821 1181 6155 1696 1187 6156 1705 1185 6157 1704 1183 6158 1822 1183 6159 1822 1186 6160 1823 1187 6161 1705 1194 6162 1713 1182 6163 1712 1180 6164 1821 1180 6165 1821 1178 6166 1820 1194 6167 1713 1195 6168 1714 1194 6169 1713 1178 6170 1820 1178 6171 1820 1188 6172 1824 1195 6173 1714 1196 6174 1715 1195 6175 1714 1188 6176 1824 1188 6177 1824 1176 6178 1819 1196 6179 1715 1172 6180 1689 1196 6181 1715 1176 6182 1819 1176 6183 1819 1170 6184 1817 1172 6185 1689 1197 6186 1718 1174 6187 1686 1173 6188 1818 1173 6189 1818 1190 6190 1825 1197 6191 1718 1198 6192 1719 1197 6193 1718 1190 6194 1825 1190 6195 1825 1192 6196 1826 1198 6197 1719 1199 6198 1720 1198 6199 1719 1192 6200 1826 1192 6201 1826 1186 6202 1823 1199 6203 1720 1184 6204 1687 1199 6205 1720 1186 6206 1823 1186 6207 1823 1183 6208 1822 1184 6209 1687 1185 6210 1704 1274 6211 1765 1319 6212 1827 1319 6213 1827 1183 6214 1822 1185 6215 1704 1200 6216 1766 1184 6217 1687 1183 6218 1822 1183 6219 1822 1319 6220 1827 1200 6221 1766 1201 6222 1770 1181 6223 1696 1180 6224 1821 1180 6225 1821 1320 6226 1828 1201 6227 1770 1182 6228 1712 1203 6229 1800 1320 6230 1828 1320 6231 1828 1180 6232 1821 1182 6233 1712 1175 6234 1691 1191 6235 1803 1190 6236 1825 1190 6237 1825 1173 6238 1818 1175 6239 1691 1189 6240 1813 1177 6241 1694 1176 6242 1819 1176 6243 1819 1188 6244 1824 1189 6245 1813 1179 6246 1701 1189 6247 1813 1188 6248 1824 1188 6249 1824 1178 6250 1820 1179 6251 1701 1193 6252 1815 1187 6253 1705 1186 6254 1823 1186 6255 1823 1192 6256 1826 1193 6257 1815 1191 6258 1803 1193 6259 1815 1192 6260 1826 1192 6261 1826 1190 6262 1825 1191 6263 1803 1208 6264 1869 1211 6265 1872 1210 6266 1871 1210 6267 1871 1209 6268 1870 1208 6269 1869 1213 6270 1874 1212 6271 1873 1215 6272 1876 1215 6273 1876 1214 6274 1875 1213 6275 1874 1214 6276 1875 1215 6277 1876 1217 6278 1878 1217 6279 1878 1216 6280 1877 1214 6281 1875 1221 6282 1882 1220 6283 1881 1219 6284 1880 1219 6285 1880 1218 6286 1879 1221 6287 1882 1222 6288 1883 1225 6289 1886 1224 6290 1885 1224 6291 1885 1223 6292 1884 1222 6293 1883 1227 6294 1888 1226 6295 1887 1229 6296 1890 1229 6297 1890 1228 6298 1889 1227 6299 1888 1224 6300 1895 1230 6301 1894 1217 6302 1893 1224 6303 1895 1217 6304 1893 1215 6305 1892 1223 6306 1891 1224 6307 1895 1215 6308 1892 1231 6309 1896 1212 6310 1898 1232 6311 1897 1211 6312 1872 1236 6313 1902 1235 6314 1901 1235 6315 1901 1234 6316 1900 1233 6317 1899 1211 6318 1872 1235 6319 1901 1233 6320 1899 1210 6321 1871 1211 6322 1872 1233 6323 1899 1239 6324 1905 1238 6325 1904 1237 6326 1903 1239 6327 1905 1237 6328 1903 1208 6329 1869 1209 6330 1870 1239 6331 1905 1208 6332 1869 1212 6333 1873 1241 6334 1907 1240 6335 1906 1240 6336 1906 1215 6337 1876 1212 6338 1873 1231 6339 1911 1242 6340 1910 1241 6341 1909 1241 6342 1909 1212 6343 1908 1231 6344 1911 1244 6345 1915 1243 6346 1914 1242 6347 1913 1242 6348 1913 1231 6349 1912 1244 6350 1915 1244 6351 1916 1215 6352 1919 1240 6353 1918 1240 6354 1918 1243 6355 1917 1244 6356 1916 1248 6357 1923 1247 6358 1922 1246 6359 1921 1246 6360 1921 1245 6361 1920 1248 6362 1923 1248 6363 1924 1250 6364 1927 1249 6365 1926 1249 6366 1926 1247 6367 1925 1248 6368 1924 1252 6369 1931 1251 6370 1930 1249 6371 1929 1249 6372 1929 1250 6373 1928 1252 6374 1931 1245 6375 1935 1246 6376 1934 1251 6377 1933 1251 6378 1933 1252 6379 1932 1245 6380 1935 1221 6381 1882 1218 6382 1879 1254 6383 1937 1254 6384 1937 1253 6385 1936 1221 6386 1882 1253 6387 1936 1254 6388 1937 1256 6389 1939 1256 6390 1939 1255 6391 1938 1253 6392 1936 1255 6393 1938 1256 6394 1939 1258 6395 1941 1258 6396 1941 1257 6397 1940 1255 6398 1938 1219 6399 1942 1220 6400 1945 1260 6401 1944 1260 6402 1944 1259 6403 1943 1219 6404 1942 1259 6405 1943 1260 6406 1944 1262 6407 1947 1262 6408 1947 1261 6409 1946 1259 6410 1943 1261 6411 1946 1262 6412 1947 1264 6413 1949 1264 6414 1949 1263 6415 1948 1261 6416 1946 1247 6417 1925 1249 6418 1926 1266 6419 1951 1266 6420 1951 1265 6421 1950 1247 6422 1925 1265 6423 1950 1266 6424 1951 1268 6425 1953 1268 6426 1953 1267 6427 1952 1265 6428 1950 1267 6429 1952 1268 6430 1953 1263 6431 1948 1263 6432 1948 1264 6433 1949 1267 6434 1952 1251 6435 1933 1246 6436 1934 1270 6437 1955 1270 6438 1955 1269 6439 1954 1251 6440 1933 1269 6441 1954 1270 6442 1955 1272 6443 1957 1272 6444 1957 1271 6445 1956 1269 6446 1954 1271 6447 1956 1272 6448 1957 1257 6449 1940 1257 6450 1940 1258 6451 1941 1271 6452 1956 1248 6453 1923 1245 6454 1920 1240 6455 1906 1240 6456 1906 1241 6457 1907 1248 6458 1923 1242 6459 1910 1250 6460 1927 1248 6461 1924 1248 6462 1924 1241 6463 1909 1242 6464 1910 1252 6465 1931 1250 6466 1928 1242 6467 1913 1242 6468 1913 1243 6469 1914 1252 6470 1931 1245 6471 1935 1252 6472 1932 1243 6473 1917 1243 6474 1917 1240 6475 1918 1245 6476 1935 1265 6477 1969 1267 6478 1968 1264 6479 1967 1264 6480 1967 1262 6481 1966 1260 6482 1965 1260 6483 1965 1220 6484 1964 1221 6485 1963 1264 6486 1967 1260 6487 1965 1221 6488 1963 1221 6489 1963 1253 6490 1962 1255 6491 1961 1255 6492 1961 1257 6493 1960 1272 6494 1959 1221 6495 1963 1255 6496 1961 1272 6497 1959 1272 6498 1959 1270 6499 1958 1246 6500 1921 1221 6501 1963 1272 6502 1959 1246 6503 1921 1264 6504 1967 1221 6505 1963 1246 6506 1921 1265 6507 1969 1264 6508 1967 1246 6509 1921 1247 6510 1922 1265 6511 1969 1246 6512 1921 1274 6513 1971 1273 6514 1970 1226 6515 1887 1226 6516 1887 1227 6517 1888 1274 6518 1971 1223 6519 1891 1276 6520 1974 1275 6521 1973 1275 6522 1973 1096 6523 1972 1223 6524 1891 1209 6525 1870 1210 6526 1871 1277 6527 1976 1277 6528 1976 1200 6529 1975 1209 6530 1870 1222 6531 1883 1223 6532 1884 1096 6533 1978 1096 6534 1978 1201 6535 1977 1222 6536 1883 1281 6537 1982 1280 6538 1981 1279 6539 1980 1279 6540 1980 1278 6541 1979 1281 6542 1982 1210 6543 1871 1233 6544 1899 1203 6545 1983 1203 6546 1983 1277 6547 1976 1210 6548 1871 1244 6549 1915 1231 6550 1912 1282 6551 1985 1282 6552 1985 1276 6553 1984 1244 6554 1915 1223 6555 1891 1244 6556 1986 1276 6557 1974 1232 6558 1897 1282 6559 1987 1231 6560 1896 1213 6561 1874 1284 6562 1989 1283 6563 1988 1283 6564 1988 1212 6565 1873 1213 6566 1874 1285 6567 1991 1282 6568 1987 1232 6569 1897 1232 6570 1897 1204 6571 1990 1285 6572 1991 1286 6573 1992 1226 6574 1887 1273 6575 1970 1273 6576 1970 1205 6577 1993 1286 6578 1992 1204 6579 1994 1232 6580 1997 1287 6581 1996 1287 6582 1996 1206 6583 1995 1204 6584 1994 1290 6585 2001 1289 6586 2000 1288 6587 1999 1288 6588 1999 1207 6589 1998 1290 6590 2001 1293 6591 2005 1145 6592 2004 1292 6593 2003 1292 6594 2003 1291 6595 2002 1293 6596 2005 1207 6597 1998 1288 6598 1999 1294 6599 2007 1294 6600 2007 1202 6601 2006 1207 6602 1998 1291 6603 2002 1292 6604 2003 1278 6605 1979 1278 6606 1979 1279 6607 1980 1291 6608 2002 1202 6609 2006 1294 6610 2007 1280 6611 2009 1280 6612 2009 1281 6613 2008 1202 6614 2006 1212 6615 1898 1283 6616 2013 1295 6617 2012 1295 6618 2012 1229 6619 2011 1226 6620 2010 1212 6621 1898 1295 6622 2012 1226 6623 2010 1232 6624 1897 1212 6625 1898 1226 6626 2010 1232 6627 1897 1226 6628 2010 1297 6629 2015 1297 6630 2015 1296 6631 2014 1232 6632 1897 1293 6633 2016 1291 6634 2019 1299 6635 2018 1299 6636 2018 1298 6637 2017 1293 6638 2016 1226 6639 2010 1286 6640 2021 1300 6641 2020 1300 6642 2020 1297 6643 2015 1226 6644 2010 1301 6645 2023 1289 6646 2022 1287 6647 2025 1287 6648 2025 1302 6649 2024 1301 6650 2023 1291 6651 2019 1279 6652 2027 1303 6653 2026 1303 6654 2026 1299 6655 2018 1291 6656 2019 1288 6657 2028 1289 6658 2022 1301 6659 2023 1301 6660 2023 1304 6661 2029 1288 6662 2028 1279 6663 2027 1280 6664 2031 1305 6665 2030 1305 6666 2030 1303 6667 2026 1279 6668 2027 1294 6669 2032 1288 6670 2028 1304 6671 2029 1304 6672 2029 1306 6673 2033 1294 6674 2032 1280 6675 2031 1294 6676 2032 1306 6677 2033 1306 6678 2033 1305 6679 2030 1280 6680 2031 1293 6681 2005 1286 6682 1992 1205 6683 1993 1205 6684 1993 1145 6685 2004 1293 6686 2005 1206 6687 1995 1287 6688 1996 1289 6689 2000 1289 6690 2000 1290 6691 2001 1206 6692 1995 1298 6693 2017 1300 6694 2034 1286 6695 2035 1286 6696 2035 1293 6697 2016 1298 6698 2017 1302 6699 2036 1287 6700 2039 1232 6701 2038 1232 6702 2038 1296 6703 2037 1302 6704 2036 1223 6705 1891 1215 6706 1892 1244 6707 1986 1216 6708 1877 1217 6709 1878 1230 6710 2041 1230 6711 2041 1307 6712 2040 1216 6713 1877 1225 6714 1886 1307 6715 2040 1230 6716 2041 1230 6717 2041 1224 6718 1885 1225 6719 1886 1228 6720 1889 1229 6721 1890 1295 6722 2043 1295 6723 2043 1308 6724 2042 1228 6725 1889 1284 6726 1989 1308 6727 2042 1295 6728 2043 1295 6729 2043 1283 6730 1988 1284 6731 1989 1208 6732 1869 1310 6733 2045 1309 6734 2044 1309 6735 2044 1211 6736 1872 1208 6737 1869 1214 6738 1875 1309 6739 2044 1310 6740 2045 1310 6741 2045 1213 6742 1874 1214 6743 1875 1216 6744 1877 1311 6745 2046 1309 6746 2044 1309 6747 2044 1214 6748 1875 1216 6749 1877 1222 6750 1883 1313 6751 2048 1312 6752 2047 1312 6753 2047 1225 6754 1886 1222 6755 1883 1228 6756 1889 1315 6757 2050 1314 6758 2049 1314 6759 2049 1227 6760 1888 1228 6761 1889 1234 6762 1900 1312 6763 2047 1313 6764 2048 1313 6765 2048 1233 6766 1899 1234 6767 1900 1235 6768 1901 1316 6769 2051 1312 6770 2047 1312 6771 2047 1234 6772 1900 1235 6773 1901 1236 6774 1902 1311 6775 2046 1316 6776 2051 1316 6777 2051 1235 6778 1901 1236 6779 1902 1211 6780 1872 1309 6781 2044 1311 6782 2046 1311 6783 2046 1236 6784 1902 1211 6785 1872 1237 6786 1903 1317 6787 2052 1310 6788 2045 1310 6789 2045 1208 6790 1869 1237 6791 1903 1238 6792 1904 1318 6793 2053 1317 6794 2052 1317 6795 2052 1237 6796 1903 1238 6797 1904 1239 6798 1905 1315 6799 2050 1318 6800 2053 1318 6801 2053 1238 6802 1904 1239 6803 1905 1209 6804 1870 1314 6805 2049 1315 6806 2050 1315 6807 2050 1239 6808 1905 1209 6809 1870 1227 6810 1888 1314 6811 2049 1319 6812 2054 1319 6813 2054 1274 6814 1971 1227 6815 1888 1200 6816 1975 1319 6817 2054 1314 6818 2049 1314 6819 2049 1209 6820 1870 1200 6821 1975 1201 6822 1977 1320 6823 2055 1313 6824 2048 1313 6825 2048 1222 6826 1883 1201 6827 1977 1233 6828 1899 1313 6829 2048 1320 6830 2055 1320 6831 2055 1203 6832 1983 1233 6833 1899 1213 6834 1874 1310 6835 2045 1317 6836 2052 1317 6837 2052 1284 6838 1989 1213 6839 1874 1307 6840 2040 1316 6841 2051 1311 6842 2046 1311 6843 2046 1216 6844 1877 1307 6845 2040 1225 6846 1886 1312 6847 2047 1316 6848 2051 1316 6849 2051 1307 6850 2040 1225 6851 1886 1308 6852 2042 1318 6853 2053 1315 6854 2050 1315 6855 2050 1228 6856 1889 1308 6857 2042 1284 6858 1989 1317 6859 2052 1318 6860 2053 1318 6861 2053 1308 6862 2042 1284 6863 1989 1321 6864 2056 1322 6865 2057 1328 6866 2061 1328 6867 2061 1327 6868 2062 1321 6869 2056 1322 6870 2093 1323 6871 2100 1329 6872 2332 1329 6873 2332 1328 6874 2333 1322 6875 2093 1323 6876 2058 1324 6877 2059 1330 6878 2060 1330 6879 2060 1329 6880 2065 1323 6881 2058 1324 6882 2059 1325 6883 2066 1331 6884 2067 1331 6885 2067 1330 6886 2060 1324 6887 2059 1325 6888 2095 1326 6889 2102 1332 6890 2346 1332 6891 2346 1331 6892 2347 1325 6893 2095 1326 6894 2063 1321 6895 2056 1327 6896 2062 1327 6897 2062 1332 6898 2064 1326 6899 2063 1333 6900 2070 1334 6901 2071 1340 6902 2075 1340 6903 2075 1339 6904 2076 1333 6905 2070 1334 6906 2334 1335 6907 2335 1341 6908 2336 1341 6909 2336 1340 6910 2337 1334 6911 2334 1335 6912 2072 1336 6913 2073 1342 6914 2074 1342 6915 2074 1341 6916 2079 1335 6917 2072 1336 6918 2073 1337 6919 2080 1343 6920 2081 1343 6921 2081 1342 6922 2074 1336 6923 2073 1337 6924 2348 1338 6925 2349 1344 6926 2350 1344 6927 2350 1343 6928 2351 1337 6929 2348 1338 6930 2077 1333 6931 2070 1339 6932 2076 1339 6933 2076 1344 6934 2078 1338 6935 2077 1339 6936 2076 1340 6937 2075 1346 6938 2082 1346 6939 2082 1345 6940 2083 1339 6941 2076 1340 6942 2337 1341 6943 2336 1347 6944 2338 1347 6945 2338 1346 6946 2339 1340 6947 2337 1341 6948 2079 1342 6949 2074 1348 6950 2086 1348 6951 2086 1347 6952 2087 1341 6953 2079 1342 6954 2074 1343 6955 2081 1349 6956 2088 1349 6957 2088 1348 6958 2086 1342 6959 2074 1343 6960 2351 1344 6961 2350 1350 6962 2352 1350 6963 2352 1349 6964 2353 1343 6965 2351 1344 6966 2078 1339 6967 2076 1345 6968 2083 1345 6969 2083 1350 6970 2371 1344 6971 2078 1345 6972 2084 1346 6973 2085 1352 6974 2089 1352 6975 2089 1351 6976 2090 1345 6977 2084 1346 6978 2339 1347 6979 2338 1353 6980 2340 1353 6981 2340 1352 6982 2341 1346 6983 2339 1347 6984 2094 1348 6985 2101 1354 6986 2296 1354 6987 2296 1353 6988 2297 1347 6989 2094 1348 6990 2101 1349 6991 2298 1355 6992 2299 1355 6993 2299 1354 6994 2296 1348 6995 2101 1349 6996 2353 1350 6997 2352 1356 6998 2354 1356 6999 2354 1355 7000 2355 1349 7001 2353 1350 7002 2091 1345 7003 2084 1351 7004 2090 1351 7005 2090 1356 7006 2092 1350 7007 2091 1351 7008 2090 1352 7009 2089 1358 7010 2096 1358 7011 2096 1357 7012 2097 1351 7013 2090 1352 7014 2341 1353 7015 2340 1359 7016 2342 1359 7017 2342 1358 7018 2343 1352 7019 2341 1353 7020 2297 1354 7021 2296 1360 7022 2300 1360 7023 2300 1359 7024 2301 1353 7025 2297 1354 7026 2296 1355 7027 2299 1361 7028 2302 1361 7029 2302 1360 7030 2300 1354 7031 2296 1355 7032 2355 1356 7033 2354 1362 7034 2356 1362 7035 2356 1361 7036 2357 1355 7037 2355 1356 7038 2092 1351 7039 2090 1357 7040 2097 1357 7041 2097 1362 7042 2098 1356 7043 2092 1357 7044 2097 1358 7045 2096 1364 7046 2099 1364 7047 2099 1363 7048 2103 1357 7049 2097 1358 7050 2343 1359 7051 2342 1365 7052 2344 1365 7053 2344 1364 7054 2345 1358 7055 2343 1359 7056 2301 1360 7057 2300 1366 7058 2303 1366 7059 2303 1365 7060 2304 1359 7061 2301 1360 7062 2300 1361 7063 2302 1367 7064 2305 1367 7065 2305 1366 7066 2303 1360 7067 2300 1361 7068 2357 1362 7069 2356 1368 7070 2358 1368 7071 2358 1367 7072 2359 1361 7073 2357 1362 7074 2098 1357 7075 2097 1363 7076 2103 1363 7077 2103 1368 7078 2104 1362 7079 2098 1363 7080 2068 1364 7081 2069 1322 7082 2057 1322 7083 2057 1321 7084 2056 1363 7085 2068 1364 7086 2345 1365 7087 2344 1323 7088 2100 1323 7089 2100 1322 7090 2093 1364 7091 2345 1365 7092 2106 1366 7093 2107 1324 7094 2059 1324 7095 2059 1323 7096 2058 1365 7097 2106 1366 7098 2107 1367 7099 2108 1325 7100 2066 1325 7101 2066 1324 7102 2059 1366 7103 2107 1367 7104 2359 1368 7105 2358 1326 7106 2102 1326 7107 2102 1325 7108 2095 1367 7109 2359 1368 7110 2105 1363 7111 2068 1321 7112 2056 1321 7113 2056 1326 7114 2063 1368 7115 2105 1369 7116 2109 1372 7117 2110 1371 7118 2111 1371 7119 2111 1370 7120 2112 1369 7121 2109 1370 7122 2372 1371 7123 2373 1374 7124 2374 1374 7125 2374 1373 7126 2375 1370 7127 2372 1373 7128 2123 1374 7129 2124 1376 7130 2125 1376 7131 2125 1375 7132 2126 1373 7133 2123 1375 7134 2126 1376 7135 2125 1378 7136 2127 1378 7137 2127 1377 7138 2128 1375 7139 2126 1377 7140 2388 1378 7141 2389 1380 7142 2390 1380 7143 2390 1379 7144 2391 1377 7145 2388 1379 7146 2115 1380 7147 2116 1372 7148 2117 1372 7149 2117 1369 7150 2118 1379 7151 2115 1381 7152 2133 1384 7153 2134 1383 7154 2135 1383 7155 2135 1382 7156 2136 1381 7157 2133 1382 7158 2376 1383 7159 2377 1386 7160 2378 1386 7161 2378 1385 7162 2379 1382 7163 2376 1385 7164 2137 1386 7165 2138 1388 7166 2139 1388 7167 2139 1387 7168 2140 1385 7169 2137 1387 7170 2140 1388 7171 2139 1390 7172 2141 1390 7173 2141 1389 7174 2142 1387 7175 2140 1389 7176 2392 1390 7177 2393 1392 7178 2394 1392 7179 2394 1391 7180 2395 1389 7181 2392 1391 7182 2143 1392 7183 2144 1384 7184 2134 1384 7185 2134 1381 7186 2133 1391 7187 2143 1384 7188 2134 1394 7189 2145 1393 7190 2146 1393 7191 2146 1383 7192 2135 1384 7193 2134 1383 7194 2377 1393 7195 2380 1395 7196 2381 1395 7197 2381 1386 7198 2378 1383 7199 2377 1386 7200 2138 1395 7201 2149 1396 7202 2150 1396 7203 2150 1388 7204 2139 1386 7205 2138 1388 7206 2139 1396 7207 2150 1397 7208 2151 1397 7209 2151 1390 7210 2141 1388 7211 2139 1390 7212 2393 1397 7213 2396 1398 7214 2397 1398 7215 2397 1392 7216 2394 1390 7217 2393 1392 7218 2144 1398 7219 2435 1394 7220 2145 1394 7221 2145 1384 7222 2134 1392 7223 2144 1394 7224 2121 1400 7225 2122 1399 7226 2129 1399 7227 2129 1393 7228 2130 1394 7229 2121 1393 7230 2380 1399 7231 2382 1401 7232 2383 1401 7233 2383 1395 7234 2381 1393 7235 2380 1395 7236 2156 1401 7237 2157 1402 7238 2158 1402 7239 2158 1396 7240 2163 1395 7241 2156 1396 7242 2163 1402 7243 2158 1403 7244 2164 1403 7245 2164 1397 7246 2165 1396 7247 2163 1397 7248 2396 1403 7249 2398 1404 7250 2399 1404 7251 2399 1398 7252 2397 1397 7253 2396 1398 7254 2147 1404 7255 2148 1400 7256 2152 1400 7257 2152 1394 7258 2153 1398 7259 2147 1400 7260 2122 1406 7261 2131 1405 7262 2132 1405 7263 2132 1399 7264 2129 1400 7265 2122 1399 7266 2382 1405 7267 2384 1407 7268 2385 1407 7269 2385 1401 7270 2383 1399 7271 2382 1401 7272 2157 1407 7273 2409 1408 7274 2410 1408 7275 2410 1402 7276 2158 1401 7277 2157 1402 7278 2158 1408 7279 2410 1409 7280 2411 1409 7281 2411 1403 7282 2164 1402 7283 2158 1403 7284 2398 1409 7285 2400 1410 7286 2401 1410 7287 2401 1404 7288 2399 1403 7289 2398 1404 7290 2148 1410 7291 2154 1406 7292 2155 1406 7293 2155 1400 7294 2152 1404 7295 2148 1406 7296 2159 1412 7297 2160 1411 7298 2161 1411 7299 2161 1405 7300 2162 1406 7301 2159 1405 7302 2384 1411 7303 2386 1413 7304 2387 1413 7305 2387 1407 7306 2385 1405 7307 2384 1407 7308 2409 1413 7309 2412 1414 7310 2413 1414 7311 2413 1408 7312 2410 1407 7313 2409 1408 7314 2410 1414 7315 2413 1415 7316 2414 1415 7317 2414 1409 7318 2411 1408 7319 2410 1409 7320 2400 1415 7321 2402 1416 7322 2403 1416 7323 2403 1410 7324 2401 1409 7325 2400 1410 7326 2166 1416 7327 2167 1412 7328 2168 1412 7329 2168 1406 7330 2169 1410 7331 2166 1412 7332 2113 1369 7333 2109 1370 7334 2112 1370 7335 2112 1411 7336 2114 1412 7337 2113 1411 7338 2386 1370 7339 2372 1373 7340 2375 1373 7341 2375 1413 7342 2387 1411 7343 2386 1413 7344 2170 1373 7345 2123 1375 7346 2126 1375 7347 2126 1414 7348 2171 1413 7349 2170 1414 7350 2171 1375 7351 2126 1377 7352 2128 1377 7353 2128 1415 7354 2172 1414 7355 2171 1415 7356 2402 1377 7357 2388 1379 7358 2391 1379 7359 2391 1416 7360 2403 1415 7361 2402 1416 7362 2119 1379 7363 2115 1369 7364 2118 1369 7365 2118 1412 7366 2120 1416 7367 2119 1417 7368 2182 1418 7369 2183 1424 7370 2187 1424 7371 2187 1423 7372 2188 1417 7373 2182 1418 7374 2177 1419 7375 2178 1425 7376 2179 1425 7377 2179 1424 7378 2184 1418 7379 2177 1419 7380 2185 1420 7381 2192 1426 7382 2234 1426 7383 2234 1425 7384 2241 1419 7385 2185 1420 7386 2192 1421 7387 2360 1427 7388 2361 1427 7389 2361 1426 7390 2234 1420 7391 2192 1421 7392 2186 1422 7393 2193 1428 7394 2200 1428 7395 2200 1427 7396 2201 1421 7397 2186 1422 7398 2189 1417 7399 2182 1423 7400 2188 1423 7401 2188 1428 7402 2190 1422 7403 2189 1429 7404 2196 1430 7405 2202 1436 7406 2203 1436 7407 2203 1435 7408 2209 1429 7409 2196 1430 7410 2191 1431 7411 2197 1437 7412 2198 1437 7413 2198 1436 7414 2204 1430 7415 2191 1431 7416 2199 1432 7417 2206 1438 7418 2306 1438 7419 2306 1437 7420 2307 1431 7421 2199 1432 7422 2206 1433 7423 2308 1439 7424 2309 1439 7425 2309 1438 7426 2306 1432 7427 2206 1433 7428 2207 1434 7429 2208 1440 7430 2214 1440 7431 2214 1439 7432 2221 1433 7433 2207 1434 7434 2404 1429 7435 2196 1435 7436 2209 1435 7437 2209 1440 7438 2405 1434 7439 2404 1435 7440 2209 1436 7441 2203 1442 7442 2406 1442 7443 2406 1441 7444 2407 1435 7445 2209 1436 7446 2204 1437 7447 2198 1443 7448 2205 1443 7449 2205 1442 7450 2212 1436 7451 2204 1437 7452 2307 1438 7453 2306 1444 7454 2310 1444 7455 2310 1443 7456 2311 1437 7457 2307 1438 7458 2306 1439 7459 2309 1445 7460 2312 1445 7461 2312 1444 7462 2310 1438 7463 2306 1439 7464 2221 1440 7465 2214 1446 7466 2228 1446 7467 2228 1445 7468 2235 1439 7469 2221 1440 7470 2405 1435 7471 2209 1441 7472 2407 1441 7473 2407 1446 7474 2408 1440 7475 2405 1441 7476 2173 1442 7477 2174 1448 7478 2175 1448 7479 2175 1447 7480 2176 1441 7481 2173 1442 7482 2212 1443 7483 2205 1449 7484 2219 1449 7485 2219 1448 7486 2226 1442 7487 2212 1443 7488 2213 1444 7489 2220 1450 7490 2227 1450 7491 2227 1449 7492 2313 1443 7493 2213 1444 7494 2220 1445 7495 2314 1451 7496 2315 1451 7497 2315 1450 7498 2227 1444 7499 2220 1445 7500 2235 1446 7501 2228 1452 7502 2242 1452 7503 2242 1451 7504 2417 1445 7505 2235 1446 7506 2210 1441 7507 2211 1447 7508 2215 1447 7509 2215 1452 7510 2216 1446 7511 2210 1447 7512 2176 1448 7513 2175 1454 7514 2180 1454 7515 2180 1453 7516 2181 1447 7517 2176 1448 7518 2226 1449 7519 2219 1455 7520 2233 1455 7521 2233 1454 7522 2240 1448 7523 2226 1449 7524 2313 1450 7525 2227 1456 7526 2316 1456 7527 2316 1455 7528 2317 1449 7529 2313 1450 7530 2227 1451 7531 2315 1457 7532 2318 1457 7533 2318 1456 7534 2316 1450 7535 2227 1451 7536 2417 1452 7537 2242 1458 7538 2418 1458 7539 2418 1457 7540 2419 1451 7541 2417 1452 7542 2216 1447 7543 2215 1453 7544 2217 1453 7545 2217 1458 7546 2218 1452 7547 2216 1453 7548 2222 1454 7549 2223 1460 7550 2224 1460 7551 2224 1459 7552 2225 1453 7553 2222 1454 7554 2240 1455 7555 2233 1461 7556 2415 1461 7557 2415 1460 7558 2416 1454 7559 2240 1455 7560 2317 1456 7561 2316 1462 7562 2319 1462 7563 2319 1461 7564 2320 1455 7565 2317 1456 7566 2316 1457 7567 2318 1463 7568 2321 1463 7569 2321 1462 7570 2319 1456 7571 2316 1457 7572 2419 1458 7573 2418 1464 7574 2420 1464 7575 2420 1463 7576 2421 1457 7577 2419 1458 7578 2229 1453 7579 2230 1459 7580 2231 1459 7581 2231 1464 7582 2232 1458 7583 2229 1459 7584 2194 1460 7585 2195 1418 7586 2183 1418 7587 2183 1417 7588 2182 1459 7589 2194 1460 7590 2416 1461 7591 2415 1419 7592 2178 1419 7593 2178 1418 7594 2177 1460 7595 2416 1461 7596 2362 1462 7597 2363 1420 7598 2192 1420 7599 2192 1419 7600 2185 1461 7601 2362 1462 7602 2363 1463 7603 2364 1421 7604 2360 1421 7605 2360 1420 7606 2192 1462 7607 2363 1463 7608 2421 1464 7609 2420 1422 7610 2193 1422 7611 2193 1421 7612 2186 1463 7613 2421 1464 7614 2238 1459 7615 2194 1417 7616 2182 1417 7617 2182 1422 7618 2189 1464 7619 2238 1465 7620 2236 1468 7621 2237 1467 7622 2239 1467 7623 2239 1466 7624 2243 1465 7625 2236 1466 7626 2249 1467 7627 2250 1470 7628 2262 1470 7629 2262 1469 7630 2263 1466 7631 2249 1469 7632 2251 1470 7633 2252 1472 7634 2291 1472 7635 2291 1471 7636 2294 1469 7637 2251 1471 7638 2294 1472 7639 2291 1474 7640 2422 1474 7641 2422 1473 7642 2423 1471 7643 2294 1473 7644 2253 1474 7645 2254 1476 7646 2266 1476 7647 2266 1475 7648 2267 1473 7649 2253 1475 7650 2246 1476 7651 2247 1468 7652 2248 1468 7653 2248 1465 7654 2255 1475 7655 2246 1477 7656 2258 1480 7657 2259 1479 7658 2260 1479 7659 2260 1478 7660 2261 1477 7661 2258 1478 7662 2273 1479 7663 2276 1482 7664 2278 1482 7665 2278 1481 7666 2283 1478 7667 2273 1481 7668 2264 1482 7669 2265 1484 7670 2274 1484 7671 2274 1483 7672 2365 1481 7673 2264 1483 7674 2365 1484 7675 2274 1486 7676 2366 1486 7677 2366 1485 7678 2367 1483 7679 2365 1485 7680 2275 1486 7681 2280 1488 7682 2281 1488 7683 2281 1487 7684 2287 1485 7685 2275 1487 7686 2268 1488 7687 2269 1480 7688 2259 1480 7689 2259 1477 7690 2258 1487 7691 2268 1480 7692 2259 1490 7693 2270 1489 7694 2271 1489 7695 2271 1479 7696 2260 1480 7697 2259 1479 7698 2276 1489 7699 2285 1491 7700 2290 1491 7701 2290 1482 7702 2278 1479 7703 2276 1482 7704 2265 1491 7705 2368 1492 7706 2369 1492 7707 2369 1484 7708 2274 1482 7709 2265 1484 7710 2274 1492 7711 2369 1493 7712 2370 1493 7713 2370 1486 7714 2366 1484 7715 2274 1486 7716 2280 1493 7717 2288 1494 7718 2292 1494 7719 2292 1488 7720 2281 1486 7721 2280 1488 7722 2269 1494 7723 2272 1490 7724 2270 1490 7725 2270 1480 7726 2259 1488 7727 2269 1490 7728 2277 1496 7729 2282 1495 7730 2284 1495 7731 2284 1489 7732 2289 1490 7733 2277 1489 7734 2285 1495 7735 2293 1497 7736 2436 1497 7737 2436 1491 7738 2290 1489 7739 2285 1491 7740 2279 1497 7741 2286 1498 7742 2322 1498 7743 2322 1492 7744 2323 1491 7745 2279 1492 7746 2323 1498 7747 2322 1499 7748 2324 1499 7749 2324 1493 7750 2325 1492 7751 2323 1493 7752 2288 1499 7753 2295 1500 7754 2441 1500 7755 2441 1494 7756 2292 1493 7757 2288 1494 7758 2427 1500 7759 2428 1496 7760 2282 1496 7761 2282 1490 7762 2277 1494 7763 2427 1496 7764 2282 1502 7765 2429 1501 7766 2430 1501 7767 2430 1495 7768 2284 1496 7769 2282 1495 7770 2293 1501 7771 2437 1503 7772 2438 1503 7773 2438 1497 7774 2436 1495 7775 2293 1497 7776 2286 1503 7777 2326 1504 7778 2327 1504 7779 2327 1498 7780 2322 1497 7781 2286 1498 7782 2322 1504 7783 2327 1505 7784 2328 1505 7785 2328 1499 7786 2324 1498 7787 2322 1499 7788 2295 1505 7789 2442 1506 7790 2443 1506 7791 2443 1500 7792 2441 1499 7793 2295 1500 7794 2428 1506 7795 2431 1502 7796 2429 1502 7797 2429 1496 7798 2282 1500 7799 2428 1502 7800 2429 1508 7801 2432 1507 7802 2433 1507 7803 2433 1501 7804 2430 1502 7805 2429 1501 7806 2437 1507 7807 2439 1509 7808 2440 1509 7809 2440 1503 7810 2438 1501 7811 2437 1503 7812 2326 1509 7813 2329 1510 7814 2330 1510 7815 2330 1504 7816 2327 1503 7817 2326 1504 7818 2327 1510 7819 2330 1511 7820 2331 1511 7821 2331 1505 7822 2328 1504 7823 2327 1505 7824 2442 1511 7825 2444 1512 7826 2445 1512 7827 2445 1506 7828 2443 1505 7829 2442 1506 7830 2431 1512 7831 2434 1508 7832 2432 1508 7833 2432 1502 7834 2429 1506 7835 2431 1508 7836 2244 1465 7837 2236 1466 7838 2243 1466 7839 2243 1507 7840 2245 1508 7841 2244 1507 7842 2439 1466 7843 2249 1469 7844 2263 1469 7845 2263 1509 7846 2440 1507 7847 2439 1509 7848 2424 1469 7849 2251 1471 7850 2294 1471 7851 2294 1510 7852 2425 1509 7853 2424 1510 7854 2425 1471 7855 2294 1473 7856 2423 1473 7857 2423 1511 7858 2426 1510 7859 2425 1511 7860 2444 1473 7861 2253 1475 7862 2267 1475 7863 2267 1512 7864 2445 1511 7865 2444 1512 7866 2256 1475 7867 2246 1465 7868 2255 1465 7869 2255 1508 7870 2257 1512 7871 2256</p>
        </triangles>
      </mesh>
    </geometry>
  </library_geometries>
  <library_visual_scenes>
    <visual_scene id="largeammocan" name="largeammocan">
      <node name="AmmCanLarge" id="AmmCanLarge" layer="AmmoCrate" sid="AmmCanLarge">
        <matrix sid="matrix">2.509300 0.000000 0.000000 0.000000 0.000000 2.509300 0.000000 0.000000 0.000000 0.000000 2.509300 0.000000 0.000000 0.000000 0.000000 1.000000</matrix>
        <instance_geometry url="#AmmCanLarge-lib">
          <bind_material>
            <technique_common>
              <instance_material symbol="FBXASC0481FBXASC032-FBXASC032Default" target="#FBXASC0481FBXASC032-FBXASC032Default"/>
            </technique_common>
          </bind_material>
        </instance_geometry>
        <extra>
          <technique profile="FCOLLADA">
            <visibility>1.000000</visibility>
          </technique>
        </extra>
      </node>
      <extra>
        <technique profile="MAX3D">
          <frame_rate>30.000000</frame_rate>
        </technique>
        <technique profile="FCOLLADA">
          <start_time>0.000000</start_time>
          <end_time>3.333333</end_time>
        </technique>
      </extra>
    </visual_scene>
  </library_visual_scenes>
  <scene>
    <instance_visual_scene url="#largeammocan"/>
  </scene>
</COLLADA>
